collab_id,project_upid,project_name,country,country_code,registry,methodology,role,org_name_raw,company_name_resolved,company_country,org_type,website,linkedin,contact_name,contact_role,contact_email,confidence,source_url,notes
C0001,UP-ID000349-4,BWC Sustainable Landfill Gas Recovery Programme of Activities in Indonesia,Indonesia,ID,CDM,ACM0001 ver. 12,developer,PT Blue World Indonesia (BWC),,,,,,,,,,,
C0002,UP-ID000349-4,BWC Sustainable Landfill Gas Recovery Programme of Activities in Indonesia,Indonesia,ID,CDM,ACM0001 ver. 12,verifier (VVB),KBS Certification Services Pvt. Ltd (KBS),,,,,,,,,,,
C0003,UP-VN001363-3,THUAN NHIEN PHONG WIND POWER PROJECT,Vietnam,VN,CDM,ACM0002 12.3.0,developer,Asia Renewable Energy corporation,,,,,,,,,,,
C0004,UP-VN001363-3,THUAN NHIEN PHONG WIND POWER PROJECT,Vietnam,VN,CDM,ACM0002 12.3.0,verifier (VVB),Colombian Institute for Technical Standards and Certification (ICONTEC),,,,,,,,,,,
C0005,UP-MY062877-2,Ulu Jelai Hydropower Plant Project,Malaysia,MY,CDM,ACM0002 13.0.0,developer,Tenaga Nasional Berhad,,,,,,,,,,,
C0006,UP-MY062877-2,Ulu Jelai Hydropower Plant Project,Malaysia,MY,CDM,ACM0002 13.0.0,verifier (VVB),Det Norske Veritas- CUK,,,,,,,,,,,
C0007,UP-VN001109-2,"Calofic Biomass Steam Plant in Can Tho, Vietnam",Vietnam,VN,CDM,AMS-I.C.; AMS-III.E.,developer,Cai Lan Oils and Fats Industries Ltd.,,,,,,,,,,,
C0008,UP-VN001109-2,"Calofic Biomass Steam Plant in Can Tho, Vietnam",Vietnam,VN,CDM,AMS-I.C.; AMS-III.E.,verifier (VVB),TÜV Rheinland (China) Ltd. (TÜV Rheinland),,,,,,,,,,,
C0009,UP-ID000125-4,Distribution of Sustainable Biogas Recovery System in Indonesia,Indonesia,ID,CDM,ACM0014 ver. 8; AMS-I.A. ver. 17; AMS-I.C. ver. 21; AMS-I.D. ver. 18; AMS-I.F. ver. 3; AMS-III.H. ver. 19,developer,PT. Green Global Lestari,,,,,,,,,,,
C0010,UP-ID000125-4,Distribution of Sustainable Biogas Recovery System in Indonesia,Indonesia,ID,CDM,ACM0014 ver. 8; AMS-I.A. ver. 17; AMS-I.C. ver. 21; AMS-I.D. ver. 18; AMS-I.F. ver. 3; AMS-III.H. ver. 19,verifier (VVB),KBS Certification Services Pvt. Ltd (KBS),,,,,,,,,,,
C0011,UP-ID000225-3,"Methane Recovery in Wastewater Treatment, Project AIN07-W-05, Sumatera Utara, Indonesia",Indonesia,ID,CDM,AMS-III.H. 9.0,developer,PT AES AgriVerde Indonesia,,,,,,,,,,,
C0012,UP-ID000225-3,"Methane Recovery in Wastewater Treatment, Project AIN07-W-05, Sumatera Utara, Indonesia",Indonesia,ID,CDM,AMS-III.H. 9.0,verifier (VVB),TÜV SÜD South Asia Private Limited (TÜV SÜD),,,,,,,,,,,
C0013,UP-VN001131-4,Methane Recovery and Utilization Project at Ha Nam EMJ Joint Stock Company,Vietnam,VN,CDM,AMS-I.C.; AMS-III.H.,developer,Ha Nam EMJ Joint Stock Company,,,,,,,,,,,
C0014,UP-VN001131-4,Methane Recovery and Utilization Project at Ha Nam EMJ Joint Stock Company,Vietnam,VN,CDM,AMS-I.C.; AMS-III.H.,verifier (VVB),RWTÜV GmbH,,,,,,,,,,,
C0015,UP-ID000160-0,"Organic Waste Composting at PTS Palm Oil Mill, Indonesia",Indonesia,ID,CDM,AM0039,developer,PT. Prakarsa Tani Sejati,,,,,,,,,,,
C0016,UP-ID000160-0,"Organic Waste Composting at PTS Palm Oil Mill, Indonesia",Indonesia,ID,CDM,AM0039,verifier (VVB),TÜV Rheinland (China) Ltd. (TÜV Rheinland),,,,,,,,,,,
C0017,UP-MY062756-8,"KKSL Lekir Biogas Project, Project BCM07_SLK_14",Malaysia,MY,CDM,AMS-III.H. 6.0,developer,Kilang Kelapa Sawit Lekir Sdn. Bhd,,,,,,,,,,,
C0018,UP-MY062756-8,"KKSL Lekir Biogas Project, Project BCM07_SLK_14",Malaysia,MY,CDM,AMS-III.H. 6.0,verifier (VVB),TÜV Rheinland (China) Ltd. (TÜV Rheinland),,,,,,,,,,,
C0019,UP-TH967621-5,Introduction of 0.97 MW Rooftop Solar Power System for Fishery Net Factory,Thailand,TH,JCM,TH_AM001 Ver2.0,developer,"Siam Brothers Corp., Ltd.",,,,,,,,,,,
C0020,UP-TH967621-5,Introduction of 0.97 MW Rooftop Solar Power System for Fishery Net Factory,Thailand,TH,JCM,TH_AM001 Ver2.0,verifier (VVB),EPIC Sustainability Services Private Limited (EPIC),,,,,,,,,,,
C0021,UP-KH000063-9,Introduction of 1MW Solar Power System and High Efficiency Centrifugal Chiller in Large Shopping Mall,Cambodia,KH,JCM,KH_AM002 Ver1.0; KH_AM003 Ver1.0,developer,"Aeon Mall (Cambodia) Co., Ltd.",,,,,,,,,,,
C0022,UP-KH000063-9,Introduction of 1MW Solar Power System and High Efficiency Centrifugal Chiller in Large Shopping Mall,Cambodia,KH,JCM,KH_AM002 Ver1.0; KH_AM003 Ver1.0,verifier (VVB),Japan Management Association,,,,,,,,,,,
C0023,UP-PH960427-4,"Tarlac Everlasting Farms, Inc. and Tarlac Sentra Farms, Inc. Methane Recovery and Electricity Generation Project",Philippines,PH,CDM,AMS-III.D.,developer,"Tarlac Everlasting Farms, Inc",,,,,,,,,,,
C0024,UP-PH960427-4,"Tarlac Everlasting Farms, Inc. and Tarlac Sentra Farms, Inc. Methane Recovery and Electricity Generation Project",Philippines,PH,CDM,AMS-III.D.,verifier (VVB),Det Norske Veritas- CUK,,,,,,,,,,,
C0025,UP-MM000057-7,Mandalay Thaung Inn Myauk Inn Landfill Methane Recovery Project,Myanmar,MM,CDM,AMS-III.G. 10.0,developer,"Korea East-West Power Company, HANATECH",,,,,,,,,,,
C0026,UP-MM000057-7,Mandalay Thaung Inn Myauk Inn Landfill Methane Recovery Project,Myanmar,MM,CDM,AMS-III.G. 10.0,verifier (VVB),Korea Testing & Research Institute (KTR),,,,,,,,,,,
C0027,UP-MY062775-5,Composting of solid biomass waste separated from the Palm Oil Mill Effluent (POME) through the use of AVC Sludge Dewatering System at Banting Palm Oil Mill Sdn. Bhd.,Malaysia,MY,CDM,AMS-III.F. 5.0,developer,Brite-Tech Ventures Sdn. Bhd.,,,,,,,,,,,
C0028,UP-MY062775-5,Composting of solid biomass waste separated from the Palm Oil Mill Effluent (POME) through the use of AVC Sludge Dewatering System at Banting Palm Oil Mill Sdn. Bhd.,Malaysia,MY,CDM,AMS-III.F. 5.0,verifier (VVB),TÜV Rheinland (China) Ltd. (TÜV Rheinland),,,,,,,,,,,
C0029,UP-MY062735-4,Kunak Jaya Bio Energy Plant,Malaysia,MY,CDM,ACM0006 4.0,developer,TSH-Wilmar (BF) Sdn Bhd,,,,,,,,,,,
C0030,UP-MY062735-4,Kunak Jaya Bio Energy Plant,Malaysia,MY,CDM,ACM0006 4.0,verifier (VVB),Det Norske Veritas- CUK,,,,,,,,,,,
C0031,UP-ID000336-9,Semarang MSW Composting Project,Indonesia,ID,CDM,AM0025 13.0.0,developer,PT. Narpati Agung Karya Persada Lestari,,,,,,,,,,,
C0032,UP-ID000336-9,Semarang MSW Composting Project,Indonesia,ID,CDM,AM0025 13.0.0,verifier (VVB),RWTÜV GmbH,,,,,,,,,,,
C0033,UP-VN001231-3,"DakRTih Hydropower Project, Vietnam",Vietnam,VN,CDM,ACM0002 11.0,developer,Construction Corporation No 1 Company Ltd.,,,,,,,,,,,
C0034,UP-VN001231-3,"DakRTih Hydropower Project, Vietnam",Vietnam,VN,CDM,ACM0002 11.0,verifier (VVB),Swiss Association for Quality and Management Systems,,,,,,,,,,,
C0035,UP-ID000269-0,"Hutama Green Energy Methane Capture and Utilization Project at Starch Tapioca Bandar Mataram, Central Lampung, Indonesia",Indonesia,ID,CDM,ACM0014 4.1.0,developer,PT. Hutama Global Energy,,,,,,,,,,,
C0036,UP-ID000269-0,"Hutama Green Energy Methane Capture and Utilization Project at Starch Tapioca Bandar Mataram, Central Lampung, Indonesia",Indonesia,ID,CDM,ACM0014 4.1.0,verifier (VVB),RWTÜV GmbH,,,,,,,,,,,
C0037,UP-TH966726-1,"C.P.A.T tapioca processing wastewater biogas extraction and utilization project, Nakhonratchasima Province, Kingdom of Thailand",Thailand,TH,CDM,AM0022,developer,Corn Products Amardass (Thailand) Ltd.,,,,,,,,,,,
C0038,UP-TH966726-1,"C.P.A.T tapioca processing wastewater biogas extraction and utilization project, Nakhonratchasima Province, Kingdom of Thailand",Thailand,TH,CDM,AM0022,verifier (VVB),Det Norske Veritas- CUK,,,,,,,,,,,
C0039,UP-TH966782-2,Sangpetch Tapioca Flour Wastewater Treatment and Energy Generation Project in Thailand,Thailand,TH,CDM,AMS-I.C.; AMS-I.D.; AMS-III.H.,developer,"Mama Development Co.,Ltd",,,,,,,,,,,
C0040,UP-TH966782-2,Sangpetch Tapioca Flour Wastewater Treatment and Energy Generation Project in Thailand,Thailand,TH,CDM,AMS-I.C.; AMS-I.D.; AMS-III.H.,verifier (VVB),SGS United Kingdom Limited (SGS),,,,,,,,,,,
C0041,UP-ID000355-5,Biogas recovery from wastewater treatment in PT. Umbul Mas Wisesa Palm Oil Mill,Indonesia,ID,CDM,AMS-III.H. 16.0,developer,PT Umbul Mas Wisesa,,,,,,,,,,,
C0042,UP-ID000355-5,Biogas recovery from wastewater treatment in PT. Umbul Mas Wisesa Palm Oil Mill,Indonesia,ID,CDM,AMS-III.H. 16.0,verifier (VVB),SIRIM QAS INTERNATIONAL SDN.BHD (SIRIM),,,,,,,,,,,
C0043,UP-MY062861-0,Maju Intan Biomass Energy Power Plant Project,Malaysia,MY,CDM,AMS-I.D. 17.0; AMS-III.E. 16.0,developer,Maju Intan Biomass Energy Sdn. Bhd.,,,,,,,,,,,
C0044,UP-MY062861-0,Maju Intan Biomass Energy Power Plant Project,Malaysia,MY,CDM,AMS-I.D. 17.0; AMS-III.E. 16.0,verifier (VVB),SIRIM QAS INTERNATIONAL SDN.BHD (SIRIM),,,,,,,,,,,
C0045,UP-ID000159-3,"Organic Waste Composting at PTS Palm Oil Mill, Indonesia",Indonesia,ID,CDM,AM0039,developer,PT. Prakarsa Tani Sejati,,,,,,,,,,,
C0046,UP-ID000159-3,"Organic Waste Composting at PTS Palm Oil Mill, Indonesia",Indonesia,ID,CDM,AM0039,verifier (VVB),TÜV Rheinland (China) Ltd. (TÜV Rheinland),,,,,,,,,,,
C0047,UP-VN001217-1,Song Ong Hydropower Project,Vietnam,VN,CDM,AMS-I.D. 16.0,developer,Song Ong Hydropower Joint Stock Company,,,,,,,,,,,
C0048,UP-VN001217-1,Song Ong Hydropower Project,Vietnam,VN,CDM,AMS-I.D. 16.0,verifier (VVB),RWTÜV GmbH,,,,,,,,,,,
C0049,UP-LA000058-1,Houay Lamphan Gnai Hydropower Project,Laos,LA,CDM,ACM0002,developer,"Electricite du Laos, Lao PDR",,,,,,,,,,,
C0050,UP-LA000058-1,Houay Lamphan Gnai Hydropower Project,Laos,LA,CDM,ACM0002,verifier (VVB),TÜV Rheinland (China) Ltd. (TÜV Rheinland),,,,,,,,,,,
C0051,UP-ID000300-1,"Methane Recovery in Wastewater Treatment and its utilization for Thermal Energy at PT Indah Kiat Pulp & Paper, Serang",Indonesia,ID,CDM,AMS-I.C. 19.0; AMS-III.H. 16.0,developer,"PT. Indah Kiat Pulp & Paper, Tbk",,,,,,,,,,,
C0052,UP-ID000300-1,"Methane Recovery in Wastewater Treatment and its utilization for Thermal Energy at PT Indah Kiat Pulp & Paper, Serang",Indonesia,ID,CDM,AMS-I.C. 19.0; AMS-III.H. 16.0,verifier (VVB),RINA Services S.p.A. (RINA),,,,,,,,,,,
C0053,UP-ID000331-4,Bontang N2O Abatement Project,Indonesia,ID,CDM,ACM0019 1.0.0,developer,PT Kaltim Nitrate Indonesia,,,,,,,,,,,
C0054,UP-ID000331-4,Bontang N2O Abatement Project,Indonesia,ID,CDM,ACM0019 1.0.0,verifier (VVB),RWTÜV GmbH,,,,,,,,,,,
C0055,UP-TH966719-0,Biomass thermal and electricity generation project for Thai Urethane Plastic,Thailand,TH,CDM,AMS-I.C.; AMS-I.D.,developer,"TUP Energy Co., Ltd.",,,,,,,,,,,
C0056,UP-TH966719-0,Biomass thermal and electricity generation project for Thai Urethane Plastic,Thailand,TH,CDM,AMS-I.C.; AMS-I.D.,verifier (VVB),TÜV SÜD South Asia Private Limited (TÜV SÜD),,,,,,,,,,,
C0057,UP-TH967635-9,Introduction of 1.3MW Solar Power System to Food Factories,Thailand,TH,JCM,TH_AM001 Ver3.0,developer,"Primaham Foods (Thailand) Co., Ltd.",,,,,,,,,,,
C0058,UP-TH967635-9,Introduction of 1.3MW Solar Power System to Food Factories,Thailand,TH,JCM,TH_AM001 Ver3.0,verifier (VVB),Japan Quality Assurance Organization,,,,,,,,,,,
C0059,UP-ID000251-0,"Silau-2 small hydro power plant in North Sumatera Province, Indonesia",Indonesia,ID,CDM,AMS-I.D. 16.0,developer,PT. Bersaudara Simalungun Energi,,,,,,,,,,,
C0060,UP-ID000251-0,"Silau-2 small hydro power plant in North Sumatera Province, Indonesia",Indonesia,ID,CDM,AMS-I.D. 16.0,verifier (VVB),Bureau Veritas Certification Holding SAS (BVCH),,,,,,,,,,,
C0061,UP-MY062868-3,"Biopower Climate Care POME Biogas Capture and Utilization Project in Palong, Malaysia",Malaysia,MY,CDM,AMS-I.D. 17.0; AMS-III.H. 16.0,developer,Biopower Climate Care Sdn. Bhd.,,,,,,,,,,,
C0062,UP-MY062868-3,"Biopower Climate Care POME Biogas Capture and Utilization Project in Palong, Malaysia",Malaysia,MY,CDM,AMS-I.D. 17.0; AMS-III.H. 16.0,verifier (VVB),Det Norske Veritas- CUK,,,,,,,,,,,
C0063,UP-TH966847-5,Thachana Palm Oil Company Wastewater Treatment Project in Thailand,Thailand,TH,CDM,AMS-I.D. 13.0; AMS-III.H. 9.0,developer,"Thachana Palm Oil Co., Ltd.",,,,,,,,,,,
C0064,UP-TH966847-5,Thachana Palm Oil Company Wastewater Treatment Project in Thailand,Thailand,TH,CDM,AMS-I.D. 13.0; AMS-III.H. 9.0,verifier (VVB),Japan Quality Assurance Organisation (JQA),,,,,,,,,,,
C0065,UP-ID000340-3,"Biogas Project Florindo, Tanjung Bintang",Indonesia,ID,CDM,AMS-I.F. 2.0; AMS-III.H. 16.0,developer,PT. Florindo Makmur,,,,,,,,,,,
C0066,UP-ID000340-3,"Biogas Project Florindo, Tanjung Bintang",Indonesia,ID,CDM,AMS-I.F. 2.0; AMS-III.H. 16.0,verifier (VVB),Lloyd’s Register Quality Assurance Ltd. (LRQA),,,,,,,,,,,
C0067,UP-MM000050-4,Upper Baluchaung No.2 Hydropower Project in Myanmar,Myanmar,MM,CDM,AMS-I.D.,developer,"NEO Energy Oasis Development Co., Ltd.",,,,,,,,,,,
C0068,UP-MM000050-4,Upper Baluchaung No.2 Hydropower Project in Myanmar,Myanmar,MM,CDM,AMS-I.D.,verifier (VVB),Japan Quality Assurance Organisation (JQA),,,,,,,,,,,
C0069,UP-TH966868-9,Grid-connected Electricity Generation from Biomass at Advance Biopower,Thailand,TH,CDM,AMS-I.D. 16.0,developer,"Advance Biopower Co., Ltd.",,,,,,,,,,,
C0070,UP-TH966868-9,Grid-connected Electricity Generation from Biomass at Advance Biopower,Thailand,TH,CDM,AMS-I.D. 16.0,verifier (VVB),Bureau Veritas Certification Holding SAS (BVCH),,,,,,,,,,,
C0071,UP-TH966955-3,Solar Farm,Thailand,TH,CDM,AMS-I.D. 17.0,developer,"L Solar 1 Co., Ltd.",,,,,,,,,,,
C0072,UP-TH966955-3,Solar Farm,Thailand,TH,CDM,AMS-I.D. 17.0,verifier (VVB),Bureau Veritas Certification Holding SAS (BVCH),,,,,,,,,,,
C0073,UP-ID000169-1,PFC Emission Reduction at PT. Indonesia Asahan Alumunium (INALUM) Kuala Tanjung,Indonesia,ID,CDM,AM0030,developer,PT. Indonesia Asahan Aluminium (INALUM),,,,,,,,,,,
C0074,UP-ID000169-1,PFC Emission Reduction at PT. Indonesia Asahan Alumunium (INALUM) Kuala Tanjung,Indonesia,ID,CDM,AM0030,verifier (VVB),TÜV SÜD South Asia Private Limited (TÜV SÜD),,,,,,,,,,,
C0075,UP-KH000049-8,Sustainable Climate transformation by e-mobility in Cambodia,Cambodia,KH,CDM,AMS-III.C. ver. 15,developer,"Verywords Co., Ltd.",,,,,,,,,,,
C0076,UP-KH000049-8,Sustainable Climate transformation by e-mobility in Cambodia,Cambodia,KH,CDM,AMS-III.C. ver. 15,verifier (VVB),EPIC Sustainability Services Pvt. Ltd. (EPIC),,,,,,,,,,,
C0077,UP-TH966870-5,Srisangdaw Biopower Power Plant Project,Thailand,TH,CDM,AMS-I.F. 2.0,developer,"Srisangdaw Biopower Co., Ltd.",,,,,,,,,,,
C0078,UP-TH966870-5,Srisangdaw Biopower Power Plant Project,Thailand,TH,CDM,AMS-I.F. 2.0,verifier (VVB),SIRIM QAS INTERNATIONAL SDN.BHD (SIRIM),,,,,,,,,,,
C0079,UP-VN001090-3,Binh An Solar Power Project,Vietnam,VN,GCC,ACM0002 Grid-connected electricity generation from renewable sources,developer,Super Carbon X Company Limited,,,,,,,,,,,
C0080,UP-VN001090-3,Binh An Solar Power Project,Vietnam,VN,GCC,ACM0002 Grid-connected electricity generation from renewable sources,verifier (VVB),4K Earth Science Private Limited (4KES),,,,,,,,,,,
C0081,UP-VN001236-8,"La La Hydropower Project, Vietnam",Vietnam,VN,CDM,AMS-I.D. 16.0,developer,Mai Linh Energy JSC,,,,,,,,,,,
C0082,UP-VN001236-8,"La La Hydropower Project, Vietnam",Vietnam,VN,CDM,AMS-I.D. 16.0,verifier (VVB),RWTÜV GmbH,,,,,,,,,,,
C0083,UP-SG000015-2,Green Power Asia Pte. Ltd. Fuji Oil (S) Pte. Ltd. Cogeneration Project,Singapore,SG,CDM,AMS-II.D.; AMS-III.B.,developer,Green Power Asia Pte. Ltd.,,,,,,,,,,,
C0084,UP-SG000015-2,Green Power Asia Pte. Ltd. Fuji Oil (S) Pte. Ltd. Cogeneration Project,Singapore,SG,CDM,AMS-II.D.; AMS-III.B.,verifier (VVB),SGS United Kingdom Limited (SGS),,,,,,,,,,,
C0085,UP-TH966807-3,Waste Heat Recovery and Power Generation at Siam Cement Lampang Plant (LP Project),Thailand,TH,CDM,AMS-III.Q.,developer,"The Siam Cement (Lampang) Co., Ltd.",,,,,,,,,,,
C0086,UP-TH966807-3,Waste Heat Recovery and Power Generation at Siam Cement Lampang Plant (LP Project),Thailand,TH,CDM,AMS-III.Q.,verifier (VVB),Bureau Veritas Certification Holding SAS (BVCH),,,,,,,,,,,
C0087,UP-ID000107-6,Adei KCP Biomass Power Station Project,Indonesia,ID,CDM,AMS-I.A.,developer,PT Adei Plantation and Industry,,,,,,,,,,,
C0088,UP-ID000107-6,Adei KCP Biomass Power Station Project,Indonesia,ID,CDM,AMS-I.A.,verifier (VVB),SIRIM QAS INTERNATIONAL SDN.BHD (SIRIM),,,,,,,,,,,
C0089,UP-LA000063-4,Nam Khan 2 Hydropower Project,Laos,LA,CDM,ACM0002,developer,"Electricite du Laos, Lao PDR",,,,,,,,,,,
C0090,UP-LA000063-4,Nam Khan 2 Hydropower Project,Laos,LA,CDM,ACM0002,verifier (VVB),TÜV Rheinland (China) Ltd. (TÜV Rheinland),,,,,,,,,,,
C0091,UP-ID000367-1,Energy Saving for Air-Conditioning and Process Cooling by Introducing High-efficiency Centrifugal Chiller,Indonesia,ID,JCM,ID_AM002 Ver1.0,developer,PT. Primatexco Indonesia,,,,,,,,,,,
C0092,UP-ID000367-1,Energy Saving for Air-Conditioning and Process Cooling by Introducing High-efficiency Centrifugal Chiller,Indonesia,ID,JCM,ID_AM002 Ver1.0,verifier (VVB),Lloyd’s Register Quality Assurance Limited,,,,,,,,,,,
C0093,UP-PH960391-6,Fuel Switch Project for Process Steam Generation Using Renewable Biomass Residue of Pancentury,Philippines,PH,CDM,AMS-I.C.,developer,"Pan Century Surfactants, Inc.",,,,,,,,,,,
C0094,UP-PH960391-6,Fuel Switch Project for Process Steam Generation Using Renewable Biomass Residue of Pancentury,Philippines,PH,CDM,AMS-I.C.,verifier (VVB),SGS United Kingdom Limited (SGS),,,,,,,,,,,
C0095,UP-TH966942-9,"Solar Farm at Phitsanulok, Thailand",Thailand,TH,CDM,ACM0002 12.3.0,developer,"Energy Absolute Public Co., Ltd.",,,,,,,,,,,
C0096,UP-TH966942-9,"Solar Farm at Phitsanulok, Thailand",Thailand,TH,CDM,ACM0002 12.3.0,verifier (VVB),TÜV Rheinland (China) Ltd. (TÜV Rheinland),,,,,,,,,,,
C0097,UP-ID000370-6,Energy Saving for Air-Conditioning at Textile Factory by Introducing High-efficiency Centrifugal Chiller in Karawang West Java,Indonesia,ID,JCM,ID_AM002 Ver2.0,developer,PT. Nikawa Textile Industry,,,,,,,,,,,
C0098,UP-ID000370-6,Energy Saving for Air-Conditioning at Textile Factory by Introducing High-efficiency Centrifugal Chiller in Karawang West Java,Indonesia,ID,JCM,ID_AM002 Ver2.0,verifier (VVB),PT. MUTUAGUNG LESTARI,,,,,,,,,,,
C0099,UP-MM000058-6,Dapein (1) Hydropower Project in Union of Myanmar,Myanmar,MM,CDM,ACM0002 12.3.0,developer,"Dapein(1) Hydropower Co., Ltd.",,,,,,,,,,,
C0100,UP-MM000058-6,Dapein (1) Hydropower Project in Union of Myanmar,Myanmar,MM,CDM,ACM0002 12.3.0,verifier (VVB),Japan Consulting Institute,,,,,,,,,,,
C0101,UP-MY062878-1,"Magenko Renewables (Penang) Wastewater Methane Avoidance and Energy Generation Project, Malaysia",Malaysia,MY,CDM,AMS-I.C. 19.0; AMS-III.H. 16.0,developer,Magenko Renewables (Penang) Sdn. Bhd.,,,,,,,,,,,
C0102,UP-MY062878-1,"Magenko Renewables (Penang) Wastewater Methane Avoidance and Energy Generation Project, Malaysia",Malaysia,MY,CDM,AMS-I.C. 19.0; AMS-III.H. 16.0,verifier (VVB),Det Norske Veritas- CUK,,,,,,,,,,,
C0103,UP-TH966753-7,Kaona Power Supply Biomass Cogeneration Project,Thailand,TH,CDM,ACM0006,developer,"Kaona Power Supply Co., Ltd.",,,,,,,,,,,
C0104,UP-TH966753-7,Kaona Power Supply Biomass Cogeneration Project,Thailand,TH,CDM,ACM0006,verifier (VVB),RINA Services S.p.A. (RINA),,,,,,,,,,,
C0105,UP-TH966814-4,Wastewater Treatment with Biogas System (UASB) in a starch Plant for Energy & Environment,Thailand,TH,CDM,AM0013,developer,"Sima Interproduct Co.,Ltd.",,,,,,,,,,,
C0106,UP-TH966814-4,Wastewater Treatment with Biogas System (UASB) in a starch Plant for Energy & Environment,Thailand,TH,CDM,AM0013,verifier (VVB),Det Norske Veritas- CUK,,,,,,,,,,,
C0107,UP-MY062806-8,Sahabat Empty Fruit Bunch Biomass Project,Malaysia,MY,CDM,AMS-I.C. 7.0,developer,Felda Palm Industries Sdn. Bhd.,,,,,,,,,,,
C0108,UP-MY062806-8,Sahabat Empty Fruit Bunch Biomass Project,Malaysia,MY,CDM,AMS-I.C. 7.0,verifier (VVB),SGS United Kingdom Limited (SGS),,,,,,,,,,,
C0109,UP-ID000342-1,Mahkota Andalan Sawit Composting Project,Indonesia,ID,CDM,AM0025 13.0.0,developer,PT. Mahkota Andalan Sawit,,,,,,,,,,,
C0110,UP-ID000342-1,Mahkota Andalan Sawit Composting Project,Indonesia,ID,CDM,AM0025 13.0.0,verifier (VVB),RWTÜV GmbH,,,,,,,,,,,
C0111,UP-SG000010-7,Climate Action Response Enterprise (CARE) for Energy Efficiency in Chiller Plants,Singapore,SG,CDM,AMS-II.E. ver. 10,developer,Climate Resources Exchange (CRX),,,,,,,,,,,
C0112,UP-SG000010-7,Climate Action Response Enterprise (CARE) for Energy Efficiency in Chiller Plants,Singapore,SG,CDM,AMS-II.E. ver. 10,verifier (VVB),Bureau Veritas Certification Holding SAS (BVCH),,,,,,,,,,,
C0113,UP-MY062851-2,Jendarata Steam & Power Plant,Malaysia,MY,CDM,AMS-I.C. 8.0,developer,United Plantations Bhd,,,,,,,,,,,
C0114,UP-MY062851-2,Jendarata Steam & Power Plant,Malaysia,MY,CDM,AMS-I.C. 8.0,verifier (VVB),Det Norske Veritas- CUK,,,,,,,,,,,
C0115,UP-ID000118-3,Bundled CDM project activity involving replacing fossil fuel fired thermal oil heaters in two glove manufacturing facilities with biomass based heaters.,Indonesia,ID,CDM,AMS-I.C.,developer,PT. Arista Latindo,,,,,,,,,,,
C0116,UP-ID000118-3,Bundled CDM project activity involving replacing fossil fuel fired thermal oil heaters in two glove manufacturing facilities with biomass based heaters.,Indonesia,ID,CDM,AMS-I.C.,verifier (VVB),Det Norske Veritas- CUK,,,,,,,,,,,
C0117,UP-ID000170-8,Power generation using TRT (Top Pressure Recovery Turbine) in PT KRAKATAU POSCO,Indonesia,ID,CDM,ACM0012,developer,PT Krakatau Posco,,,,,,,,,,,
C0118,UP-ID000170-8,Power generation using TRT (Top Pressure Recovery Turbine) in PT KRAKATAU POSCO,Indonesia,ID,CDM,ACM0012,verifier (VVB),RINA Services S.p.A. (RINA),,,,,,,,,,,
C0119,UP-VN001448-2,"Introduction of 0.4MW Rooftop Solar Power System to Aluminum Wheel Manufacturing Factory in Hanoi, Vietnam",Vietnam,VN,JCM,VN_AM007 Ver1.0,developer,"Enkei Vietnam Co., Ltd.",,,,,,,,,,,
C0120,UP-VN001448-2,"Introduction of 0.4MW Rooftop Solar Power System to Aluminum Wheel Manufacturing Factory in Hanoi, Vietnam",Vietnam,VN,JCM,VN_AM007 Ver1.0,verifier (VVB),KBS Certification Services Limited,,,,,,,,,,,
C0121,UP-VN001408-0,BWC Sustainable Small Hydropower Programme of Activities in Viet Nam,Vietnam,VN,CDM,AMS-I.D. ver. 17,developer,"Blue World Vietnam Co., Ltd.",,,,,,,,,,,
C0122,UP-VN001408-0,BWC Sustainable Small Hydropower Programme of Activities in Viet Nam,Vietnam,VN,CDM,AMS-I.D. ver. 17,verifier (VVB),TÜV Rheinland (China) Ltd. (TÜV Rheinland),,,,,,,,,,,
C0123,UP-VN001183-1,Nam Gion Hydropower Project,Vietnam,VN,CDM,ACM0002 8.0,developer,Ha Thao Construction Investment and Trading Joint Stock Company,,,,,,,,,,,
C0124,UP-VN001183-1,Nam Gion Hydropower Project,Vietnam,VN,CDM,ACM0002 8.0,verifier (VVB),RWTÜV GmbH,,,,,,,,,,,
C0125,UP-TH966781-3,Saiyok Waste Heat Recovery To Power Plant Project,Thailand,TH,CDM,AMS-III.Q.,developer,PTT Public Company Limited,,,,,,,,,,,
C0126,UP-TH966781-3,Saiyok Waste Heat Recovery To Power Plant Project,Thailand,TH,CDM,AMS-III.Q.,verifier (VVB),TÜV Rheinland (China) Ltd. (TÜV Rheinland),,,,,,,,,,,
C0127,UP-ID000301-0,"Methane Recovery and Utilisation at Musim Mas Group Palm Oil Mill at PT. Berkat Sawit Sejati, Musi Banyuasin, Palembang, South Sumatra, Indonesia.",Indonesia,ID,CDM,AMS-III.H. 16.0,developer,PT. Berkat Sawit Sejati,,,,,,,,,,,
C0128,UP-ID000301-0,"Methane Recovery and Utilisation at Musim Mas Group Palm Oil Mill at PT. Berkat Sawit Sejati, Musi Banyuasin, Palembang, South Sumatra, Indonesia.",Indonesia,ID,CDM,AMS-III.H. 16.0,verifier (VVB),Det Norske Veritas- CUK,,,,,,,,,,,
C0129,UP-PH960419-4,San Andres Producers Cooperative Biomass Steam Generation Project,Philippines,PH,CDM,AMS-I.C.,developer,San Andres Producers Cooperative,,,,,,,,,,,
C0130,UP-PH960419-4,San Andres Producers Cooperative Biomass Steam Generation Project,Philippines,PH,CDM,AMS-I.C.,verifier (VVB),Det Norske Veritas- CUK,,,,,,,,,,,
C0131,UP-VN001254-5,Song Tranh 3 Hydropower Project,Vietnam,VN,CDM,ACM0002 12.3.0,developer,Song Tranh 3 Hydro Power Joint Stock Company,,,,,,,,,,,
C0132,UP-VN001254-5,Song Tranh 3 Hydropower Project,Vietnam,VN,CDM,ACM0002 12.3.0,verifier (VVB),Det Norske Veritas- CUK,,,,,,,,,,,
C0133,UP-VN001300-9,Dinh Hai rice husk cogeneration project,Vietnam,VN,CDM,AMS-I.C. 19.0,developer,Dinh Hai Cogen Joint Stock Company,,,,,,,,,,,
C0134,UP-VN001300-9,Dinh Hai rice husk cogeneration project,Vietnam,VN,CDM,AMS-I.C. 19.0,verifier (VVB),Germanischer Lloyd Certification GmbH,,,,,,,,,,,
C0135,UP-MY062707-8,"Organic Waste Composting at Sg. Ruku Oil Palm Plantation, Sabah, Malaysia",Malaysia,MY,CDM,AM0039,developer,Lazarus Project Management Services Sdn Bhd,,,,,,,,,,,
C0136,UP-MY062707-8,"Organic Waste Composting at Sg. Ruku Oil Palm Plantation, Sabah, Malaysia",Malaysia,MY,CDM,AM0039,verifier (VVB),TÜV Rheinland (China) Ltd. (TÜV Rheinland),,,,,,,,,,,
C0137,UP-PH960479-1,Cebu City Landfill Gas and Waste to Energy Project.,Philippines,PH,CDM,ACM0001 11.0; AM0025 11.0,developer,"Philippine Bio Sciences Co., Inc.",,,,,,,,,,,
C0138,UP-PH960479-1,Cebu City Landfill Gas and Waste to Energy Project.,Philippines,PH,CDM,ACM0001 11.0; AM0025 11.0,verifier (VVB),Det Norske Veritas- CUK,,,,,,,,,,,
C0139,UP-VN001285-8,Nam Pong Hydropower Project,Vietnam,VN,CDM,ACM0002 12.3.0,developer,ZaHung Joint Stock Company,,,,,,,,,,,
C0140,UP-VN001285-8,Nam Pong Hydropower Project,Vietnam,VN,CDM,ACM0002 12.3.0,verifier (VVB),"China Environmental United Certification Center Co., Ltd. (CEC)",,,,,,,,,,,
C0141,UP-PH960482-6,20 MW Nasulo Geothermal Project,Philippines,PH,CDM,ACM0002 6.0,developer,PNOC-EDC,,,,,,,,,,,
C0142,UP-PH960482-6,20 MW Nasulo Geothermal Project,Philippines,PH,CDM,ACM0002 6.0,verifier (VVB),Det Norske Veritas- CUK,,,,,,,,,,,
C0143,UP-TH966873-2,Grid-connected Electricity Generation from Biomass at Buayai Bio Power.,Thailand,TH,CDM,AMS-I.C. 18.0,developer,"Buayai Bio Power Co., Ltd.",,,,,,,,,,,
C0144,UP-TH966873-2,Grid-connected Electricity Generation from Biomass at Buayai Bio Power.,Thailand,TH,CDM,AMS-I.C. 18.0,verifier (VVB),Bureau Veritas Certification Holding SAS (BVCH),,,,,,,,,,,
C0145,UP-VN001234-0,Za Hung Hydropower Project,Vietnam,VN,CDM,ACM0002 12.3.0,developer,Za Hung Joint Stock Company,,,,,,,,,,,
C0146,UP-VN001234-0,Za Hung Hydropower Project,Vietnam,VN,CDM,ACM0002 12.3.0,verifier (VVB),Bureau Veritas Certification Holding SAS (BVCH),,,,,,,,,,,
C0147,UP-MY062832-6,G.B. Industries Biomass Fuel Switch Project,Malaysia,MY,CDM,AMS-I.C. 16.0,developer,G.B. Industries Sdn. Bhd.,,,,,,,,,,,
C0148,UP-MY062832-6,G.B. Industries Biomass Fuel Switch Project,Malaysia,MY,CDM,AMS-I.C. 16.0,verifier (VVB),TÜV SÜD South Asia Private Limited (TÜV SÜD),,,,,,,,,,,
C0149,UP-VN001118-1,Dasiat Hydro Power Project,Vietnam,VN,CDM,AMS-I.D.,developer,Southern Hydro Power Joint Stock Company,,,,,,,,,,,
C0150,UP-VN001118-1,Dasiat Hydro Power Project,Vietnam,VN,CDM,AMS-I.D.,verifier (VVB),TÜV Rheinland (China) Ltd. (TÜV Rheinland),,,,,,,,,,,
C0151,UP-TH966917-0,Thai Agro Energy Wastewater Treatment and Biogas Utilization Project,Thailand,TH,CDM,AMS-III.H. 16.0,developer,"Thai Agro Energy Public Co., Ltd",,,,,,,,,,,
C0152,UP-TH966917-0,Thai Agro Energy Wastewater Treatment and Biogas Utilization Project,Thailand,TH,CDM,AMS-III.H. 16.0,verifier (VVB),Germanischer Lloyd Certification GmbH,,,,,,,,,,,
C0153,UP-VN001341-0,"Hoi Xuan Hydropower Plant, Vietnam",Vietnam,VN,CDM,ACM0002 12.3.0,developer,VNECO Hoi Xuan Investment and Electricity Construction Joint Stock Company,,,,,,,,,,,
C0154,UP-VN001341-0,"Hoi Xuan Hydropower Plant, Vietnam",Vietnam,VN,CDM,ACM0002 12.3.0,verifier (VVB),Swiss Association for Quality and Management Systems,,,,,,,,,,,
C0155,UP-ID000398-4,Introduction of CNG-Diesel Hybrid Equipment to Public Bus in Semarang,Indonesia,ID,JCM,ID_AM026 Ver1.0,developer,BLU UPTD Trans Semarang,,,,,,,,,,,
C0156,UP-ID000398-4,Introduction of CNG-Diesel Hybrid Equipment to Public Bus in Semarang,Indonesia,ID,JCM,ID_AM026 Ver1.0,verifier (VVB),EPIC Sustainability Services Private Limited (EPIC),,,,,,,,,,,
C0157,UP-MY062697-0,MNI Renewable Energy Plant,Malaysia,MY,CDM,ACM0006,developer,Malaysian Newsprint Industries Sdn. Bhd.,,,,,,,,,,,
C0158,UP-MY062697-0,MNI Renewable Energy Plant,Malaysia,MY,CDM,ACM0006,verifier (VVB),TÜV SÜD South Asia Private Limited (TÜV SÜD),,,,,,,,,,,
C0159,UP-ID000228-0,"AIN08-W-03, Methane Recovery in Wastewater Treatment, Sumatera Utara, Indonesia",Indonesia,ID,CDM,AMS-III.H. 9.0,developer,PT AES AgriVerde Indonesia,,,,,,,,,,,
C0160,UP-ID000228-0,"AIN08-W-03, Methane Recovery in Wastewater Treatment, Sumatera Utara, Indonesia",Indonesia,ID,CDM,AMS-III.H. 9.0,verifier (VVB),TÜV SÜD South Asia Private Limited (TÜV SÜD),,,,,,,,,,,
C0161,UP-PH960440-7,Pig City confined swine feeding operations methane capture and combustion from improved animal waste management system,Philippines,PH,CDM,AMS-III.D. 12.0,developer,Cavite Pig City Inc.,,,,,,,,,,,
C0162,UP-PH960440-7,Pig City confined swine feeding operations methane capture and combustion from improved animal waste management system,Philippines,PH,CDM,AMS-III.D. 12.0,verifier (VVB),TÜV SÜD South Asia Private Limited (TÜV SÜD),,,,,,,,,,,
C0163,UP-PH960423-8,SF6 Emission Reduction in High-Voltage Transmission Systems in the Philippines,Philippines,PH,CDM,AM0035,developer,National Grid Corporation of the Philippines,,,,,,,,,,,
C0164,UP-PH960423-8,SF6 Emission Reduction in High-Voltage Transmission Systems in the Philippines,Philippines,PH,CDM,AM0035,verifier (VVB),Bureau Veritas Certification Holding SAS (BVCH),,,,,,,,,,,
C0165,UP-TH966795-7,Thachana Palm Oil Company Wastewater Treatment Project in Thailand (the Project),Thailand,TH,CDM,AMS-I.D.; AMS-III.H.,developer,"Thachana Palm Oil Co., Ltd.",,,,,,,,,,,
C0166,UP-TH966795-7,Thachana Palm Oil Company Wastewater Treatment Project in Thailand (the Project),Thailand,TH,CDM,AMS-I.D.; AMS-III.H.,verifier (VVB),Japan Quality Assurance Organisation (JQA),,,,,,,,,,,
C0167,UP-SG000023-2,Kim Hock Biomass Energy and Wood Recycling Plant,Singapore,SG,CDM,AMS-I.C. 19.0,developer,Kim Hock Corporation Pte Ltd,,,,,,,,,,,
C0168,UP-SG000023-2,Kim Hock Biomass Energy and Wood Recycling Plant,Singapore,SG,CDM,AMS-I.C. 19.0,verifier (VVB),SIRIM QAS INTERNATIONAL SDN.BHD (SIRIM),,,,,,,,,,,
C0169,UP-VN001200-0,Dak Rung 1 Hydropower Project,Vietnam,VN,CDM,AMS-I.D. 16.0,developer,Binh Minh Ltd.,,,,,,,,,,,
C0170,UP-VN001200-0,Dak Rung 1 Hydropower Project,Vietnam,VN,CDM,AMS-I.D. 16.0,verifier (VVB),Det Norske Veritas- CUK,,,,,,,,,,,
C0171,UP-ID000217-3,MEN Energy Efficiency Improvement Project,Indonesia,ID,CDM,AMS-II.H. 1.0,developer,"Manunggal Energi Nusantara, PT",,,,,,,,,,,
C0172,UP-ID000217-3,MEN Energy Efficiency Improvement Project,Indonesia,ID,CDM,AMS-II.H. 1.0,verifier (VVB),TÜV SÜD South Asia Private Limited (TÜV SÜD),,,,,,,,,,,
C0173,UP-MY062658-7,Composting of solid biomass waste separated from the Palm Oil Mill Effluent (POME) through the use of AVC Sludge Dewatering System at Synn Palm Oil Mill,Malaysia,MY,CDM,AMS-III.F.,developer,Brite-Tech Ventures Sdn. Bhd.,,,,,,,,,,,
C0174,UP-MY062658-7,Composting of solid biomass waste separated from the Palm Oil Mill Effluent (POME) through the use of AVC Sludge Dewatering System at Synn Palm Oil Mill,Malaysia,MY,CDM,AMS-III.F.,verifier (VVB),TÜV Rheinland (China) Ltd. (TÜV Rheinland),,,,,,,,,,,
C0175,UP-VN001074-3,Vsp Binh Thuan Ii Solar Power Project,Vietnam,VN,GCC,ACM0002 Grid-connected electricity generation from renewable sources,developer,VN Green Holdings Pte. Ltd.,,,,,,,,,,,
C0176,UP-VN001074-3,Vsp Binh Thuan Ii Solar Power Project,Vietnam,VN,GCC,ACM0002 Grid-connected electricity generation from renewable sources,verifier (VVB),4K Earth Science Private Limited (4KES),,,,,,,,,,,
C0177,UP-MY062673-8,"KLK Kekayaan Biogas Project, Project BCM07_KLK_13",Malaysia,MY,CDM,AMS-III.H.,developer,Kuala Lumpur Kepong Berhad,,,,,,,,,,,
C0178,UP-MY062673-8,"KLK Kekayaan Biogas Project, Project BCM07_KLK_13",Malaysia,MY,CDM,AMS-III.H.,verifier (VVB),TÜV Rheinland (China) Ltd. (TÜV Rheinland),,,,,,,,,,,
C0179,UP-PH960464-8,Bataan 2020 12.5 MW Power Rice Hull Cogeneration Project,Philippines,PH,CDM,AMS-I.C. 16.0,developer,"Bataan 2020, Inc.",,,,,,,,,,,
C0180,UP-PH960464-8,Bataan 2020 12.5 MW Power Rice Hull Cogeneration Project,Philippines,PH,CDM,AMS-I.C. 16.0,verifier (VVB),Bureau Veritas Certification Holding SAS (BVCH),,,,,,,,,,,
C0181,UP-VN001251-8,Dak Me 1 Hydropower Project in Vietnam,Vietnam,VN,CDM,AMS-I.D. 17.0,developer,Dak Me Hydroelectirc Joint Stock Company,,,,,,,,,,,
C0182,UP-VN001251-8,Dak Me 1 Hydropower Project in Vietnam,Vietnam,VN,CDM,AMS-I.D. 17.0,verifier (VVB),Det Norske Veritas- CUK,,,,,,,,,,,
C0183,UP-ID000222-6,Gikoko-Makassar - LFG Flaring Project,Indonesia,ID,CDM,ACM0001 8.1,developer,"PT Gikoko Kogyo Indonesia: The Municipal Government of the City of Makassar, South Sulawesi, Indonesia",,,,,,,,,,,
C0184,UP-ID000222-6,Gikoko-Makassar - LFG Flaring Project,Indonesia,ID,CDM,ACM0001 8.1,verifier (VVB),Det Norske Veritas- CUK,,,,,,,,,,,
C0185,UP-PH960515-7,14.5MW Mini Hydro Power Plant Project in Siguil River in Mindanao,Philippines,PH,JCM,PH_AM001 Ver1.0,developer,"Alsons Consolidated Resources, Inc.",,,,,,,,,,,
C0186,UP-PH960515-7,14.5MW Mini Hydro Power Plant Project in Siguil River in Mindanao,Philippines,PH,JCM,PH_AM001 Ver1.0,verifier (VVB),EPIC Sustainability Services Private Limited (EPIC),,,,,,,,,,,
C0187,UP-VN001186-8,Yan Tann Sien Hydropower Project,Vietnam,VN,CDM,ACM0002 8.0,developer,Highland Song Da Hydropower Joint - Stock Company,,,,,,,,,,,
C0188,UP-VN001186-8,Yan Tann Sien Hydropower Project,Vietnam,VN,CDM,ACM0002 8.0,verifier (VVB),RWTÜV GmbH,,,,,,,,,,,
C0189,UP-PH960366-7,Alternergy Pililla Wind Power Project,Philippines,PH,CDM,ACM0002,developer,Alternergy Wind One Corporation,,,,,,,,,,,
C0190,UP-PH960366-7,Alternergy Pililla Wind Power Project,Philippines,PH,CDM,ACM0002,verifier (VVB),Korea Energy Management corporation (KEMCO),,,,,,,,,,,
C0191,UP-ID000128-1,Energy efficiency through gas turbine co-generation in Indonesia,Indonesia,ID,CDM,AMS-II.D.,developer,P.T. Bridgestone Tire Indonesia,,,,,,,,,,,
C0192,UP-ID000128-1,Energy efficiency through gas turbine co-generation in Indonesia,Indonesia,ID,CDM,AMS-II.D.,verifier (VVB),Det Norske Veritas- CUK,,,,,,,,,,,
C0193,UP-TH966806-4,Waste Heat Recovery and Power Generation at Siam Cement Thung Song Plant Phase II (TS46 Project),Thailand,TH,CDM,AMS-III.Q.,developer,"Cementhai Energy Conservation Co., Ltd.",,,,,,,,,,,
C0194,UP-TH966806-4,Waste Heat Recovery and Power Generation at Siam Cement Thung Song Plant Phase II (TS46 Project),Thailand,TH,CDM,AMS-III.Q.,verifier (VVB),Bureau Veritas Certification Holding SAS (BVCH),,,,,,,,,,,
C0195,UP-TH966780-4,"SABCO power project, Chumporn",Thailand,TH,CDM,AMS-I.D.,developer,Sub Anan Biomass Co.Ltd.,,,,,,,,,,,
C0196,UP-TH966780-4,"SABCO power project, Chumporn",Thailand,TH,CDM,AMS-I.D.,verifier (VVB),SGS United Kingdom Limited (SGS),,,,,,,,,,,
C0197,UP-TH967609-1,Introduction of 3.4MW Rooftop Solar Power System to Air-conditioning Parts Factories,Thailand,TH,JCM,TH_AM001 Ver1.0,developer,"SNC Former Public Co., Ltd.",,,,,,,,,,,
C0198,UP-TH967609-1,Introduction of 3.4MW Rooftop Solar Power System to Air-conditioning Parts Factories,Thailand,TH,JCM,TH_AM001 Ver1.0,verifier (VVB),Lloyd's Register Quality Assurance Limited (LRQA),,,,,,,,,,,
C0199,UP-ID000165-5,Partial Fuel Switch from Coal to Biomass Residues in Boilers for Electricity and Heat Generation,Indonesia,ID,CDM,AM0036,developer,PT Pura Barutama,,,,,,,,,,,
C0200,UP-ID000165-5,Partial Fuel Switch from Coal to Biomass Residues in Boilers for Electricity and Heat Generation,Indonesia,ID,CDM,AM0036,verifier (VVB),Japan Quality Assurance Organisation (JQA),,,,,,,,,,,
C0201,UP-MY062727-4,Tradewinds Methane Extraction and Power Generation Project,Malaysia,MY,CDM,AM0022,developer,"Tradewinds Plantation , Management Sdn Bhd",,,,,,,,,,,
C0202,UP-MY062727-4,Tradewinds Methane Extraction and Power Generation Project,Malaysia,MY,CDM,AM0022,verifier (VVB),Det Norske Veritas- CUK,,,,,,,,,,,
C0203,UP-MY062646-2,"Biomass based Boiler project, SFI, Malaysia",Malaysia,MY,CDM,ACM0006,developer,Sabah Forest Industries SDN. BHD,,,,,,,,,,,
C0204,UP-MY062646-2,"Biomass based Boiler project, SFI, Malaysia",Malaysia,MY,CDM,ACM0006,verifier (VVB),SIRIM QAS INTERNATIONAL SDN.BHD (SIRIM),,,,,,,,,,,
C0205,UP-MY062833-5,Bionersis LFG Project Malaysia (Penang),Malaysia,MY,CDM,ACM0001 11.0,developer,Bionersis (Malaysia) SDN. BHD.,,,,,,,,,,,
C0206,UP-MY062833-5,Bionersis LFG Project Malaysia (Penang),Malaysia,MY,CDM,ACM0001 11.0,verifier (VVB),RINA Services S.p.A. (RINA),,,,,,,,,,,
C0207,UP-ID000198-6,Yahwei-Urumuka 6 Hydroelectric Power Plant,Indonesia,ID,CDM,AM0103,developer,PT. Papua Power Indonesia,,,,,,,,,,,
C0208,UP-ID000198-6,Yahwei-Urumuka 6 Hydroelectric Power Plant,Indonesia,ID,CDM,AM0103,verifier (VVB),Germanischer Lloyd Certification GmbH,,,,,,,,,,,
C0209,UP-TH966728-9,CEMEX Thailand. Blended Cement Project,Thailand,TH,CDM,ACM0005,developer,CEMEX (Thailand) Co. Ltd.,,,,,,,,,,,
C0210,UP-TH966728-9,CEMEX Thailand. Blended Cement Project,Thailand,TH,CDM,ACM0005,verifier (VVB),Det Norske Veritas- CUK,,,,,,,,,,,
C0211,UP-TH967619-9,Introduction of 3.4 MW Rooftop Solar Power System in Technical Center and Office Buildings,Thailand,TH,JCM,TH_AM001 Ver2.0,developer,"Toyota Daihatsu Engineering & Manufacturing Co., Ltd.",,,,,,,,,,,
C0212,UP-TH967619-9,Introduction of 3.4 MW Rooftop Solar Power System in Technical Center and Office Buildings,Thailand,TH,JCM,TH_AM001 Ver2.0,verifier (VVB),EPIC Sustainability Services Private Limited (EPIC),,,,,,,,,,,
C0213,UP-PH960441-6,ANAEROBIC DIGESTION SWINE WASTEWATER TREATMENT WITH ON-SITE POWER PROJECT (ADSW RP2002),Philippines,PH,CDM,AMS-I.D. 12.0; AMS-III.D. 13.0,developer,Hacienda Bio-Energy Corporation,,,,,,,,,,,
C0214,UP-PH960441-6,ANAEROBIC DIGESTION SWINE WASTEWATER TREATMENT WITH ON-SITE POWER PROJECT (ADSW RP2002),Philippines,PH,CDM,AMS-I.D. 12.0; AMS-III.D. 13.0,verifier (VVB),SGS United Kingdom Limited (SGS),,,,,,,,,,,
C0215,UP-MY062650-5,Bumibiopower Biomass Power Plant Project,Malaysia,MY,CDM,AMS-I.D.; AMS-III.E.,developer,Bumibiopower (Pantai Remis) Sdn. Bhd.,,,,,,,,,,,
C0216,UP-MY062650-5,Bumibiopower Biomass Power Plant Project,Malaysia,MY,CDM,AMS-I.D.; AMS-III.E.,verifier (VVB),Det Norske Veritas- CUK,,,,,,,,,,,
C0217,UP-VN001142-1,SK Carbon Neutral Programme in ASEAN,Vietnam,VN,CDM,ACM0002 ver. 20; AMS-I.D. ver. 18; AMS-I.F. ver. 3,developer,Climate Resources Exchange International Pte Ltd,,,,,,,,,,,
C0218,UP-VN001142-1,SK Carbon Neutral Programme in ASEAN,Vietnam,VN,CDM,ACM0002 ver. 20; AMS-I.D. ver. 18; AMS-I.F. ver. 3,verifier (VVB),Carbon Check (India) Private Ltd. (Carbon Check),,,,,,,,,,,
C0219,UP-TH966951-7,SPP2 Solar Power Project,Thailand,TH,CDM,AMS-I.D. 17.0,developer,"SPP Two Co., Ltd.",,,,,,,,,,,
C0220,UP-TH966951-7,SPP2 Solar Power Project,Thailand,TH,CDM,AMS-I.D. 17.0,verifier (VVB),TÜV Rheinland (China) Ltd. (TÜV Rheinland),,,,,,,,,,,
C0221,UP-KH000056-8,Lower Stung Russei Chrum Hydro-Electric Project,Cambodia,KH,CDM,ACM0002 12.3.0,developer,"China Huadian Lower Stung Russei Chrum Hydro-Electric Project (Cambodia) Co., Ltd.",,,,,,,,,,,
C0222,UP-KH000056-8,Lower Stung Russei Chrum Hydro-Electric Project,Cambodia,KH,CDM,ACM0002 12.3.0,verifier (VVB),Bureau Veritas Certification Holding SAS (BVCH),,,,,,,,,,,
C0223,UP-ID000185-1,"RPSL Biomass Power Plant in Jambi, Indonesia",Indonesia,ID,CDM,ACM0006,developer,PT. Rimba Palma Sejahtera Lestari,,,,,,,,,,,
C0224,UP-ID000185-1,"RPSL Biomass Power Plant in Jambi, Indonesia",Indonesia,ID,CDM,ACM0006,verifier (VVB),SIRIM QAS INTERNATIONAL SDN.BHD (SIRIM),,,,,,,,,,,
C0225,UP-ID000266-3,Parluasan Hydro Electric Power Plant,Indonesia,ID,CDM,AMS-I.D. 15.0,developer,PT.Inpola Meka Elektrindo,,,,,,,,,,,
C0226,UP-ID000266-3,Parluasan Hydro Electric Power Plant,Indonesia,ID,CDM,AMS-I.D. 15.0,verifier (VVB),Det Norske Veritas- CUK,,,,,,,,,,,
C0227,UP-ID000402-8,Introduction of 2.1MW Rooftop Solar Power System in Woodworking Factories,Indonesia,ID,JCM,ID_AM013 Ver1.0,developer,PT. AST Indonesia,,,,,,,,,,,
C0228,UP-ID000402-8,Introduction of 2.1MW Rooftop Solar Power System in Woodworking Factories,Indonesia,ID,JCM,ID_AM013 Ver1.0,verifier (VVB),PT. MUTUAGUNG LESTARI,,,,,,,,,,,
C0229,UP-TH966908-1,Eiamrungruang Waste Water Treatment and Biogas Utilization Project,Thailand,TH,CDM,AMS-I.C. 19.0; AMS-I.D. 17.0; AMS-III.H. 16.0,developer,"Eiam Rung-Ruang Renewable Co.,Ltd.",,,,,,,,,,,
C0230,UP-TH966908-1,Eiamrungruang Waste Water Treatment and Biogas Utilization Project,Thailand,TH,CDM,AMS-I.C. 19.0; AMS-I.D. 17.0; AMS-III.H. 16.0,verifier (VVB),Germanischer Lloyd Certification GmbH,,,,,,,,,,,
C0231,UP-TH966812-6,Wastewater Treatment with Biogas System (AFFR) in a Starch Plant for Energy & Environment Conservation at Chachoengsao.,Thailand,TH,CDM,AMS-I.C.; AMS-III.H.,developer,"Sima Interproduct Co.,Ltd.",,,,,,,,,,,
C0232,UP-TH966812-6,Wastewater Treatment with Biogas System (AFFR) in a Starch Plant for Energy & Environment Conservation at Chachoengsao.,Thailand,TH,CDM,AMS-I.C.; AMS-III.H.,verifier (VVB),Det Norske Veritas- CUK,,,,,,,,,,,
C0233,UP-VN001249-3,"Bac Ha Hydropower Project, Vietnam",Vietnam,VN,CDM,ACM0002 12.3.0,developer,Bac Ha Hydropower Joint Stock Company,,,,,,,,,,,
C0234,UP-VN001249-3,"Bac Ha Hydropower Project, Vietnam",Vietnam,VN,CDM,ACM0002 12.3.0,verifier (VVB),Swiss Association for Quality and Management Systems,,,,,,,,,,,
C0235,UP-PH960397-0,Laguna de Bay Community Watershed Rehabilitation Project -1,Philippines,PH,CDM,AR-AMS0001,developer,Laguna Lake Development Authority,,,,,,,,,,,
C0236,UP-PH960397-0,Laguna de Bay Community Watershed Rehabilitation Project -1,Philippines,PH,CDM,AR-AMS0001,verifier (VVB),TÜV SÜD South Asia Private Limited (TÜV SÜD),,,,,,,,,,,
C0237,UP-PH960487-1,Gaya Lim Farm Inc. Methane Recovery,Philippines,PH,CDM,AMS-III.D. 9.0,developer,"Philippine Bio-Sciences Co., Inc.",,,,,,,,,,,
C0238,UP-PH960487-1,Gaya Lim Farm Inc. Methane Recovery,Philippines,PH,CDM,AMS-III.D. 9.0,verifier (VVB),Det Norske Veritas- CUK,,,,,,,,,,,
C0239,UP-VN001282-1,Dak Sin 1 Hydropower Project,Vietnam,VN,CDM,ACM0002 12.3.0,developer,VRG Dak Nong Joint Stock Company,,,,,,,,,,,
C0240,UP-VN001282-1,Dak Sin 1 Hydropower Project,Vietnam,VN,CDM,ACM0002 12.3.0,verifier (VVB),RWTÜV GmbH,,,,,,,,,,,
C0241,UP-MY062874-5,"Factory energy-efficiency improvement project in Malaysia (MAPREC, PRDM, PSCDDM, PAVCJM, PCM)",Malaysia,MY,CDM,AMS-II.D. 7.0,developer,Panasonic Electronic Devices Malaysia Sdn. Bhd.,,,,,,,,,,,
C0242,UP-MY062874-5,"Factory energy-efficiency improvement project in Malaysia (MAPREC, PRDM, PSCDDM, PAVCJM, PCM)",Malaysia,MY,CDM,AMS-II.D. 7.0,verifier (VVB),Japan Quality Assurance Organisation (JQA),,,,,,,,,,,
C0243,UP-PH960404-1,Philippine CFL Distribution Project,Philippines,PH,CDM,AMS-II.J. ver. 3,developer,"Department of Energy, Republic of Philippines (public)",,,,,,,,,,,
C0244,UP-PH960404-1,Philippine CFL Distribution Project,Philippines,PH,CDM,AMS-II.J. ver. 3,verifier (VVB),Bureau Veritas Certification Holding SAS (BVCH),,,,,,,,,,,
C0245,UP-LA000086-7,TBEC LIG Biogas Project,Laos,LA,CDM,ACM0014 4.1.0,developer,"TBEC (Lao) Co., Ltd.",,,,,,,,,,,
C0246,UP-LA000086-7,TBEC LIG Biogas Project,Laos,LA,CDM,ACM0014 4.1.0,verifier (VVB),SIRIM QAS INTERNATIONAL SDN.BHD (SIRIM),,,,,,,,,,,
C0247,UP-VN001201-9,Ngoi Hut 1 Hydropower Project,Vietnam,VN,CDM,AMS-I.D. 16.0,developer,The Song Hong Energy Joint Stock Company,,,,,,,,,,,
C0248,UP-VN001201-9,Ngoi Hut 1 Hydropower Project,Vietnam,VN,CDM,AMS-I.D. 16.0,verifier (VVB),Det Norske Veritas- CUK,,,,,,,,,,,
C0249,UP-VN001320-5,Installing Solar Water Heating Systems in the South of Viet Nam,Vietnam,VN,CDM,AMS-I.J.,developer,The Energy Conservation,,,,,,,,,,,
C0250,UP-VN001320-5,Installing Solar Water Heating Systems in the South of Viet Nam,Vietnam,VN,CDM,AMS-I.J.,verifier (VVB),Japan Quality Assurance Organisation (JQA),,,,,,,,,,,
C0251,UP-PH960478-2,Ambuklao Hydro Electric Power Plant (AHEPP) rehabilitation project,Philippines,PH,CDM,ACM0002 11.0,developer,"SN Aboitiz Power-Benguet, Inc.",,,,,,,,,,,
C0252,UP-PH960478-2,Ambuklao Hydro Electric Power Plant (AHEPP) rehabilitation project,Philippines,PH,CDM,ACM0002 11.0,verifier (VVB),SGS United Kingdom Limited (SGS),,,,,,,,,,,
C0253,UP-ID000131-6,"Fuel switch to biomass in Paper & Pulp industry at Perawang, Indonesia",Indonesia,ID,CDM,AM0036,developer,PT Indah Kiat Pulp and Paper Mill,,,,,,,,,,,
C0254,UP-ID000131-6,"Fuel switch to biomass in Paper & Pulp industry at Perawang, Indonesia",Indonesia,ID,CDM,AM0036,verifier (VVB),SIRIM QAS INTERNATIONAL SDN.BHD (SIRIM),,,,,,,,,,,
C0255,UP-VN001168-0,Cao Phong Reforestation Project,Vietnam,VN,CDM,AR-AMS0001 4.1,developer,Forest Development Fund,,,,,,,,,,,
C0256,UP-VN001168-0,Cao Phong Reforestation Project,Vietnam,VN,CDM,AR-AMS0001 4.1,verifier (VVB),"JACO CDM CO., LTD",,,,,,,,,,,
C0257,UP-MY062859-4,"Kretam Wastewater Biogas Recovery and Utilisation Project, in Sandakan, Sabah Malaysia",Malaysia,MY,CDM,AMS-I.A. 14.0; AMS-III.H. 16.0,developer,Kretam Renewable Energy Sdn. Bhd.,,,,,,,,,,,
C0258,UP-MY062859-4,"Kretam Wastewater Biogas Recovery and Utilisation Project, in Sandakan, Sabah Malaysia",Malaysia,MY,CDM,AMS-I.A. 14.0; AMS-III.H. 16.0,verifier (VVB),SIRIM QAS INTERNATIONAL SDN.BHD (SIRIM),,,,,,,,,,,
C0259,UP-PH960413-0,RED DRAGON FARM CORPORATION Methane Recovery and Electricity Generation,Philippines,PH,CDM,AMS-III.D.,developer,"philippine Bio-Science & Engneering Co., Inc",,,,,,,,,,,
C0260,UP-PH960413-0,RED DRAGON FARM CORPORATION Methane Recovery and Electricity Generation,Philippines,PH,CDM,AMS-III.D.,verifier (VVB),Det Norske Veritas- CUK,,,,,,,,,,,
C0261,UP-ID000314-5,"Methane recovery and electricity generation from POME at Pelakar Mill, Jambi, Indonesia",Indonesia,ID,CDM,AMS-I.A. 14.0; AMS-III.H. 16.0,developer,PT. Kresna Duta Agroindo,,,,,,,,,,,
C0262,UP-ID000314-5,"Methane recovery and electricity generation from POME at Pelakar Mill, Jambi, Indonesia",Indonesia,ID,CDM,AMS-I.A. 14.0; AMS-III.H. 16.0,verifier (VVB),RWTÜV GmbH,,,,,,,,,,,
C0263,UP-VN001230-4,Chi Khe Hydropower Project,Vietnam,VN,CDM,ACM0002 12.3.0,developer,Agrita - Nghe Tinh Energy Joint Stock Company,,,,,,,,,,,
C0264,UP-VN001230-4,Chi Khe Hydropower Project,Vietnam,VN,CDM,ACM0002 12.3.0,verifier (VVB),"China Environmental United Certification Center Co., Ltd. (CEC)",,,,,,,,,,,
C0265,UP-TH966711-8,ANAEROBIC DISGESTION SWINE WASTEWATER TREATMENT WITH ON-SITE POWER PROJECT (ADSW TH03),Thailand,TH,CDM,AMS-I.D.; AMS-III.D.,developer,Swine Waste to Energy Ltd,,,,,,,,,,,
C0266,UP-TH966711-8,ANAEROBIC DISGESTION SWINE WASTEWATER TREATMENT WITH ON-SITE POWER PROJECT (ADSW TH03),Thailand,TH,CDM,AMS-I.D.; AMS-III.D.,verifier (VVB),Det Norske Veritas- CUK,,,,,,,,,,,
C0267,UP-MY062798-8,"AMA08-W-24, Methane Recovery in Wastewater Treatment, Pahang, Malaysia",Malaysia,MY,CDM,AMS-III.H. 9.0,developer,AES AgriVerde Services (Malaysia) Sdn Bhd,,,,,,,,,,,
C0268,UP-MY062798-8,"AMA08-W-24, Methane Recovery in Wastewater Treatment, Pahang, Malaysia",Malaysia,MY,CDM,AMS-III.H. 9.0,verifier (VVB),TÜV SÜD South Asia Private Limited (TÜV SÜD),,,,,,,,,,,
C0269,UP-MY062748-9,"Methane Recovery in Wastewater Treatment, Project AMA07-W-01, Perak, Malaysia",Malaysia,MY,CDM,AMS-III.H. 5.0,developer,AES AgriVerde Services (Malaysia) Sdn Bhd,,,,,,,,,,,
C0270,UP-MY062748-9,"Methane Recovery in Wastewater Treatment, Project AMA07-W-01, Perak, Malaysia",Malaysia,MY,CDM,AMS-III.H. 5.0,verifier (VVB),TÜV SÜD South Asia Private Limited (TÜV SÜD),,,,,,,,,,,
C0271,UP-MY062698-9,"Natural Gas Cogeneration Project on Pen-group Factories, Malaysia",Malaysia,MY,CDM,AM0014,developer,Toray Plastics (Malysia) Sdn. Berhad (TPM),,,,,,,,,,,
C0272,UP-MY062698-9,"Natural Gas Cogeneration Project on Pen-group Factories, Malaysia",Malaysia,MY,CDM,AM0014,verifier (VVB),Bureau Veritas Certification Holding SAS (BVCH),,,,,,,,,,,
C0273,UP-ID000376-0,Energy saving through introduction of Regenerative Burners for aluminum holding furnaces of the automotive components manufacture in the Republic of Indonesia,Indonesia,ID,JCM,ID_AM009 Ver3.0,developer,PT. Yamaha Motor Parts Manufacturing Indonesia (YPMI),,,,,,,,,,,
C0274,UP-ID000376-0,Energy saving through introduction of Regenerative Burners for aluminum holding furnaces of the automotive components manufacture in the Republic of Indonesia,Indonesia,ID,JCM,ID_AM009 Ver3.0,verifier (VVB),Lloyd’s Register Quality Assurance Limited,,,,,,,,,,,
C0275,UP-ID000253-8,Patuha Geothermal Project,Indonesia,ID,CDM,ACM0002 12.3.0,developer,PT. Geo Dipa Energi,,,,,,,,,,,
C0276,UP-ID000253-8,Patuha Geothermal Project,Indonesia,ID,CDM,ACM0002 12.3.0,verifier (VVB),SIRIM QAS INTERNATIONAL SDN.BHD (SIRIM),,,,,,,,,,,
C0277,UP-TH967641-1,Greenhouse Gas Reduction with Mangrove Reforestation in Thailand (Group 1),Thailand,TH,TVER-P,T-VER-P-METH-13-02 Version 01,developer,Department of Marine and Coastal Resources,,,,,,,,,,,
C0278,UP-TH967645-7,Sustainable Rice for Methane Reduction by Alternate Wetting and Drying (AWD) in Suphan Buri Province,Thailand,TH,TVER-P,T-VER-P-METH-13-08,developer,PTG Energy Public Company Limited,,,,,,,,,,,
C0279,UP-PH960370-1,Anaerobic Digestion Swine Wastewater Treatment with On-site Power Bundled Project (ADSW RP3006),Philippines,PH,CDM,AMS-I.F.; AMS-III.D.,developer,Hacienda Bio-Energy Corporation,,,,,,,,,,,
C0280,UP-PH960370-1,Anaerobic Digestion Swine Wastewater Treatment with On-site Power Bundled Project (ADSW RP3006),Philippines,PH,CDM,AMS-I.F.; AMS-III.D.,verifier (VVB),RWTÜV GmbH,,,,,,,,,,,
C0281,UP-PH960484-4,Paramount Integrated Corporation Methane Recovery and Electricity Generation,Philippines,PH,CDM,AMS-I.A. 8.0; AMS-III.D. 9.0,developer,Paramount Integrated Corporation,,,,,,,,,,,
C0282,UP-PH960484-4,Paramount Integrated Corporation Methane Recovery and Electricity Generation,Philippines,PH,CDM,AMS-I.A. 8.0; AMS-III.D. 9.0,verifier (VVB),Det Norske Veritas- CUK,,,,,,,,,,,
C0283,UP-ID000104-9,10 MW Tangka/Manipi Hydro Electric Power Plant,Indonesia,ID,CDM,AMS-I.D.,developer,PT. Sulawesi Mini Hydro Power,,,,,,,,,,,
C0284,UP-ID000104-9,10 MW Tangka/Manipi Hydro Electric Power Plant,Indonesia,ID,CDM,AMS-I.D.,verifier (VVB),Bureau Veritas Certification Holding SAS (BVCH),,,,,,,,,,,
C0285,UP-TH966743-0,"F.2.1.11 - Biomass Utilisation by A.S.T. Palm Oil Co., Ltd.",Thailand,TH,CDM,AMS-I.C.; AMS-III.E.,developer,"A.S.T. Palm Oil Co., Ltd.",,,,,,,,,,,
C0286,UP-TH966743-0,"F.2.1.11 - Biomass Utilisation by A.S.T. Palm Oil Co., Ltd.",Thailand,TH,CDM,AMS-I.C.; AMS-III.E.,verifier (VVB),TÜV Rheinland (China) Ltd. (TÜV Rheinland),,,,,,,,,,,
C0287,UP-ID000192-2,Waste Heat Recovery at Meratus Jaya Iron and Steel for Electricity Generation,Indonesia,ID,CDM,ACM0012,developer,PT Meratus Jaya Iron and Steel,,,,,,,,,,,
C0288,UP-ID000192-2,Waste Heat Recovery at Meratus Jaya Iron and Steel for Electricity Generation,Indonesia,ID,CDM,ACM0012,verifier (VVB),RINA Services S.p.A. (RINA),,,,,,,,,,,
C0289,UP-VN001137-8,Ngoi Duong Hydro Power Project,Vietnam,VN,CDM,AMS-I.D.,developer,Lao Cai Hydro Power Joint Stock Company,,,,,,,,,,,
C0290,UP-VN001137-8,Ngoi Duong Hydro Power Project,Vietnam,VN,CDM,AMS-I.D.,verifier (VVB),TÜV Rheinland (China) Ltd. (TÜV Rheinland),,,,,,,,,,,
C0291,UP-PH960449-8,Anaerobic Digestion Swine Wastewater Treatment With On-Site Power Project (ADSW RP2008),Philippines,PH,CDM,AMS-I.D. 12.0; AMS-III.D. 13.0,developer,Hacienda Bio-Energy Corporation,,,,,,,,,,,
C0292,UP-PH960449-8,Anaerobic Digestion Swine Wastewater Treatment With On-Site Power Project (ADSW RP2008),Philippines,PH,CDM,AMS-I.D. 12.0; AMS-III.D. 13.0,verifier (VVB),SGS United Kingdom Limited (SGS),,,,,,,,,,,
C0293,UP-TH966949-2,Solar Power Company 94 MW Solar PV Project,Thailand,TH,CDM,ACM0002 12.3.0,developer,Solar Power Company Ltd.,,,,,,,,,,,
C0294,UP-TH966949-2,Solar Power Company 94 MW Solar PV Project,Thailand,TH,CDM,ACM0002 12.3.0,verifier (VVB),Germanischer Lloyd Certification GmbH,,,,,,,,,,,
C0295,UP-TH966957-1,Maesod Wastewater Treatment and Biogas Utilisation Project,Thailand,TH,CDM,AMS-I.C. 19.0; AMS-I.D. 17.0; AMS-III.H. 16.0,developer,Maesod Biogas Co. Ltd.,,,,,,,,,,,
C0296,UP-TH966957-1,Maesod Wastewater Treatment and Biogas Utilisation Project,Thailand,TH,CDM,AMS-I.C. 19.0; AMS-I.D. 17.0; AMS-III.H. 16.0,verifier (VVB),RINA Services S.p.A. (RINA),,,,,,,,,,,
C0297,UP-TH966721-6,"Biopower project at Charoensuk Starch Co. Ltd, Thailand",Thailand,TH,CDM,AMS-I.C.; AMS-I.D.; AMS-III.H.,developer,"NP Biopower Co., Ltd.",,,,,,,,,,,
C0298,UP-TH966721-6,"Biopower project at Charoensuk Starch Co. Ltd, Thailand",Thailand,TH,CDM,AMS-I.C.; AMS-I.D.; AMS-III.H.,verifier (VVB),RWTÜV GmbH,,,,,,,,,,,
C0299,UP-ID000279-8,Utilization of waste heat from Sulphur Recovery Unit to generate electricity,Indonesia,ID,CDM,AMS-III.Q. 4.0,developer,PT. Indo Raya Kimia,,,,,,,,,,,
C0300,UP-ID000279-8,Utilization of waste heat from Sulphur Recovery Unit to generate electricity,Indonesia,ID,CDM,AMS-III.Q. 4.0,verifier (VVB),RWTÜV GmbH,,,,,,,,,,,
C0301,UP-ID000157-5,"Organic Waste Composting at CKT Palm Oil Mill, Indonesia",Indonesia,ID,CDM,AM0039,developer,PT. Citrakoprasindo Tani,,,,,,,,,,,
C0302,UP-ID000157-5,"Organic Waste Composting at CKT Palm Oil Mill, Indonesia",Indonesia,ID,CDM,AM0039,verifier (VVB),TÜV Rheinland (China) Ltd. (TÜV Rheinland),,,,,,,,,,,
C0303,UP-MY062654-1,Composting of solid biomass waste separated from the Palm Oil Mill Effluent (POME) through the use of AVC Sludge Dewatering System at Waris Selesa Sdn. Bhd.,Malaysia,MY,CDM,AMS-III.F.,developer,Brite-Tech Ventures Sdn. Bhd.,,,,,,,,,,,
C0304,UP-MY062654-1,Composting of solid biomass waste separated from the Palm Oil Mill Effluent (POME) through the use of AVC Sludge Dewatering System at Waris Selesa Sdn. Bhd.,Malaysia,MY,CDM,AMS-III.F.,verifier (VVB),TÜV Rheinland (China) Ltd. (TÜV Rheinland),,,,,,,,,,,
C0305,UP-MY062639-1,Bandar Baru Serting Biomass Project,Malaysia,MY,CDM,AMS-I.D.; AMS-III.E.,developer,MHES Asia Sdn. Bhd.,,,,,,,,,,,
C0306,UP-MY062639-1,Bandar Baru Serting Biomass Project,Malaysia,MY,CDM,AMS-I.D.; AMS-III.E.,verifier (VVB),Det Norske Veritas- CUK,,,,,,,,,,,
C0307,UP-ID000246-8,Belitung Energy Biomass Power Plant,Indonesia,ID,CDM,AMS-I.D. 15.0,developer,PT Belitung Energy,,,,,,,,,,,
C0308,UP-ID000246-8,Belitung Energy Biomass Power Plant,Indonesia,ID,CDM,AMS-I.D. 15.0,verifier (VVB),SGS United Kingdom Limited (SGS),,,,,,,,,,,
C0309,UP-VN001148-5,The model project for renovation to increase the efficient use of energy in brewery,Vietnam,VN,CDM,AMS-II.D.,developer,"BTH, Habeco, Rib, Moi, Monre",,,,,,,,,,,
C0310,UP-VN001148-5,The model project for renovation to increase the efficient use of energy in brewery,Vietnam,VN,CDM,AMS-II.D.,verifier (VVB),Det Norske Veritas- CUK,,,,,,,,,,,
C0311,UP-VN001097-6,15MW Hiep Son Coke Ovens Waste Heat Power Project,Vietnam,VN,CDM,ACM0012,developer,Hiep Son Energy Joint-Stock Company,,,,,,,,,,,
C0312,UP-VN001097-6,15MW Hiep Son Coke Ovens Waste Heat Power Project,Vietnam,VN,CDM,ACM0012,verifier (VVB),TÜV SÜD South Asia Private Limited (TÜV SÜD),,,,,,,,,,,
C0313,UP-VN001089-6,Amaccao Quang Tri 1 Wind Power Project,Vietnam,VN,GCC,ACM0002 Grid-connected electricity generation from renewable sources,developer,Khe Sanh Wind Power Joint Stock Company,,,,,,,,,,,
C0314,UP-VN001089-6,Amaccao Quang Tri 1 Wind Power Project,Vietnam,VN,GCC,ACM0002 Grid-connected electricity generation from renewable sources,verifier (VVB),Carbon Check,,,,,,,,,,,
C0315,UP-MY062801-3,"Methane Recovery in Wastewater Treatment, Project AMA07-W-05, Pahang, Malaysia",Malaysia,MY,CDM,AMS-III.H. 9.0,developer,AES AgriVerde Services (Malaysia) Sdn Bhd,,,,,,,,,,,
C0316,UP-MY062801-3,"Methane Recovery in Wastewater Treatment, Project AMA07-W-05, Pahang, Malaysia",Malaysia,MY,CDM,AMS-III.H. 9.0,verifier (VVB),TÜV SÜD South Asia Private Limited (TÜV SÜD),,,,,,,,,,,
C0317,UP-MY062795-1,"AMA08-W-21, Methane Recovery in Wastewater Treatment, Johor, Malaysia",Malaysia,MY,CDM,AMS-III.H. 9.0,developer,AES AgriVerde Services (Malaysia) Sdn Bhd,,,,,,,,,,,
C0318,UP-MY062795-1,"AMA08-W-21, Methane Recovery in Wastewater Treatment, Johor, Malaysia",Malaysia,MY,CDM,AMS-III.H. 9.0,verifier (VVB),TÜV SÜD South Asia Private Limited (TÜV SÜD),,,,,,,,,,,
C0319,UP-VN001260-7,Song Bung 5 Hydropower Project,Vietnam,VN,CDM,ACM0002 12.3.0,developer,Power Engineering Consulting Joint Stock Company 1,,,,,,,,,,,
C0320,UP-VN001260-7,Song Bung 5 Hydropower Project,Vietnam,VN,CDM,ACM0002 12.3.0,verifier (VVB),Bureau Veritas Certification Holding SAS (BVCH),,,,,,,,,,,
C0321,UP-VN001242-0,Ia Puch 3 Hydropower Project,Vietnam,VN,CDM,AMS-I.D. 16.0,developer,Gia Lai Electricity Company,,,,,,,,,,,
C0322,UP-VN001242-0,Ia Puch 3 Hydropower Project,Vietnam,VN,CDM,AMS-I.D. 16.0,verifier (VVB),Det Norske Veritas- CUK,,,,,,,,,,,
C0323,UP-VN001316-1,Song Mien 5 Hydropower Project,Vietnam,VN,CDM,ACM0002 12.3.0,developer,Song Mien 5 Hydro Power Joint Stock Co.,,,,,,,,,,,
C0324,UP-VN001316-1,Song Mien 5 Hydropower Project,Vietnam,VN,CDM,ACM0002 12.3.0,verifier (VVB),Japan Consulting Institute,,,,,,,,,,,
C0325,UP-PH960467-5,ANAEROBIC DIGESTION SWINE WASTEWATER TREATMENT WITH ON-SITE POWER PROJECT (ADSW RP3001),Philippines,PH,CDM,AMS-I.D. 15.0; AMS-III.D. 16.0,developer,Hacienda Bio-Energy Corporation,,,,,,,,,,,
C0326,UP-PH960467-5,ANAEROBIC DIGESTION SWINE WASTEWATER TREATMENT WITH ON-SITE POWER PROJECT (ADSW RP3001),Philippines,PH,CDM,AMS-I.D. 15.0; AMS-III.D. 16.0,verifier (VVB),SGS United Kingdom Limited (SGS),,,,,,,,,,,
C0327,UP-TH966979-5,"19.2 MWe Biomass-to-Energy Project in Khonkaen, Thailand",Thailand,TH,CDM,ACM0018 2.0.0,developer,Khonkaen Green Power (KGP) Co. Ltd.,,,,,,,,,,,
C0328,UP-TH966979-5,"19.2 MWe Biomass-to-Energy Project in Khonkaen, Thailand",Thailand,TH,CDM,ACM0018 2.0.0,verifier (VVB),Lloyd’s Register Quality Assurance Ltd. (LRQA),,,,,,,,,,,
C0329,UP-VN001349-2,"Pao Cu Sang Hydropower Plant, Vietnam",Vietnam,VN,CDM,AMS-I.D. 17.0,developer,Pao Cu Sang Joint Stock Company,,,,,,,,,,,
C0330,UP-VN001349-2,"Pao Cu Sang Hydropower Plant, Vietnam",Vietnam,VN,CDM,AMS-I.D. 17.0,verifier (VVB),Swiss Association for Quality and Management Systems,,,,,,,,,,,
C0331,UP-TH966768-0,Natural Palm Oil Company Limited 1 MW Electricity Generation and Biogas Plant Project,Thailand,TH,CDM,AMS-I.D.; AMS-III.H.,developer,"Natural Palm Oil Co., Ltd. (NPO)",,,,,,,,,,,
C0332,UP-TH966768-0,Natural Palm Oil Company Limited 1 MW Electricity Generation and Biogas Plant Project,Thailand,TH,CDM,AMS-I.D.; AMS-III.H.,verifier (VVB),SGS United Kingdom Limited (SGS),,,,,,,,,,,
C0333,UP-TH966849-3,"Green Glory Wastewater Treatment and Electricity Generation in Suratthani, Thailand",Thailand,TH,CDM,AMS-I.D. 13.0; AMS-III.H. 9.0,developer,"Green Glory Co., Ltd.",,,,,,,,,,,
C0334,UP-TH966849-3,"Green Glory Wastewater Treatment and Electricity Generation in Suratthani, Thailand",Thailand,TH,CDM,AMS-I.D. 13.0; AMS-III.H. 9.0,verifier (VVB),TÜV SÜD South Asia Private Limited (TÜV SÜD),,,,,,,,,,,
C0335,UP-PH960442-5,Montalban Landfill Methane Recovery and Power Generation Project,Philippines,PH,CDM,ACM0001 6.0; AMS-I.D. 12.0,developer,Montalban Methane Project Corporation (MMPC),,,,,,,,,,,
C0336,UP-PH960442-5,Montalban Landfill Methane Recovery and Power Generation Project,Philippines,PH,CDM,ACM0001 6.0; AMS-I.D. 12.0,verifier (VVB),SGS United Kingdom Limited (SGS),,,,,,,,,,,
C0337,UP-VN001324-1,Thac Xang Hydropower Project,Vietnam,VN,CDM,ACM0002 12.3.0,developer,Su Pan 1 Hydropower Joint Stock Co.,,,,,,,,,,,
C0338,UP-VN001324-1,Thac Xang Hydropower Project,Vietnam,VN,CDM,ACM0002 12.3.0,verifier (VVB),Japan Consulting Institute,,,,,,,,,,,
C0339,UP-TH967628-8,Low-carbon Operation for Power Grid Utilizing Online Voltage-var(Q) Optimal Control (OPENVQ) with ICT,Thailand,TH,JCM,TH_AM017 Ver1.0,developer,Electricity Generating Authority of Thailand (EGAT),,,,,,,,,,,
C0340,UP-TH967628-8,Low-carbon Operation for Power Grid Utilizing Online Voltage-var(Q) Optimal Control (OPENVQ) with ICT,Thailand,TH,JCM,TH_AM017 Ver1.0,verifier (VVB),Japan Management Association,,,,,,,,,,,
C0341,UP-PH960394-3,La Suerte Rice Husk-Fired Cogeneration,Philippines,PH,CDM,AMS-I.C.,developer,Isabela La Suerte Rice Mill Corp.,,,,,,,,,,,
C0342,UP-PH960394-3,La Suerte Rice Husk-Fired Cogeneration,Philippines,PH,CDM,AMS-I.C.,verifier (VVB),Det Norske Veritas- CUK,,,,,,,,,,,
C0343,UP-ID000383-1,Introduction of 0.5MW Solar Power System to Aroma and Food Ingredients Factory,Indonesia,ID,JCM,ID_AM013 Ver1.0,developer,PT. Indesso Aroma,,,,,,,,,,,
C0344,UP-ID000383-1,Introduction of 0.5MW Solar Power System to Aroma and Food Ingredients Factory,Indonesia,ID,JCM,ID_AM013 Ver1.0,verifier (VVB),Lloyd’s Register Quality Assurance Limited,,,,,,,,,,,
C0345,UP-VN001195-7,Dak Ne Hydropower Project,Vietnam,VN,CDM,AMS-I.D. 13.0,developer,Trung Dong Company Ltd.,,,,,,,,,,,
C0346,UP-VN001195-7,Dak Ne Hydropower Project,Vietnam,VN,CDM,AMS-I.D. 13.0,verifier (VVB),TÜV Rheinland (China) Ltd. (TÜV Rheinland),,,,,,,,,,,
C0347,UP-TH966958-0,"Buasommai II biomass power plant at Suvarnabhum district, Roi-Et Province.",Thailand,TH,CDM,AMS-I.D. 17.0,developer,"Buasommai Electricity Generating Co., Ltd.",,,,,,,,,,,
C0348,UP-TH966958-0,"Buasommai II biomass power plant at Suvarnabhum district, Roi-Et Province.",Thailand,TH,CDM,AMS-I.D. 17.0,verifier (VVB),TÜV Rheinland (China) Ltd. (TÜV Rheinland),,,,,,,,,,,
C0349,UP-ID000144-1,Introduction of a Gas Co-generation system at the chemical plant of PT.Kao Indonesia Chemicals,Indonesia,ID,CDM,AMS-II.D.,developer,PT.Kao Indonesia Chemicals,,,,,,,,,,,
C0350,UP-ID000144-1,Introduction of a Gas Co-generation system at the chemical plant of PT.Kao Indonesia Chemicals,Indonesia,ID,CDM,AMS-II.D.,verifier (VVB),Det Norske Veritas- CUK,,,,,,,,,,,
C0351,UP-TH967620-6,Introduction of 0.95 MW Rooftop Solar Power System in Cigarette Lighter Factory,Thailand,TH,JCM,TH_AM001 Ver2.0,developer,"Thai Merry Co., Ltd.",,,,,,,,,,,
C0352,UP-TH967620-6,Introduction of 0.95 MW Rooftop Solar Power System in Cigarette Lighter Factory,Thailand,TH,JCM,TH_AM001 Ver2.0,verifier (VVB),EPIC Sustainability Services Private Limited (EPIC),,,,,,,,,,,
C0353,UP-MY062838-0,Tekmedic Biomass Fuel Switch Project,Malaysia,MY,CDM,AMS-I.C. 18.0,developer,Tekmedic (M) Sdn. Bhd.,,,,,,,,,,,
C0354,UP-MY062838-0,Tekmedic Biomass Fuel Switch Project,Malaysia,MY,CDM,AMS-I.C. 18.0,verifier (VVB),SIRIM QAS INTERNATIONAL SDN.BHD (SIRIM),,,,,,,,,,,
C0355,UP-MY062752-2,"MY08-WWP-36, Methane Recovery in Wastewater Treatment, Pahang, Malaysia",Malaysia,MY,CDM,AMS-III.H. 9.0,developer,AES AgriVerde Services (Malaysia) Sdn Bhd,,,,,,,,,,,
C0356,UP-MY062752-2,"MY08-WWP-36, Methane Recovery in Wastewater Treatment, Pahang, Malaysia",Malaysia,MY,CDM,AMS-III.H. 9.0,verifier (VVB),Det Norske Veritas- CUK,,,,,,,,,,,
C0357,UP-ID000110-1,Bahari Co-Composting Project,Indonesia,ID,CDM,AM0039,developer,PT Bahari Dwikencana Lestari,,,,,,,,,,,
C0358,UP-ID000110-1,Bahari Co-Composting Project,Indonesia,ID,CDM,AM0039,verifier (VVB),Det Norske Veritas- CUK,,,,,,,,,,,
C0359,UP-ID000296-7,Gunung Rajabasa Geothermal Power Plant,Indonesia,ID,CDM,ACM0002 12.3.0,developer,PT. Supreme Energy Rajabasa,,,,,,,,,,,
C0360,UP-ID000296-7,Gunung Rajabasa Geothermal Power Plant,Indonesia,ID,CDM,ACM0002 12.3.0,verifier (VVB),RWTÜV GmbH,,,,,,,,,,,
C0361,UP-MY062848-8,"Organic Waste Composting at Takon Palm Oil Mill, Malaysia",Malaysia,MY,CDM,AM0039 2.0,developer,Sankina Oil Mills Sdn. Bhd.,,,,,,,,,,,
C0362,UP-MY062848-8,"Organic Waste Composting at Takon Palm Oil Mill, Malaysia",Malaysia,MY,CDM,AM0039 2.0,verifier (VVB),TÜV Rheinland (China) Ltd. (TÜV Rheinland),,,,,,,,,,,
C0363,UP-TH966712-7,Ansell Biomass Boiler Project in Lad Krabang Plant,Thailand,TH,CDM,AMS-I.C.,developer,Ansell (Thailand) Ltd,,,,,,,,,,,
C0364,UP-TH966712-7,Ansell Biomass Boiler Project in Lad Krabang Plant,Thailand,TH,CDM,AMS-I.C.,verifier (VVB),Bureau Veritas Certification Holding SAS (BVCH),,,,,,,,,,,
C0365,UP-ID000133-4,"Fuel switching at Asahimas Sidoarjo a flat glass manufacturing facility of PT. Asahimas Flat Glass Tbk., from fuel oil to natural gas",Indonesia,ID,CDM,AMS-III.B.,developer,PT Asahimas Flat Glass Tbk,,,,,,,,,,,
C0366,UP-ID000133-4,"Fuel switching at Asahimas Sidoarjo a flat glass manufacturing facility of PT. Asahimas Flat Glass Tbk., from fuel oil to natural gas",Indonesia,ID,CDM,AMS-III.B.,verifier (VVB),Det Norske Veritas- CUK,,,,,,,,,,,
C0367,UP-TH966756-4,Kitroongruang Biogas Energy Project,Thailand,TH,CDM,AM0022,developer,Thai Biogas Energy Company,,,,,,,,,,,
C0368,UP-TH966756-4,Kitroongruang Biogas Energy Project,Thailand,TH,CDM,AM0022,verifier (VVB),Det Norske Veritas- CUK,,,,,,,,,,,
C0369,UP-ID000324-3,Project Karaha Unit 1 PT. Pertamina Geothermal Energy,Indonesia,ID,CDM,ACM0002 13.0.0,developer,PT. Pertamina Geothermal Energy,,,,,,,,,,,
C0370,UP-ID000324-3,Project Karaha Unit 1 PT. Pertamina Geothermal Energy,Indonesia,ID,CDM,ACM0002 13.0.0,verifier (VVB),KBS Certification Services Pvt. Ltd (KBS),,,,,,,,,,,
C0371,UP-VN001161-7,Renewable Energy Development Program Supported by The Republic of Korea,Vietnam,VN,CDM,ACM0002 ver. 20; AMS-I.D. ver. 18; AMS-I.F. ver. 3,developer,"SK Engineering & Construction Co., Ltd.",,,,,,,,,,,
C0372,UP-VN001161-7,Renewable Energy Development Program Supported by The Republic of Korea,Vietnam,VN,CDM,ACM0002 ver. 20; AMS-I.D. ver. 18; AMS-I.F. ver. 3,verifier (VVB),Korean Foundation for Quality (KFQ),,,,,,,,,,,
C0373,UP-MY062793-3,Titi Glove Biomass Fuel Switch Project,Malaysia,MY,CDM,AMS-I.C. 13.0,developer,Titi Glove Sdn. Bhd.,,,,,,,,,,,
C0374,UP-MY062793-3,Titi Glove Biomass Fuel Switch Project,Malaysia,MY,CDM,AMS-I.C. 13.0,verifier (VVB),TÜV SÜD South Asia Private Limited (TÜV SÜD),,,,,,,,,,,
C0375,UP-PH960488-0,Gold Farm Livestocks Corporation Methane Recovery and Electricity Generation,Philippines,PH,CDM,AMS-III.D. 9.0,developer,"Philippine Bio-Sciences Co., Inc.",,,,,,,,,,,
C0376,UP-PH960488-0,Gold Farm Livestocks Corporation Methane Recovery and Electricity Generation,Philippines,PH,CDM,AMS-III.D. 9.0,verifier (VVB),Det Norske Veritas- CUK,,,,,,,,,,,
C0377,UP-VN001299-2,Nam Mo Hydropower Project,Vietnam,VN,CDM,ACM0002 12.3.0,developer,Ban Ve Hydropower Joint Stock Company,,,,,,,,,,,
C0378,UP-VN001299-2,Nam Mo Hydropower Project,Vietnam,VN,CDM,ACM0002 12.3.0,verifier (VVB),"China Environmental United Certification Center Co., Ltd. (CEC)",,,,,,,,,,,
C0379,UP-VN001119-0,"Electricity generation from bagasse at KSC, Vietnam",Vietnam,VN,CDM,ACM0006,developer,Khanh Hoa Sugar Company JSC (KSC),,,,,,,,,,,
C0380,UP-VN001119-0,"Electricity generation from bagasse at KSC, Vietnam",Vietnam,VN,CDM,ACM0006,verifier (VVB),RWTÜV GmbH,,,,,,,,,,,
C0381,UP-ID000307-4,South East Asia Biogas Programme of Activities,Indonesia,ID,CDM,AMS-I.D. ver. 17; AMS-III.H. ver. 16,developer,PT Biogas Program International,,,,,,,,,,,
C0382,UP-ID000307-4,South East Asia Biogas Programme of Activities,Indonesia,ID,CDM,AMS-I.D. ver. 17; AMS-III.H. ver. 16,verifier (VVB),Germanischer Lloyd Certification GmbH,,,,,,,,,,,
C0383,UP-ID000363-5,Lahendong Unit 5 & Unit 6 Geothermal Project,Indonesia,ID,CDM,ACM0002 13.0.0,developer,PT Pertamina Geothermal Energy,,,,,,,,,,,
C0384,UP-ID000363-5,Lahendong Unit 5 & Unit 6 Geothermal Project,Indonesia,ID,CDM,ACM0002 13.0.0,verifier (VVB),Japan Consulting Institute,,,,,,,,,,,
C0385,UP-ID000414-4,Pengoperasian Pembangkit Listrik Baru Berbahan Bakar Gas Bumi PLTMG Sumbagut 2 Peaker 250 MW,Indonesia,ID,SPEI,,developer,PT PLN Nusantara Power PLTMG Sumbagut 2 Peaker,,,,,,,,,,,
C0386,UP-MY062731-8,"Tradewinds Ulu Sebol Biogas Project, Project BCM07_TWD_07",Malaysia,MY,CDM,AMS-III.H.,developer,"Tradewinds Plantation , Management Sdn Bhd",,,,,,,,,,,
C0387,UP-MY062731-8,"Tradewinds Ulu Sebol Biogas Project, Project BCM07_TWD_07",Malaysia,MY,CDM,AMS-III.H.,verifier (VVB),Det Norske Veritas- CUK,,,,,,,,,,,
C0388,UP-SG000009-0,Climate Action Response Enterprise (CARE) for Energy Efficiency in Chiller Plants.,Singapore,SG,CDM,AMS-II.E. ver. 10,developer,Climate Resources Exchange (CRX),,,,,,,,,,,
C0389,UP-SG000009-0,Climate Action Response Enterprise (CARE) for Energy Efficiency in Chiller Plants.,Singapore,SG,CDM,AMS-II.E. ver. 10,verifier (VVB),Bureau Veritas Certification Holding SAS (BVCH),,,,,,,,,,,
C0390,UP-PH960431-8,Goldi-Lion Agricultural Development Corporation Methane Recovery and Electricity Generation Project,Philippines,PH,CDM,AMS-III.D. 11.0,developer,"Goldi-Lion Agricultural Development Corporation Philippine BioSciences Co., Inc. (PhilBIO)",,,,,,,,,,,
C0391,UP-PH960431-8,Goldi-Lion Agricultural Development Corporation Methane Recovery and Electricity Generation Project,Philippines,PH,CDM,AMS-III.D. 11.0,verifier (VVB),Det Norske Veritas- CUK,,,,,,,,,,,
C0392,UP-TH966808-2,"Waste Heat Recovery for Power Generation Project at Siam City Cement (Plant3), Saraburi, Thailand",Thailand,TH,CDM,AM0024,developer,Siam City Cement Company,,,,,,,,,,,
C0393,UP-TH966808-2,"Waste Heat Recovery for Power Generation Project at Siam City Cement (Plant3), Saraburi, Thailand",Thailand,TH,CDM,AM0024,verifier (VVB),TÜV Rheinland (China) Ltd. (TÜV Rheinland),,,,,,,,,,,
C0394,UP-MY062819-3,"Sungei Kahang POME Biogas Recovery for Energy Project in Johor, Malaysia.",Malaysia,MY,CDM,ACM0014 3.1,developer,Sungei Kahang Palm Oil Sdn. Bhd.,,,,,,,,,,,
C0395,UP-MY062819-3,"Sungei Kahang POME Biogas Recovery for Energy Project in Johor, Malaysia.",Malaysia,MY,CDM,ACM0014 3.1,verifier (VVB),TÜV Rheinland (China) Ltd. (TÜV Rheinland),,,,,,,,,,,
C0396,UP-MY062711-2,"POIC Biomass Cogeneration Plant, Malaysia",Malaysia,MY,CDM,ACM0006,developer,Eco Biomass Energy Sdn. Bhd.,,,,,,,,,,,
C0397,UP-MY062711-2,"POIC Biomass Cogeneration Plant, Malaysia",Malaysia,MY,CDM,ACM0006,verifier (VVB),TÜV Rheinland (China) Ltd. (TÜV Rheinland),,,,,,,,,,,
C0398,UP-ID000177-1,PT Wahana Baratama Coalbed Methane Generation Project,Indonesia,ID,CDM,ACM0008,developer,PT Wahana Baratama Mining,,,,,,,,,,,
C0399,UP-ID000177-1,PT Wahana Baratama Coalbed Methane Generation Project,Indonesia,ID,CDM,ACM0008,verifier (VVB),Spanish Association for Standardisation and Certification (AENOR),,,,,,,,,,,
C0400,UP-MY062686-3,Malaysia - Kota Kinabalu Composting Project,Malaysia,MY,CDM,AM0025,developer,MS SMART Recycling(M)Sdn.Bhd,,,,,,,,,,,
C0401,UP-MY062686-3,Malaysia - Kota Kinabalu Composting Project,Malaysia,MY,CDM,AM0025,verifier (VVB),TÜV Rheinland (China) Ltd. (TÜV Rheinland),,,,,,,,,,,
C0402,UP-MY062843-3,Ranhill Powertron II 190 MW Gas Fired CCPP Project,Malaysia,MY,CDM,AM0029 3.0,developer,Ranhill Powertron II Sdn Bhd,,,,,,,,,,,
C0403,UP-MY062843-3,Ranhill Powertron II 190 MW Gas Fired CCPP Project,Malaysia,MY,CDM,AM0029 3.0,verifier (VVB),RWTÜV GmbH,,,,,,,,,,,
C0404,UP-MY062708-7,Organigro Compost Project,Malaysia,MY,CDM,AM0025,developer,Organigro SDN.BHD,,,,,,,,,,,
C0405,UP-MY062708-7,Organigro Compost Project,Malaysia,MY,CDM,AM0025,verifier (VVB),Det Norske Veritas- CUK,,,,,,,,,,,
C0406,UP-ID000400-0,Energy Saving by Introducing High Efficiency Autoclave to Infusion Manufacturing Factory 2,Indonesia,ID,JCM,ID_AM028 Ver1.0,developer,PT. Otsuka Indonesia,,,,,,,,,,,
C0407,UP-ID000400-0,Energy Saving by Introducing High Efficiency Autoclave to Infusion Manufacturing Factory 2,Indonesia,ID,JCM,ID_AM028 Ver1.0,verifier (VVB),KBS Certification Services Limited,,,,,,,,,,,
C0408,UP-ID000218-2,Multi Nitro Indonesia Nitrous Oxide Abatement Project,Indonesia,ID,CDM,AM0034 2.0,developer,P T Multi Nitrotama Kimia,,,,,,,,,,,
C0409,UP-ID000218-2,Multi Nitro Indonesia Nitrous Oxide Abatement Project,Indonesia,ID,CDM,AM0034 2.0,verifier (VVB),Lloyd’s Register Quality Assurance Ltd. (LRQA),,,,,,,,,,,
C0410,UP-TH966956-2,Buasommai I biomass power plant at Muang Roi Et district.,Thailand,TH,CDM,AMS-I.D. 17.0,developer,"Buasommai Electricity Generating Co., Ltd.",,,,,,,,,,,
C0411,UP-TH966956-2,Buasommai I biomass power plant at Muang Roi Et district.,Thailand,TH,CDM,AMS-I.D. 17.0,verifier (VVB),TÜV Rheinland (China) Ltd. (TÜV Rheinland),,,,,,,,,,,
C0412,UP-MY062714-9,Rajang Wood Waste Biomass Project,Malaysia,MY,CDM,AMS-I.C.; AMS-III.E.,developer,Bahagaya Sdn Bhd,,,,,,,,,,,
C0413,UP-MY062714-9,Rajang Wood Waste Biomass Project,Malaysia,MY,CDM,AMS-I.C.; AMS-III.E.,verifier (VVB),RWTÜV GmbH,,,,,,,,,,,
C0414,UP-MY062671-0,IOI Sandakan Biomass Cogeneration Project,Malaysia,MY,CDM,AMS-I.C.; AMS-III.E.; AMS-III.G.,developer,IOI Bio-Energy Sdn Bhd,,,,,,,,,,,
C0415,UP-MY062671-0,IOI Sandakan Biomass Cogeneration Project,Malaysia,MY,CDM,AMS-I.C.; AMS-III.E.; AMS-III.G.,verifier (VVB),Det Norske Veritas- CUK,,,,,,,,,,,
C0416,UP-PH960398-9,Laguna de Bay Community Watershed Rehabilitation Project -2,Philippines,PH,CDM,AR-AMS0001,developer,Laguna Lake Development Authority,,,,,,,,,,,
C0417,UP-PH960398-9,Laguna de Bay Community Watershed Rehabilitation Project -2,Philippines,PH,CDM,AR-AMS0001,verifier (VVB),TÜV SÜD South Asia Private Limited (TÜV SÜD),,,,,,,,,,,
C0418,UP-ID000134-3,Gandaerah Hendana Co-Composting Project,Indonesia,ID,CDM,AMS-III.F.,developer,PT Gandaerah Hendana,,,,,,,,,,,
C0419,UP-ID000134-3,Gandaerah Hendana Co-Composting Project,Indonesia,ID,CDM,AMS-III.F.,verifier (VVB),Det Norske Veritas- CUK,,,,,,,,,,,
C0420,UP-ID000341-2,"Korindo Biomass Power Plant, Indonesia",Indonesia,ID,CDM,AMS-I.F. 2.0,developer,PT. Korintiga Hutani,,,,,,,,,,,
C0421,UP-ID000341-2,"Korindo Biomass Power Plant, Indonesia",Indonesia,ID,CDM,AMS-I.F. 2.0,verifier (VVB),TÜV Rheinland (China) Ltd. (TÜV Rheinland),,,,,,,,,,,
C0422,UP-VN001413-3,Nam Na 3 Hydropower Project,Vietnam,VN,CDM,ACM0002 13.0.0,developer,Hung Hai Construction Ltd.,,,,,,,,,,,
C0423,UP-VN001413-3,Nam Na 3 Hydropower Project,Vietnam,VN,CDM,ACM0002 13.0.0,verifier (VVB),RWTÜV GmbH,,,,,,,,,,,
C0424,UP-MY062657-8,Composting of solid biomass waste separated from the Palm Oil Mill Effluent (POME) through the use of AVC Sludge Dewatering System at Suburban Properties Sdn. Bhd. (Palm Oil Mill),Malaysia,MY,CDM,AMS-III.F.,developer,Brite-Tech Ventures Sdn. Bhd.,,,,,,,,,,,
C0425,UP-MY062657-8,Composting of solid biomass waste separated from the Palm Oil Mill Effluent (POME) through the use of AVC Sludge Dewatering System at Suburban Properties Sdn. Bhd. (Palm Oil Mill),Malaysia,MY,CDM,AMS-III.F.,verifier (VVB),TÜV Rheinland (China) Ltd. (TÜV Rheinland),,,,,,,,,,,
C0426,UP-ID000391-1,Energy Saving for Industrial Park with Smart LED Street Lighting System,Indonesia,ID,JCM,ID_AM018 Ver1.0,developer,PT. Maligi Permata Industrial Estate,,,,,,,,,,,
C0427,UP-ID000391-1,Energy Saving for Industrial Park with Smart LED Street Lighting System,Indonesia,ID,JCM,ID_AM018 Ver1.0,verifier (VVB),Japan Quality Assurance Organization,,,,,,,,,,,
C0428,UP-ID000262-7,Co-composting of EFB and POME at PT. Sabut Mas Abadi in Kumai,Indonesia,ID,CDM,AMS-III.F. 8.0,developer,PT. Api Metra Palma,,,,,,,,,,,
C0429,UP-ID000262-7,Co-composting of EFB and POME at PT. Sabut Mas Abadi in Kumai,Indonesia,ID,CDM,AMS-III.F. 8.0,verifier (VVB),Det Norske Veritas- CUK,,,,,,,,,,,
C0430,UP-ID000254-7,"Methane Recovery and Utilisation at PT Pinago Utama Sugihwaras Palm Oil Mill, Sumatera, Indonesia.",Indonesia,ID,CDM,AMS-I.C. 16.0; AMS-III.H. 13.0,developer,PT Pinago Utama,,,,,,,,,,,
C0431,UP-ID000254-7,"Methane Recovery and Utilisation at PT Pinago Utama Sugihwaras Palm Oil Mill, Sumatera, Indonesia.",Indonesia,ID,CDM,AMS-I.C. 16.0; AMS-III.H. 13.0,verifier (VVB),TÜV Rheinland (China) Ltd. (TÜV Rheinland),,,,,,,,,,,
C0432,UP-ID000178-0,PTIP Biomass to Electricity Project (7 MW),Indonesia,ID,CDM,AMS-I.D.,developer,PT Intibenua Perkasatama,,,,,,,,,,,
C0433,UP-ID000178-0,PTIP Biomass to Electricity Project (7 MW),Indonesia,ID,CDM,AMS-I.D.,verifier (VVB),Det Norske Veritas- CUK,,,,,,,,,,,
C0434,UP-TH966854-5,Kitroongruang Biogas Energy Project,Thailand,TH,CDM,AMS-I.C. 13.0; AMS-I.D. 13.0; AMS-III.H. 9.0,developer,Thai Biogas Energy Company,,,,,,,,,,,
C0435,UP-TH966854-5,Kitroongruang Biogas Energy Project,Thailand,TH,CDM,AMS-I.C. 13.0; AMS-I.D. 13.0; AMS-III.H. 9.0,verifier (VVB),Det Norske Veritas- CUK,,,,,,,,,,,
C0436,UP-ID000234-2,"ID08-WWP-11, Methane Recovery in Wastewater Treatment, Jambi, Indonesia",Indonesia,ID,CDM,AMS-III.H. 9.0,developer,PT AES AgriVerde Indonesia,,,,,,,,,,,
C0437,UP-ID000234-2,"ID08-WWP-11, Methane Recovery in Wastewater Treatment, Jambi, Indonesia",Indonesia,ID,CDM,AMS-III.H. 9.0,verifier (VVB),Det Norske Veritas- CUK,,,,,,,,,,,
C0438,UP-VN001233-1,Dak Pone Hydropower Project,Vietnam,VN,CDM,ACM0002 12.3.0,developer,PC3 – Investment Joint Stock Company,,,,,,,,,,,
C0439,UP-VN001233-1,Dak Pone Hydropower Project,Vietnam,VN,CDM,ACM0002 12.3.0,verifier (VVB),RWTÜV GmbH,,,,,,,,,,,
C0440,UP-TH966709-2,ANAEROBIC DISGESTION SWINE WASTEWATER TREATMENT WITH ON-SITE POWER PROJECT (ADSW TH01),Thailand,TH,CDM,AMS-I.D.; AMS-III.D.,developer,Swine Waste to Energy Ltd,,,,,,,,,,,
C0441,UP-TH966709-2,ANAEROBIC DISGESTION SWINE WASTEWATER TREATMENT WITH ON-SITE POWER PROJECT (ADSW TH01),Thailand,TH,CDM,AMS-I.D.; AMS-III.D.,verifier (VVB),Det Norske Veritas- CUK,,,,,,,,,,,
C0442,UP-MY062809-5,Biogas Project at Anson Oil Mill,Malaysia,MY,CDM,AMS-III.H. 16.0,developer,Anson Oil Industries Sdn. Bhd.,,,,,,,,,,,
C0443,UP-MY062809-5,Biogas Project at Anson Oil Mill,Malaysia,MY,CDM,AMS-III.H. 16.0,verifier (VVB),SIRIM QAS INTERNATIONAL SDN.BHD (SIRIM),,,,,,,,,,,
C0444,UP-TH966846-6,"Srijaroen Palm Oil Wastewater Treatment Project in Krabi Province, Thailand",Thailand,TH,CDM,AMS-I.D. 13.0; AMS-III.H. 9.0,developer,"Srijaroen Palm Oil Co., Ltd.",,,,,,,,,,,
C0445,UP-TH966846-6,"Srijaroen Palm Oil Wastewater Treatment Project in Krabi Province, Thailand",Thailand,TH,CDM,AMS-I.D. 13.0; AMS-III.H. 9.0,verifier (VVB),Japan Quality Assurance Organisation (JQA),,,,,,,,,,,
C0446,UP-VN001309-0,"Srepok 4A Hydropower project, Vietnam",Vietnam,VN,CDM,ACM0002 12.3.0,developer,Buon Don Hydropower Joint Stock Company,,,,,,,,,,,
C0447,UP-VN001309-0,"Srepok 4A Hydropower project, Vietnam",Vietnam,VN,CDM,ACM0002 12.3.0,verifier (VVB),Bureau Veritas Certification Holding SAS (BVCH),,,,,,,,,,,
C0448,UP-MY062742-5,Co-composting of EFB and POME MG BioGreen Sdn.Bhd (MGBG),Malaysia,MY,CDM,AMS-III.F. 3.0,developer,MG BioGreen Sdn. Bhd,,,,,,,,,,,
C0449,UP-MY062742-5,Co-composting of EFB and POME MG BioGreen Sdn.Bhd (MGBG),Malaysia,MY,CDM,AMS-III.F. 3.0,verifier (VVB),Det Norske Veritas- CUK,,,,,,,,,,,
C0450,UP-MY062677-4,"KULIM Sindora Biogas Project, Project BCM07_KLM_02",Malaysia,MY,CDM,AMS-III.H.,developer,KULIM (Malaysia) Bhd BioX Carbon Malaysia Sdn Bhd,,,,,,,,,,,
C0451,UP-MY062677-4,"KULIM Sindora Biogas Project, Project BCM07_KLM_02",Malaysia,MY,CDM,AMS-III.H.,verifier (VVB),Det Norske Veritas- CUK,,,,,,,,,,,
C0452,UP-VN001393-7,Tin Thanh Biomass Boiler Project No. 5,Vietnam,VN,CDM,AMS-I.C. 19.0,developer,Tin Thanh Industrial Electricity and Steam Company Ltd.,,,,,,,,,,,
C0453,UP-VN001393-7,Tin Thanh Biomass Boiler Project No. 5,Vietnam,VN,CDM,AMS-I.C. 19.0,verifier (VVB),TÜV Rheinland (China) Ltd. (TÜV Rheinland),,,,,,,,,,,
C0454,UP-MY062885-2,"Methane Recovery and Utilization at Prosper Palm Oil Mill, Malaysia.",Malaysia,MY,CDM,AMS-III.H. 16.0,developer,Green Lagoon Technology Sdn Bhd,,,,,,,,,,,
C0455,UP-MY062885-2,"Methane Recovery and Utilization at Prosper Palm Oil Mill, Malaysia.",Malaysia,MY,CDM,AMS-III.H. 16.0,verifier (VVB),SIRIM QAS INTERNATIONAL SDN.BHD (SIRIM),,,,,,,,,,,
C0456,UP-PH960454-0,Anaerobic Digestion Swine Wastewater Treatment With On-Site Power Project (ADSW RP1006),Philippines,PH,CDM,AMS-I.D. 12.0; AMS-III.D. 13.0,developer,Asian Livestock Corporation Ltd,,,,,,,,,,,
C0457,UP-PH960454-0,Anaerobic Digestion Swine Wastewater Treatment With On-Site Power Project (ADSW RP1006),Philippines,PH,CDM,AMS-I.D. 12.0; AMS-III.D. 13.0,verifier (VVB),SGS United Kingdom Limited (SGS),,,,,,,,,,,
C0458,UP-LA000085-8,"Xekaman 3 Hydropower Project, Lao PDR",Laos,LA,CDM,ACM0002 12.3.0,developer,Xekaman 3 Power Company Ltd.,,,,,,,,,,,
C0459,UP-LA000085-8,"Xekaman 3 Hydropower Project, Lao PDR",Laos,LA,CDM,ACM0002 12.3.0,verifier (VVB),Swiss Association for Quality and Management Systems,,,,,,,,,,,
C0460,UP-MY062854-9,Ayer Hitam landfill gas recovery project,Malaysia,MY,CDM,ACM0001 11.0,developer,Worldwide Landfills Sdn. Bhd,,,,,,,,,,,
C0461,UP-MY062854-9,Ayer Hitam landfill gas recovery project,Malaysia,MY,CDM,ACM0001 11.0,verifier (VVB),RINA Services S.p.A. (RINA),,,,,,,,,,,
C0462,UP-KH000053-1,Angkor Bio Cogen Rice Husk Power Project,Cambodia,KH,CDM,AMS-I.A. 7.0; AMS-I.D. 18.0; AMS-III.E. 7.0,developer,"Angkor Bio Cogen Co., Ltd (ABC)",,,,,,,,,,,
C0463,UP-KH000053-1,Angkor Bio Cogen Rice Husk Power Project,Cambodia,KH,CDM,AMS-I.A. 7.0; AMS-I.D. 18.0; AMS-III.E. 7.0,verifier (VVB),Det Norske Veritas- CUK,,,,,,,,,,,
C0464,UP-MY062870-9,"Methane Capture and Utilization Project at Asia Palm Oil Mill, Malaysia",Malaysia,MY,CDM,AMS-III.H. 16.0,developer,Asia Ecogreen Sdn. Bhd.,,,,,,,,,,,
C0465,UP-MY062870-9,"Methane Capture and Utilization Project at Asia Palm Oil Mill, Malaysia",Malaysia,MY,CDM,AMS-III.H. 16.0,verifier (VVB),SIRIM QAS INTERNATIONAL SDN.BHD (SIRIM),,,,,,,,,,,
C0466,UP-LA000077-8,Nam Pha Gnai Hydropower Project,Laos,LA,CDM,ACM0002 16.0,developer,"Nam Pha Gnai Hydropower Co., Ltd.",,,,,,,,,,,
C0467,UP-LA000077-8,Nam Pha Gnai Hydropower Project,Laos,LA,CDM,ACM0002 16.0,verifier (VVB),TÜV Rheinland (China) Ltd. (TÜV Rheinland),,,,,,,,,,,
C0468,UP-VN001160-8,The Solar United Network South East Asia Pacific (SUNSEAP) Program,Vietnam,VN,CDM,ACM0002 ver. 20; AMS-I.D. ver. 18; AMS-I.F. ver. 3,developer,Climate Resources Exchange International Pte Ltd,,,,,,,,,,,
C0469,UP-VN001160-8,The Solar United Network South East Asia Pacific (SUNSEAP) Program,Vietnam,VN,CDM,ACM0002 ver. 20; AMS-I.D. ver. 18; AMS-I.F. ver. 3,verifier (VVB),Carbon Check (India) Private Ltd. (Carbon Check),,,,,,,,,,,
C0470,UP-VN001134-1,Nam Chim Hydro Power Project,Vietnam,VN,CDM,ACM0002,developer,Song Lam Construction and Investment Company Ltd.,,,,,,,,,,,
C0471,UP-VN001134-1,Nam Chim Hydro Power Project,Vietnam,VN,CDM,ACM0002,verifier (VVB),TÜV SÜD South Asia Private Limited (TÜV SÜD),,,,,,,,,,,
C0472,UP-KH000054-0,W2E Siang Phong Biogas Project Cambodia,Cambodia,KH,CDM,AMS-I.C. 17.0; AMS-I.F. 1.0; AMS-III.H. 14.0,developer,W2E Siang Phong Ltd.,,,,,,,,,,,
C0473,UP-KH000054-0,W2E Siang Phong Biogas Project Cambodia,Cambodia,KH,CDM,AMS-I.C. 17.0; AMS-I.F. 1.0; AMS-III.H. 14.0,verifier (VVB),SIRIM QAS INTERNATIONAL SDN.BHD (SIRIM),,,,,,,,,,,
C0474,UP-MY062829-1,"MY08-WWP-30, Methane Recovery in Wastewater Treatment, Pahang, Malaysia",Malaysia,MY,CDM,AMS-III.H. 13.0,developer,AES AgriVerde Services (Malaysia) Sdn Bhd,,,,,,,,,,,
C0475,UP-MY062829-1,"MY08-WWP-30, Methane Recovery in Wastewater Treatment, Pahang, Malaysia",Malaysia,MY,CDM,AMS-III.H. 13.0,verifier (VVB),TÜV Rheinland (China) Ltd. (TÜV Rheinland),,,,,,,,,,,
C0476,UP-VN001140-3,RE-Electrify,Vietnam,VN,CDM,ACM0002 ver. 20; AMS-I.D. ver. 18; AMS-I.F. ver. 3,developer,ST International Corp,,,,,,,,,,,
C0477,UP-VN001140-3,RE-Electrify,Vietnam,VN,CDM,ACM0002 ver. 20; AMS-I.D. ver. 18; AMS-I.F. ver. 3,verifier (VVB),Korean Standards Association (KSA),,,,,,,,,,,
C0478,UP-TH966746-7,Grid-Connected Biomass Power Plant at Muang Udonthani District,Thailand,TH,CDM,AMS-I.D.,developer,"Buasommai Biomass Co., Ltd.",,,,,,,,,,,
C0479,UP-TH966746-7,Grid-Connected Biomass Power Plant at Muang Udonthani District,Thailand,TH,CDM,AMS-I.D.,verifier (VVB),RWTÜV GmbH,,,,,,,,,,,
C0480,UP-PH960450-4,Anaerobic Digestion Swine Wastewater Treatment With On-Site Power Project (ADSW RP1002),Philippines,PH,CDM,AMS-I.D. 12.0; AMS-III.D. 13.0,developer,Filbrid Livestock Agricultural Corporation,,,,,,,,,,,
C0481,UP-PH960450-4,Anaerobic Digestion Swine Wastewater Treatment With On-Site Power Project (ADSW RP1002),Philippines,PH,CDM,AMS-I.D. 12.0; AMS-III.D. 13.0,verifier (VVB),SGS United Kingdom Limited (SGS),,,,,,,,,,,
C0482,UP-VN001397-3,Dong Ngai Hydropower Project,Vietnam,VN,CDM,AMS-I.D. 17.0,developer,Vinaincon Energy Investment Corporation,,,,,,,,,,,
C0483,UP-VN001397-3,Dong Ngai Hydropower Project,Vietnam,VN,CDM,AMS-I.D. 17.0,verifier (VVB),RWTÜV GmbH,,,,,,,,,,,
C0484,UP-ID000385-9,Installation of gas engine cogeneration system to supply electricity and heat to the vehicle manufacturing factory of PT. Toyota Motor Manufacturing Indonesia,Indonesia,ID,JCM,ID_AM016 Ver1.0,developer,PT. Toyota Motor Manufacturing Indonesia,,,,,,,,,,,
C0485,UP-ID000385-9,Installation of gas engine cogeneration system to supply electricity and heat to the vehicle manufacturing factory of PT. Toyota Motor Manufacturing Indonesia,Indonesia,ID,JCM,ID_AM016 Ver1.0,verifier (VVB),Japan Quality Assurance Organization,,,,,,,,,,,
C0486,UP-VN001075-2,Hanbaram Wind Power Plant,Vietnam,VN,GCC,ACM0002 Grid-connected electricity generation from renewable sources,developer,Hanbaram Wind Power Joint Stock Company,,,,,,,,,,,
C0487,UP-VN001075-2,Hanbaram Wind Power Plant,Vietnam,VN,GCC,ACM0002 Grid-connected electricity generation from renewable sources,verifier (VVB),Carbon Check,,,,,,,,,,,
C0488,UP-TH966765-3,"N.P. Biopower project at Charoensuk Starch Co. Ltd., Thailand",Thailand,TH,CDM,ACM0014,developer,"N.P. Biopower Co., Ltd.",,,,,,,,,,,
C0489,UP-TH966765-3,"N.P. Biopower project at Charoensuk Starch Co. Ltd., Thailand",Thailand,TH,CDM,ACM0014,verifier (VVB),RWTÜV GmbH,,,,,,,,,,,
C0490,UP-SG000020-5,Tertiary Catalytic Reduction of N2O at INVISTA (Singapore) Pte. Ltd.s Nitric Acid Plant in Singapore,Singapore,SG,CDM,ACM0019,developer,INVISTA (Singapore) Pte Ltd,,,,,,,,,,,
C0491,UP-SG000020-5,Tertiary Catalytic Reduction of N2O at INVISTA (Singapore) Pte. Ltd.s Nitric Acid Plant in Singapore,Singapore,SG,CDM,ACM0019,verifier (VVB),Det Norske Veritas- CUK,,,,,,,,,,,
C0492,UP-ID000237-9,"BAJ Gunung Agung Factory tapioca starch wastewater biogas extraction and utilization project, Lampung Province, Republic of Indonesia",Indonesia,ID,CDM,AMS-I.D. 13.0; AMS-III.H. 9.0,developer,PT. Budi Acid Jaya (Baj),,,,,,,,,,,
C0493,UP-ID000237-9,"BAJ Gunung Agung Factory tapioca starch wastewater biogas extraction and utilization project, Lampung Province, Republic of Indonesia",Indonesia,ID,CDM,AMS-I.D. 13.0; AMS-III.H. 9.0,verifier (VVB),Det Norske Veritas- CUK,,,,,,,,,,,
C0494,UP-TH966751-9,Kalasin Wastewater Treatment to Energy,Thailand,TH,CDM,AMS-I.C.; AMS-I.D.; AMS-III.H.,developer,"Kalasin Waste to Energy Co., Ltd",,,,,,,,,,,
C0495,UP-TH966751-9,Kalasin Wastewater Treatment to Energy,Thailand,TH,CDM,AMS-I.C.; AMS-I.D.; AMS-III.H.,verifier (VVB),Det Norske Veritas- CUK,,,,,,,,,,,
C0496,UP-VN001268-9,DAKFOCAM Wastewater project,Vietnam,VN,CDM,AMS-I.C. 19.0; AMS-III.H. 16.0,developer,Daklak Agricultural Materials and Food Joint Stock Company (DAKFOCAM),,,,,,,,,,,
C0497,UP-VN001268-9,DAKFOCAM Wastewater project,Vietnam,VN,CDM,AMS-I.C. 19.0; AMS-III.H. 16.0,verifier (VVB),Swiss Association for Quality and Management Systems,,,,,,,,,,,
C0498,UP-TH966725-2,"Bundle in Biogas from Root Cake at Starch Factories of Kalasin, Sima 2, and Roi Et",Thailand,TH,CDM,AMS-I.D.,developer,Carbon Energy Co. Ltd.,,,,,,,,,,,
C0499,UP-TH966725-2,"Bundle in Biogas from Root Cake at Starch Factories of Kalasin, Sima 2, and Roi Et",Thailand,TH,CDM,AMS-I.D.,verifier (VVB),RWTÜV GmbH,,,,,,,,,,,
C0500,UP-VN001070-7,150 MW Solar Power Project by Hong Phong 1 Energy Joint Stock Company,Vietnam,VN,GCC,ACM0002 Grid-connected electricity generation from renewable sources,developer,Hong Phong 1 Energy Joint Stock Company,,,,,,,,,,,
C0501,UP-VN001070-7,150 MW Solar Power Project by Hong Phong 1 Energy Joint Stock Company,Vietnam,VN,GCC,ACM0002 Grid-connected electricity generation from renewable sources,verifier (VVB),Carbon Check,,,,,,,,,,,
C0502,UP-VN001265-2,Song Nhiem 3 Hydropower Project,Vietnam,VN,CDM,AMS-I.D. 16.0,developer,LICOGI 19 Joint Stock Company,,,,,,,,,,,
C0503,UP-VN001265-2,Song Nhiem 3 Hydropower Project,Vietnam,VN,CDM,AMS-I.D. 16.0,verifier (VVB),"China Environmental United Certification Center Co., Ltd. (CEC)",,,,,,,,,,,
C0504,UP-ID000359-1,Natural gas based electricity generation project at Plaza Indonesia,Indonesia,ID,CDM,AMS-III.AG. 2.0,developer,PT Plaza Indonesia Realty Tbk,,,,,,,,,,,
C0505,UP-ID000359-1,Natural gas based electricity generation project at Plaza Indonesia,Indonesia,ID,CDM,AMS-III.AG. 2.0,verifier (VVB),RWTÜV GmbH,,,,,,,,,,,
C0506,UP-ID000271-6,Harapan Biogas Project,Indonesia,ID,CDM,AMS-III.H. 14.0,developer,PT. Harapan Sawit Lestari,,,,,,,,,,,
C0507,UP-ID000271-6,Harapan Biogas Project,Indonesia,ID,CDM,AMS-III.H. 14.0,verifier (VVB),RWTÜV GmbH,,,,,,,,,,,
C0508,UP-TH966706-5,"A project of biogas production from waste water of tapioca starch plant to substitute the use of bunker oil at Kalasin Province, Thailand",Thailand,TH,CDM,AMS-I.C.; AMS-III.H.,developer,Universal Starch Public Company Ltd.,,,,,,,,,,,
C0509,UP-TH966706-5,"A project of biogas production from waste water of tapioca starch plant to substitute the use of bunker oil at Kalasin Province, Thailand",Thailand,TH,CDM,AMS-I.C.; AMS-III.H.,verifier (VVB),RWTÜV GmbH,,,,,,,,,,,
C0510,UP-MY062768-4,Composting of solid biomass waste separated from the Palm Oil Mill Effluent (POME) through the use of AVC Sludge Dewatering System at Kilang Kelapa Sawit Selumpur Sdn. Bhd.,Malaysia,MY,CDM,AMS-III.F. 5.0,developer,Brite-Tech Ventures Sdn. Bhd.,,,,,,,,,,,
C0511,UP-MY062768-4,Composting of solid biomass waste separated from the Palm Oil Mill Effluent (POME) through the use of AVC Sludge Dewatering System at Kilang Kelapa Sawit Selumpur Sdn. Bhd.,Malaysia,MY,CDM,AMS-III.F. 5.0,verifier (VVB),TÜV Rheinland (China) Ltd. (TÜV Rheinland),,,,,,,,,,,
C0512,UP-VN001198-4,Suoi Sap 3 Hydro Power Project in Son La Province,Vietnam,VN,CDM,AMS-I.D. 13.0,developer,Bac Minh Development Investment Joint Stock Company,,,,,,,,,,,
C0513,UP-VN001198-4,Suoi Sap 3 Hydro Power Project in Son La Province,Vietnam,VN,CDM,AMS-I.D. 13.0,verifier (VVB),RWTÜV GmbH,,,,,,,,,,,
C0514,UP-VN001153-7,Dak Pring Hydropower Project,Vietnam,VN,CDM,AMS-I.D. 17.0,developer,Central Power Corporation,,,,,,,,,,,
C0515,UP-VN001153-7,Dak Pring Hydropower Project,Vietnam,VN,CDM,AMS-I.D. 17.0,verifier (VVB),Korea Energy Management corporation (KEMCO),,,,,,,,,,,
C0516,UP-TH967610-8,Power Generation by Waste Heat Recovery in Cement Industry,Thailand,TH,JCM,TH_AM007 Ver1.0,developer,Siam City Power Company Limited,,,,,,,,,,,
C0517,UP-TH967610-8,Power Generation by Waste Heat Recovery in Cement Industry,Thailand,TH,JCM,TH_AM007 Ver1.0,verifier (VVB),Lloyd's Register Quality Assurance Limited (LRQA),,,,,,,,,,,
C0518,UP-ID000138-9,Gianyar Waste Recovery Project,Indonesia,ID,CDM,AMS-III.F.,developer,Town of Temesi,,,,,,,,,,,
C0519,UP-ID000138-9,Gianyar Waste Recovery Project,Indonesia,ID,CDM,AMS-III.F.,verifier (VVB),SGS United Kingdom Limited (SGS),,,,,,,,,,,
C0520,UP-ID000163-7,Pamona 2 Hydroelectric Power Plant Project,Indonesia,ID,CDM,ACM0002,developer,PT Poso Energy,,,,,,,,,,,
C0521,UP-ID000163-7,Pamona 2 Hydroelectric Power Plant Project,Indonesia,ID,CDM,ACM0002,verifier (VVB),Det Norske Veritas- CUK,,,,,,,,,,,
C0522,UP-LA000057-2,Houay Lamphan Gnai Hydropower Project,Laos,LA,CDM,ACM0002,developer,"Electricite du Laos, Lao PDR",,,,,,,,,,,
C0523,UP-LA000057-2,Houay Lamphan Gnai Hydropower Project,Laos,LA,CDM,ACM0002,verifier (VVB),Japan Consulting Institute,,,,,,,,,,,
C0524,UP-LA000095-6,Introduction of 14MW floating solar power system in Vientiane,Laos,LA,JCM,LA_AM002 Ver1.0,developer,"TPG Lao Co., Ltd.",,,,,,,,,,,
C0525,UP-LA000095-6,Introduction of 14MW floating solar power system in Vientiane,Laos,LA,JCM,LA_AM002 Ver1.0,verifier (VVB),Bureau Veritas Certification Holding SAS,,,,,,,,,,,
C0526,UP-MY062864-7,"Magenko IYO Alam Sekitar Bercham Landfill Gas to Energy Project in Ipoh, Malaysia",Malaysia,MY,CDM,ACM0001 13.0.0,developer,Magenko Renewables (Ipoh) Sdn. Bhd.,,,,,,,,,,,
C0527,UP-MY062864-7,"Magenko IYO Alam Sekitar Bercham Landfill Gas to Energy Project in Ipoh, Malaysia",Malaysia,MY,CDM,ACM0001 13.0.0,verifier (VVB),Det Norske Veritas- CUK,,,,,,,,,,,
C0528,UP-VN001418-8,BWC Wind Farm Power Programme of Activities in Viet Nam,Vietnam,VN,CDM,ACM0002 ver. 13,developer,"Blue World Vietnam Co., Ltd.",,,,,,,,,,,
C0529,UP-VN001418-8,BWC Wind Farm Power Programme of Activities in Viet Nam,Vietnam,VN,CDM,ACM0002 ver. 13,verifier (VVB),TÜV Rheinland (China) Ltd. (TÜV Rheinland),,,,,,,,,,,
C0530,UP-MY062818-4,"Biogas Plant at United Plantations Berhad, ULU BASIR Palm Oil Mill",Malaysia,MY,CDM,AMS-III.H. 13.0,developer,United Plantations Berhad,,,,,,,,,,,
C0531,UP-MY062818-4,"Biogas Plant at United Plantations Berhad, ULU BASIR Palm Oil Mill",Malaysia,MY,CDM,AMS-III.H. 13.0,verifier (VVB),Det Norske Veritas- CUK,,,,,,,,,,,
C0532,UP-MY062785-3,Co-composting with AVC POME Treatment System for Haranky Palm Oil Mill,Malaysia,MY,CDM,AMS-III.F. 5.0,developer,Brite-Tech Ventures Sdn. Bhd.,,,,,,,,,,,
C0533,UP-MY062785-3,Co-composting with AVC POME Treatment System for Haranky Palm Oil Mill,Malaysia,MY,CDM,AMS-III.F. 5.0,verifier (VVB),TÜV Rheinland (China) Ltd. (TÜV Rheinland),,,,,,,,,,,
C0534,UP-TH966797-5,Thailand small scale biomass power generation,Thailand,TH,CDM,AMS-I.D. ver. 16,developer,"PEA ENCOM International Co., Ltd.",,,,,,,,,,,
C0535,UP-TH966797-5,Thailand small scale biomass power generation,Thailand,TH,CDM,AMS-I.D. ver. 16,verifier (VVB),Spanish Association for Standardisation and Certification (AENOR),,,,,,,,,,,
C0536,UP-TH966960-6,Biomass power plant by Sahagreen Forest Project,Thailand,TH,CDM,AMS-I.D. 17.0,developer,"Sahagreen Forest Co., Ltd.",,,,,,,,,,,
C0537,UP-TH966960-6,Biomass power plant by Sahagreen Forest Project,Thailand,TH,CDM,AMS-I.D. 17.0,verifier (VVB),Bureau Veritas Certification Holding SAS (BVCH),,,,,,,,,,,
C0538,UP-LA000088-5,Energy Efficiency Improvement Project At A Beer Brewery In Lao PDR,Laos,LA,CDM,AMS-I.C. 8.0; AMS-II.D. 7.0,developer,"Lao Brewery Co., Ltd.",,,,,,,,,,,
C0539,UP-LA000088-5,Energy Efficiency Improvement Project At A Beer Brewery In Lao PDR,Laos,LA,CDM,AMS-I.C. 8.0; AMS-II.D. 7.0,verifier (VVB),Det Norske Veritas- CUK,,,,,,,,,,,
C0540,UP-VN001328-7,Dak Lo Hydropower Project,Vietnam,VN,CDM,ACM0002 12.3.0,developer,Song Da 3-Dak Lo Hydro Power Joint Stock Company,,,,,,,,,,,
C0541,UP-VN001328-7,Dak Lo Hydropower Project,Vietnam,VN,CDM,ACM0002 12.3.0,verifier (VVB),Korea Energy Management corporation (KEMCO),,,,,,,,,,,
C0542,UP-ID000224-4,AANE Belitung biogas recovery from Palm Oil Mill Effluent (POME) ponds and biogas flaring / utilisation,Indonesia,ID,CDM,AMS-I.D. 13.0; AMS-III.H. 9.0,developer,PT Austindo Aufwind New Energy,,,,,,,,,,,
C0543,UP-ID000224-4,AANE Belitung biogas recovery from Palm Oil Mill Effluent (POME) ponds and biogas flaring / utilisation,Indonesia,ID,CDM,AMS-I.D. 13.0; AMS-III.H. 9.0,verifier (VVB),RWTÜV GmbH,,,,,,,,,,,
C0544,UP-VN001305-4,Nam Non Hydropower Project,Vietnam,VN,CDM,ACM0002 12.3.0,developer,Ban Ve Hydropower Joint Stock Company,,,,,,,,,,,
C0545,UP-VN001305-4,Nam Non Hydropower Project,Vietnam,VN,CDM,ACM0002 12.3.0,verifier (VVB),"China Environmental United Certification Center Co., Ltd. (CEC)",,,,,,,,,,,
C0546,UP-ID000227-1,"Biogas project, BAJ Unit 6",Indonesia,ID,CDM,AMS-I.D. 13.0; AMS-III.H. 9.0,developer,PT. Budi Acid Jaya (Baj),,,,,,,,,,,
C0547,UP-ID000227-1,"Biogas project, BAJ Unit 6",Indonesia,ID,CDM,AMS-I.D. 13.0; AMS-III.H. 9.0,verifier (VVB),SGS United Kingdom Limited (SGS),,,,,,,,,,,
C0548,UP-PH960406-9,Philippine Small-scale Hydropower PoA,Philippines,PH,CDM,AMS-I.D. ver. 17,developer,Carbonergy Business Consultancy Services,,,,,,,,,,,
C0549,UP-PH960406-9,Philippine Small-scale Hydropower PoA,Philippines,PH,CDM,AMS-I.D. ver. 17,verifier (VVB),SGS United Kingdom Limited (SGS),,,,,,,,,,,
C0550,UP-VN001257-2,"Dak Mi 4c Hydropower Project, Vietnam",Vietnam,VN,CDM,ACM0002 12.3.0,developer,Vietnam Urban and Industrial Zone Development Investment Corporation Company Ltd. (IDICO),,,,,,,,,,,
C0551,UP-VN001257-2,"Dak Mi 4c Hydropower Project, Vietnam",Vietnam,VN,CDM,ACM0002 12.3.0,verifier (VVB),Swiss Association for Quality and Management Systems,,,,,,,,,,,
C0552,UP-VN001239-5,Vinh Son 5 Hydropower Project,Vietnam,VN,CDM,ACM0002 11.0,developer,Vinh Son Investment Joint Stock Company,,,,,,,,,,,
C0553,UP-VN001239-5,Vinh Son 5 Hydropower Project,Vietnam,VN,CDM,ACM0002 11.0,verifier (VVB),Bureau Veritas Certification Holding SAS (BVCH),,,,,,,,,,,
C0554,UP-VN001364-2,Avoid methane emission through aerobic composting at Tan Thanh solid waste treatment plant,Vietnam,VN,CDM,AM0025 13.0.0,developer,Bao Ngoc Green Environment Joint Stock Company,,,,,,,,,,,
C0555,UP-VN001364-2,Avoid methane emission through aerobic composting at Tan Thanh solid waste treatment plant,Vietnam,VN,CDM,AM0025 13.0.0,verifier (VVB),RWTÜV GmbH,,,,,,,,,,,
C0556,UP-TH966754-6,Khorat Waste To Energy Project (KWTE),Thailand,TH,CDM,AM0022,developer,Korat Waste to Energy Company,,,,,,,,,,,
C0557,UP-TH966754-6,Khorat Waste To Energy Project (KWTE),Thailand,TH,CDM,AM0022,verifier (VVB),KPMG,,,,,,,,,,,
C0558,UP-PH960502-2,Consolidated Distillers of the Far East Methane Recovery and Destruction Project,Philippines,PH,CDM,AMS-III.H. 16.0,developer,"Consolidated Distillers of the Far East, Inc.",,,,,,,,,,,
C0559,UP-PH960502-2,Consolidated Distillers of the Far East Methane Recovery and Destruction Project,Philippines,PH,CDM,AMS-III.H. 16.0,verifier (VVB),Spanish Association for Standardisation and Certification (AENOR),,,,,,,,,,,
C0560,UP-ID000285-0,"PT Dalle Energy Batam CCGT conversion project, Indonesia",Indonesia,ID,CDM,ACM0007 4.0,developer,PT Dalle Energy Batam,,,,,,,,,,,
C0561,UP-ID000285-0,"PT Dalle Energy Batam CCGT conversion project, Indonesia",Indonesia,ID,CDM,ACM0007 4.0,verifier (VVB),Det Norske Veritas- CUK,,,,,,,,,,,
C0562,UP-TH966947-4,Thai Roong Ruang Energy Wastewater Treatment and Biogas Utilization Project,Thailand,TH,CDM,ACM0014 4.1.0,developer,"Thai Roong Ruang Energy Co., Ltd.",,,,,,,,,,,
C0563,UP-TH966947-4,Thai Roong Ruang Energy Wastewater Treatment and Biogas Utilization Project,Thailand,TH,CDM,ACM0014 4.1.0,verifier (VVB),Perry Johnson Registrars Carbon Emissions Services (PJRCES),,,,,,,,,,,
C0564,UP-VN001278-7,Nam An Hydropower Project,Vietnam,VN,CDM,AMS-I.D. 16.0,developer,Nam Mu Hydropower Joint Stock Company,,,,,,,,,,,
C0565,UP-VN001278-7,Nam An Hydropower Project,Vietnam,VN,CDM,AMS-I.D. 16.0,verifier (VVB),TÜV SÜD South Asia Private Limited (TÜV SÜD),,,,,,,,,,,
C0566,UP-VN001086-9,Van Giao Solar Power 1 and Van Giao Solar Power 2,Vietnam,VN,GCC,ACM0002 Grid-connected electricity generation from renewable sources,developer,Super Carbon X Company Limited,,,,,,,,,,,
C0567,UP-VN001086-9,Van Giao Solar Power 1 and Van Giao Solar Power 2,Vietnam,VN,GCC,ACM0002 Grid-connected electricity generation from renewable sources,verifier (VVB),4K Earth Science Private Limited (4KES),,,,,,,,,,,
C0568,UP-VN001293-8,Masan Biomass Boiler Project,Vietnam,VN,CDM,AMS-I.C. 19.0,developer,Tin Thanh Industrial Electricity and Steam Company Ltd.,,,,,,,,,,,
C0569,UP-VN001293-8,Masan Biomass Boiler Project,Vietnam,VN,CDM,AMS-I.C. 19.0,verifier (VVB),TÜV Rheinland (China) Ltd. (TÜV Rheinland),,,,,,,,,,,
C0570,UP-PH960393-4,La Suerte Rice Husk Cogeneration Project,Philippines,PH,CDM,AMS-I.D.; AMS-III.E.,developer,La Suerte Rice Mill,,,,,,,,,,,
C0571,UP-PH960393-4,La Suerte Rice Husk Cogeneration Project,Philippines,PH,CDM,AMS-I.D.; AMS-III.E.,verifier (VVB),Det Norske Veritas- CUK,,,,,,,,,,,
C0572,UP-VN001107-4,Biomass Power Project of Soc Trang Sugar Corporation,Vietnam,VN,CDM,AMS-I.C.,developer,Soc Trang Sugar Corporation,,,,,,,,,,,
C0573,UP-VN001107-4,Biomass Power Project of Soc Trang Sugar Corporation,Vietnam,VN,CDM,AMS-I.C.,verifier (VVB),RWTÜV GmbH,,,,,,,,,,,
C0574,UP-VN001392-8,DaKrong 2 Hydropower Project,Vietnam,VN,CDM,ACM0002 13.0.0,developer,DaKrong Hydroelectric Joint Stock Company,,,,,,,,,,,
C0575,UP-VN001392-8,DaKrong 2 Hydropower Project,Vietnam,VN,CDM,ACM0002 13.0.0,verifier (VVB),Bureau Veritas Certification Holding SAS (BVCH),,,,,,,,,,,
C0576,UP-VN001373-1,Dak Glun Hydro Power Project,Vietnam,VN,CDM,ACM0002 12.3.0,developer,Saigon Machinery Spare Parts Joint - Stock Company,,,,,,,,,,,
C0577,UP-VN001373-1,Dak Glun Hydro Power Project,Vietnam,VN,CDM,ACM0002 12.3.0,verifier (VVB),Deloitte Tohmatsu Evaluation and Certification Organization (Deloitte-TECO),,,,,,,,,,,
C0578,UP-ID000315-4,Sustainable Deployment of the LifeStraw® Family in rural Indonesia,Indonesia,ID,CDM,AMS-III.AV. ver. 2,developer,Vestergaard Frandsen Group S.A.,,,,,,,,,,,
C0579,UP-ID000315-4,Sustainable Deployment of the LifeStraw® Family in rural Indonesia,Indonesia,ID,CDM,AMS-III.AV. ver. 2,verifier (VVB),Det Norske Veritas- CUK,,,,,,,,,,,
C0580,UP-VN001163-5,The model project for renovation to increase the efficient use of energy in brewery,Vietnam,VN,CDM,AMS-I.C. 9.0; AMS-II.D. 8.0,developer,BTH: Thanh Hoa Beer Joint Stock Company,,,,,,,,,,,
C0581,UP-VN001163-5,The model project for renovation to increase the efficient use of energy in brewery,Vietnam,VN,CDM,AMS-I.C. 9.0; AMS-II.D. 8.0,verifier (VVB),Det Norske Veritas- CUK,,,,,,,,,,,
C0582,UP-ID000213-7,"Methane Recovery in Wastewater Treatment, Project AIN07-W-01, Sumatera Utara (North Sumatera), Indonesia",Indonesia,ID,CDM,AMS-III.H. 6.0,developer,PT AES AgriVerde Indonesia,,,,,,,,,,,
C0583,UP-ID000213-7,"Methane Recovery in Wastewater Treatment, Project AIN07-W-01, Sumatera Utara (North Sumatera), Indonesia",Indonesia,ID,CDM,AMS-III.H. 6.0,verifier (VVB),TÜV SÜD South Asia Private Limited (TÜV SÜD),,,,,,,,,,,
C0584,UP-MY062817-5,KDC MILL 1 AND MILL 2 BIOGAS PROJECT,Malaysia,MY,CDM,AMS-I.A. 13.0; AMS-III.H. 13.0,developer,KL- Kepong (Sabah) Sdn Bhd.,,,,,,,,,,,
C0585,UP-MY062817-5,KDC MILL 1 AND MILL 2 BIOGAS PROJECT,Malaysia,MY,CDM,AMS-I.A. 13.0; AMS-III.H. 13.0,verifier (VVB),SIRIM QAS INTERNATIONAL SDN.BHD (SIRIM),,,,,,,,,,,
C0586,UP-VN001446-4,"Introduction of Amorphous High Efficiency Transformers in Northern, Central and Southern Power Grids II",Vietnam,VN,JCM,VN_AM005 Ver1.0,developer,Khanh Hoa Power Joint Stock Company (KHPC),,,,,,,,,,,
C0587,UP-VN001446-4,"Introduction of Amorphous High Efficiency Transformers in Northern, Central and Southern Power Grids II",Vietnam,VN,JCM,VN_AM005 Ver1.0,verifier (VVB),Japan Management Association,,,,,,,,,,,
C0588,UP-PH960367-6,Amigo Farm Methane Recovery and Electricity Generation Project,Philippines,PH,CDM,AMS-III.D.,developer,EcoSecurities Philippines Inc.,,,,,,,,,,,
C0589,UP-PH960367-6,Amigo Farm Methane Recovery and Electricity Generation Project,Philippines,PH,CDM,AMS-III.D.,verifier (VVB),Det Norske Veritas- CUK,,,,,,,,,,,
C0590,UP-MY062849-7,Kalansa Biomass Renewable Energy Project,Malaysia,MY,CDM,AMS-I.D. 17.0; AMS-III.E. 16.0,developer,Kalansa Energy Corporation Sdn. Bhd.,,,,,,,,,,,
C0591,UP-MY062849-7,Kalansa Biomass Renewable Energy Project,Malaysia,MY,CDM,AMS-I.D. 17.0; AMS-III.E. 16.0,verifier (VVB),SIRIM QAS INTERNATIONAL SDN.BHD (SIRIM),,,,,,,,,,,
C0592,UP-MY062797-9,"AMA08-W-22, Methane Recovery in Wastewater Treatment, Johor, Malaysia",Malaysia,MY,CDM,AMS-III.H. 9.0,developer,AES AgriVerde Services (Malaysia) Sdn Bhd,,,,,,,,,,,
C0593,UP-MY062797-9,"AMA08-W-22, Methane Recovery in Wastewater Treatment, Johor, Malaysia",Malaysia,MY,CDM,AMS-III.H. 9.0,verifier (VVB),TÜV SÜD South Asia Private Limited (TÜV SÜD),,,,,,,,,,,
C0594,UP-TH966869-8,"A project of biogas production from waste water of tapioca starch plant to substitute the use of bunker oil at Udornthani Province, Thailand",Thailand,TH,CDM,AMS-I.C. 19.0; AMS-III.H. 16.0,developer,"Thai Nam Tapioca Co.,Ltd.",,,,,,,,,,,
C0595,UP-TH966869-8,"A project of biogas production from waste water of tapioca starch plant to substitute the use of bunker oil at Udornthani Province, Thailand",Thailand,TH,CDM,AMS-I.C. 19.0; AMS-III.H. 16.0,verifier (VVB),SIRIM QAS INTERNATIONAL SDN.BHD (SIRIM),,,,,,,,,,,
C0596,UP-ID000345-8,Lebong Hydroelectric Power Plant,Indonesia,ID,CDM,ACM0002 13.0.0,developer,PT Mega Power Mandiri,,,,,,,,,,,
C0597,UP-ID000345-8,Lebong Hydroelectric Power Plant,Indonesia,ID,CDM,ACM0002 13.0.0,verifier (VVB),Lloyd’s Register Quality Assurance Ltd. (LRQA),,,,,,,,,,,
