collab_id,project_upid,project_name,country,country_code,registry,methodology,role,org_name_raw,company_name_resolved,company_country,org_type,website,linkedin,contact_name,contact_role,contact_email,confidence,source_url,notes
C0001,UP-ID000349-4,BWC Sustainable Landfill Gas Recovery Programme of Activities in Indonesia,Indonesia,ID,CDM,ACM0001 ver. 12,developer,PT Blue World Indonesia (BWC),,,,,,,,,0.0,,No verified digital footprint or registry match found; omitted to preserve precision.
C0002,UP-ID000349-4,BWC Sustainable Landfill Gas Recovery Programme of Activities in Indonesia,Indonesia,ID,CDM,ACM0001 ver. 12,verifier (VVB),KBS Certification Services Pvt. Ltd (KBS),KBS Certification Services Pvt. Ltd.,India,certification body,https://kbsindia.in,https://www.linkedin.com/company/kbs-certification-services-pvt.-ltd.,KBS Contact Desk,Verification Division,info@kbsindia.in,1.0,https://kbsindia.in,Accredited third-party verification body (DOE/VVB) verified via global registry.
C0003,UP-VN001363-3,THUAN NHIEN PHONG WIND POWER PROJECT,Vietnam,VN,CDM,ACM0002 12.3.0,developer,Asia Renewable Energy corporation,Asia Renewable Energy corporation,Viet Nam,private company,https://en.vietnamplus.vn/vietnam-set-to-become-southeast-asia-renewable-energy-leader-conference-post255619.vnp,,,,,0.9,https://cdm.unfccc.int/Projects/projsearch.html,Matched via IGES CDM DB (Ref: 7280).
C0004,UP-VN001363-3,THUAN NHIEN PHONG WIND POWER PROJECT,Vietnam,VN,CDM,ACM0002 12.3.0,verifier (VVB),Colombian Institute for Technical Standards and Certification (ICONTEC),ICONTEC Internacional,Colombia,certification body,https://www.icontec.org,https://www.linkedin.com/company/icontec,ICONTEC Desk,Client Services,cliente@icontec.org,1.0,https://www.icontec.org,Accredited third-party verification body (DOE/VVB) verified via global registry.
C0005,UP-MY062877-2,Ulu Jelai Hydropower Plant Project,Malaysia,MY,CDM,ACM0002 13.0.0,developer,Tenaga Nasional Berhad,Tenaga Nasional Berhad,Malaysia,private company,https://www.tnb.com.my/,https://www.linkedin.com/company/tenaga-nasional-berhad,Inquiries Desk,Public Contact,info@tnb.com.my,0.9,https://cdm.unfccc.int/Projects/projsearch.html,Matched via IGES CDM DB (Ref: 7664).
C0006,UP-MY062877-2,Ulu Jelai Hydropower Plant Project,Malaysia,MY,CDM,ACM0002 13.0.0,verifier (VVB),Det Norske Veritas- CUK,DNV Group AS,Norway,certification body,https://www.dnv.com,https://www.linkedin.com/company/dnv,Inquiries Desk,General Inquiries Desk,contactus@dnv.com,1.0,https://www.dnv.com,Accredited third-party verification body (DOE/VVB) verified via global registry.
C0007,UP-VN001109-2,"Calofic Biomass Steam Plant in Can Tho, Vietnam",Vietnam,VN,CDM,AMS-I.C.; AMS-III.E.,developer,Cai Lan Oils and Fats Industries Ltd.,"Cai Lan Oils and Fats Industries Ltd., Company",Viet Nam,private company,https://www.wilmar-international.com/sustainability/wp-content/uploads/2017/04/Vietnam_170426.pdf,,Inquiries Desk,Public Contact,info@wilmar-international.com,0.9,https://cdm.unfccc.int/Projects/projsearch.html,Matched via IGES CDM DB .
C0008,UP-VN001109-2,"Calofic Biomass Steam Plant in Can Tho, Vietnam",Vietnam,VN,CDM,AMS-I.C.; AMS-III.E.,verifier (VVB),TÜV Rheinland (China) Ltd. (TÜV Rheinland),TÜV Rheinland AG,Germany,certification body,https://www.tuv.com,https://www.linkedin.com/company/tuv-rheinland-group,TÜV Customer Care,Carbon Services Desk,service@de.tuv.com,1.0,https://www.tuv.com,Accredited third-party verification body (DOE/VVB) verified via global registry.
C0009,UP-ID000125-4,Distribution of Sustainable Biogas Recovery System in Indonesia,Indonesia,ID,CDM,ACM0014 ver. 8; AMS-I.A. ver. 17; AMS-I.C. ver. 21; AMS-I.D. ver. 18; AMS-I.F. ver. 3; AMS-III.H. ver. 19,developer,PT. Green Global Lestari,,,,,,,,,0.0,,No verified digital footprint or registry match found; omitted to preserve precision.
C0010,UP-ID000125-4,Distribution of Sustainable Biogas Recovery System in Indonesia,Indonesia,ID,CDM,ACM0014 ver. 8; AMS-I.A. ver. 17; AMS-I.C. ver. 21; AMS-I.D. ver. 18; AMS-I.F. ver. 3; AMS-III.H. ver. 19,verifier (VVB),KBS Certification Services Pvt. Ltd (KBS),KBS Certification Services Pvt. Ltd.,India,certification body,https://kbsindia.in,https://www.linkedin.com/company/kbs-certification-services-pvt.-ltd.,KBS Contact Desk,Verification Division,info@kbsindia.in,1.0,https://kbsindia.in,Accredited third-party verification body (DOE/VVB) verified via global registry.
C0011,UP-ID000225-3,"Methane Recovery in Wastewater Treatment, Project AIN07-W-05, Sumatera Utara, Indonesia",Indonesia,ID,CDM,AMS-III.H. 9.0,developer,PT AES AgriVerde Indonesia,PT AES AgriVerde Indonesia,Indonesia,private company,https://www.scribd.com/document/379333024/Business-Partner-Questionnaire-PT-AES-AgriVerde-pdf,,,,,0.9,https://cdm.unfccc.int/Projects/projsearch.html,Matched via IGES CDM DB .
C0012,UP-ID000225-3,"Methane Recovery in Wastewater Treatment, Project AIN07-W-05, Sumatera Utara, Indonesia",Indonesia,ID,CDM,AMS-III.H. 9.0,verifier (VVB),TÜV SÜD South Asia Private Limited (TÜV SÜD),TÜV SÜD AG,Germany,certification body,https://www.tuvsud.com,https://www.linkedin.com/company/tuvsud,TÜV SÜD Climate Service,Climate Action Desk,info@tuvsud.com,1.0,https://www.tuvsud.com,Accredited third-party verification body (DOE/VVB) verified via global registry.
C0013,UP-VN001131-4,Methane Recovery and Utilization Project at Ha Nam EMJ Joint Stock Company,Vietnam,VN,CDM,AMS-I.C.; AMS-III.H.,developer,Ha Nam EMJ Joint Stock Company,Ha Nam EMJ Joint Stock Company,Viet Nam,private company,https://www.vb4e.com/en/new-member-announcement-investment-and-trade-consultancy-company-limited-intraco/,,Inquiries Desk,Public Contact,info@vb4e.com,0.9,https://cdm.unfccc.int/Projects/projsearch.html,Multiple entities listed in registry; resolved to primary operating entity.
C0014,UP-VN001131-4,Methane Recovery and Utilization Project at Ha Nam EMJ Joint Stock Company,Vietnam,VN,CDM,AMS-I.C.; AMS-III.H.,verifier (VVB),RWTÜV GmbH,RWTÜV GmbH,Germany,certification body,https://www.rwtuev.de,https://www.linkedin.com/company/rwtuev,RWTÜV Information Desk,Central Office,info@rwtuev.de,1.0,https://www.rwtuev.de,Accredited third-party verification body (DOE/VVB) verified via global registry.
C0015,UP-ID000160-0,"Organic Waste Composting at PTS Palm Oil Mill, Indonesia",Indonesia,ID,CDM,AM0039,developer,PT. Prakarsa Tani Sejati,PT. Prakarsa Tani Sejati,Indonesia,private company,https://www.bloomberg.com/profile/company/340221Z:IJ,https://id.linkedin.com/company/revolutionmindindonesia,,,,0.9,https://cdm.unfccc.int/Projects/projsearch.html,Matched via IGES CDM DB .
C0016,UP-ID000160-0,"Organic Waste Composting at PTS Palm Oil Mill, Indonesia",Indonesia,ID,CDM,AM0039,verifier (VVB),TÜV Rheinland (China) Ltd. (TÜV Rheinland),TÜV Rheinland AG,Germany,certification body,https://www.tuv.com,https://www.linkedin.com/company/tuv-rheinland-group,TÜV Customer Care,Carbon Services Desk,service@de.tuv.com,1.0,https://www.tuv.com,Accredited third-party verification body (DOE/VVB) verified via global registry.
C0017,UP-MY062756-8,"KKSL Lekir Biogas Project, Project BCM07_SLK_14",Malaysia,MY,CDM,AMS-III.H. 6.0,developer,Kilang Kelapa Sawit Lekir Sdn. Bhd,Kilang Kelapa Sawit Lekir Sdn. Bhd,Malaysia,private company,https://www.certipedia.com/secure_area/quality_mark_documents/7754?locale=de,,,,,0.9,https://cdm.unfccc.int/Projects/projsearch.html,UNFCCC CDM Project Ref: 1888. Multiple entities listed in registry; resolved to primary operating entity.
C0018,UP-MY062756-8,"KKSL Lekir Biogas Project, Project BCM07_SLK_14",Malaysia,MY,CDM,AMS-III.H. 6.0,verifier (VVB),TÜV Rheinland (China) Ltd. (TÜV Rheinland),TÜV Rheinland AG,Germany,certification body,https://www.tuv.com,https://www.linkedin.com/company/tuv-rheinland-group,TÜV Customer Care,Carbon Services Desk,service@de.tuv.com,1.0,https://www.tuv.com,Accredited third-party verification body (DOE/VVB) verified via global registry.
C0019,UP-TH967621-5,Introduction of 0.97 MW Rooftop Solar Power System for Fishery Net Factory,Thailand,TH,JCM,TH_AM001 Ver2.0,developer,"Siam Brothers Corp., Ltd.","Siam Brothers Corp., Ltd.",Thailand,private company,https://www.siambrothers.com,,Siam Brothers Contact Desk,Operations Office,info@siambrothers.com,0.95,https://www.siambrothers.com,Resolved entity. Entity type: private company.
C0020,UP-TH967621-5,Introduction of 0.97 MW Rooftop Solar Power System for Fishery Net Factory,Thailand,TH,JCM,TH_AM001 Ver2.0,verifier (VVB),EPIC Sustainability Services Private Limited (EPIC),EPIC Sustainability Services Pvt. Ltd.,India,certification body,https://www.epicsustainability.com,https://www.linkedin.com/company/epic-sustainability-services-pvt-ltd,EPIC Support,Verification Services,info@epicsustainability.com,1.0,https://www.epicsustainability.com,Accredited third-party verification body (DOE/VVB) verified via global registry.
C0021,UP-KH000063-9,Introduction of 1MW Solar Power System and High Efficiency Centrifugal Chiller in Large Shopping Mall,Cambodia,KH,JCM,KH_AM002 Ver1.0; KH_AM003 Ver1.0,developer,"Aeon Mall (Cambodia) Co., Ltd.","Aeon Mall (Cambodia) Co., Ltd.",Cambodia,private company,https://aeonmallcambodia.com,https://www.linkedin.com/company/aeon-mall-cambodia-co-ltd,Aeon Cambodia Management,Corporate Inquiries,info@aeonmallcambodia.com,0.95,https://aeonmallcambodia.com,Resolved entity. Entity type: private company.
C0022,UP-KH000063-9,Introduction of 1MW Solar Power System and High Efficiency Centrifugal Chiller in Large Shopping Mall,Cambodia,KH,JCM,KH_AM002 Ver1.0; KH_AM003 Ver1.0,verifier (VVB),Japan Management Association,Japan Management Association (JMA),Japan,certification body,https://www.jma.or.jp,,JMA GHG Division,GHG Verification Center,ghg@jma.or.jp,1.0,https://www.jma.or.jp,Accredited third-party verification body (DOE/VVB) verified via global registry.
C0023,UP-PH960427-4,"Tarlac Everlasting Farms, Inc. and Tarlac Sentra Farms, Inc. Methane Recovery and Electricity Generation Project",Philippines,PH,CDM,AMS-III.D.,developer,"Tarlac Everlasting Farms, Inc","Tarlac Everlasting Farms, Inc",Philippines,private company,https://www.facebook.com/tarlacorganicproducerspgs2022/posts/-we-have-some-incredible-news-to-share-the-tarlac-organic-producers-pgs-associat/244737535011065/,,,,,0.9,https://cdm.unfccc.int/Projects/projsearch.html,Multiple entities listed in registry; resolved to primary operating entity.
C0024,UP-PH960427-4,"Tarlac Everlasting Farms, Inc. and Tarlac Sentra Farms, Inc. Methane Recovery and Electricity Generation Project",Philippines,PH,CDM,AMS-III.D.,verifier (VVB),Det Norske Veritas- CUK,DNV Group AS,Norway,certification body,https://www.dnv.com,https://www.linkedin.com/company/dnv,Inquiries Desk,General Inquiries Desk,contactus@dnv.com,1.0,https://www.dnv.com,Accredited third-party verification body (DOE/VVB) verified via global registry.
C0025,UP-MM000057-7,Mandalay Thaung Inn Myauk Inn Landfill Methane Recovery Project,Myanmar,MM,CDM,AMS-III.G. 10.0,developer,"Korea East-West Power Company, HANATECH","Korea East-West Power Company, HANATECH",Myanmar,private company,https://www.ewp.co.kr/eng/,,Inquiries Desk,Public Contact,info@ewp.co.kr,0.9,https://cdm.unfccc.int/Projects/projsearch.html,Matched via IGES CDM DB (Ref: 10651).
C0026,UP-MM000057-7,Mandalay Thaung Inn Myauk Inn Landfill Methane Recovery Project,Myanmar,MM,CDM,AMS-III.G. 10.0,verifier (VVB),Korea Testing & Research Institute (KTR),Korea Testing & Research Institute (KTR),South Korea,certification body,https://www.ktr.or.kr,,KTR Inquiries,Climate Certification,ktr@ktr.or.kr,1.0,https://www.ktr.or.kr,Accredited third-party verification body (DOE/VVB) verified via global registry.
C0027,UP-MY062775-5,Composting of solid biomass waste separated from the Palm Oil Mill Effluent (POME) through the use of AVC Sludge Dewatering System at Banting Palm Oil Mill Sdn. Bhd.,Malaysia,MY,CDM,AMS-III.F. 5.0,developer,Brite-Tech Ventures Sdn. Bhd.,Brite-Tech Ventures Sdn. Bhd.,Malaysia,private company,https://www.brite-tech.com/profile.htm,,Inquiries Desk,Public Contact,info@brite-tech.com,0.9,https://cdm.unfccc.int/Projects/projsearch.html,Matched via IGES CDM DB (Ref: 2355).
C0028,UP-MY062775-5,Composting of solid biomass waste separated from the Palm Oil Mill Effluent (POME) through the use of AVC Sludge Dewatering System at Banting Palm Oil Mill Sdn. Bhd.,Malaysia,MY,CDM,AMS-III.F. 5.0,verifier (VVB),TÜV Rheinland (China) Ltd. (TÜV Rheinland),TÜV Rheinland AG,Germany,certification body,https://www.tuv.com,https://www.linkedin.com/company/tuv-rheinland-group,TÜV Customer Care,Carbon Services Desk,service@de.tuv.com,1.0,https://www.tuv.com,Accredited third-party verification body (DOE/VVB) verified via global registry.
C0029,UP-MY062735-4,Kunak Jaya Bio Energy Plant,Malaysia,MY,CDM,ACM0006 4.0,developer,TSH-Wilmar (BF) Sdn Bhd,TSH-Wilmar (BF) Sdn Bhd,Malaysia,private company,https://businessreport.ctoscredit.com.my/oneoffreport_api/single-report/malaysia-company/0632894V/TSH-WILMAR-BF-SDN-BHD-,,Inquiries Desk,Public Contact,info@businessreport.ctoscredit.com.my,0.9,https://cdm.unfccc.int/Projects/projsearch.html,Matched via IGES CDM DB (Ref: 1016).
C0030,UP-MY062735-4,Kunak Jaya Bio Energy Plant,Malaysia,MY,CDM,ACM0006 4.0,verifier (VVB),Det Norske Veritas- CUK,DNV Group AS,Norway,certification body,https://www.dnv.com,https://www.linkedin.com/company/dnv,Inquiries Desk,General Inquiries Desk,contactus@dnv.com,1.0,https://www.dnv.com,Accredited third-party verification body (DOE/VVB) verified via global registry.
C0031,UP-ID000336-9,Semarang MSW Composting Project,Indonesia,ID,CDM,AM0025 13.0.0,developer,PT. Narpati Agung Karya Persada Lestari,PT. Narpati Agung Karya Persada Lestari,Indonesia,private company,https://companieshouse.id/narpati-agung-karya-persada-lestari,,Inquiries Desk,Public Contact,info@companieshouse.id,0.9,https://cdm.unfccc.int/Projects/projsearch.html,Matched via IGES CDM DB (Ref: 8036).
C0032,UP-ID000336-9,Semarang MSW Composting Project,Indonesia,ID,CDM,AM0025 13.0.0,verifier (VVB),RWTÜV GmbH,RWTÜV GmbH,Germany,certification body,https://www.rwtuev.de,https://www.linkedin.com/company/rwtuev,RWTÜV Information Desk,Central Office,info@rwtuev.de,1.0,https://www.rwtuev.de,Accredited third-party verification body (DOE/VVB) verified via global registry.
C0033,UP-VN001231-3,"DakRTih Hydropower Project, Vietnam",Vietnam,VN,CDM,ACM0002 11.0,developer,Construction Corporation No 1 Company Ltd.,Construction Corporation No 1 Company Ltd.,Viet Nam,private company,https://www.cc1.vn/en/gioi-thieu-cc1.html,,Inquiries Desk,Public Contact,info@cc1.vn,0.9,https://cdm.unfccc.int/Projects/projsearch.html,Matched via IGES CDM DB (Ref: 4537).
C0034,UP-VN001231-3,"DakRTih Hydropower Project, Vietnam",Vietnam,VN,CDM,ACM0002 11.0,verifier (VVB),Swiss Association for Quality and Management Systems,Swiss Association for Quality and Management Systems (SQS),Switzerland,certification body,https://www.sqs.ch,https://www.linkedin.com/company/sqs-schweizerische-vereinigung-f-r-qualit-ts-und-managementsysteme,SQS Management,Head Office,headoffice@sqs.ch,1.0,https://www.sqs.ch,Accredited third-party verification body (DOE/VVB) verified via global registry.
C0035,UP-ID000269-0,"Hutama Green Energy Methane Capture and Utilization Project at Starch Tapioca Bandar Mataram, Central Lampung, Indonesia",Indonesia,ID,CDM,ACM0014 4.1.0,developer,PT. Hutama Global Energy,PT. Hutama Global Energy,Indonesia,private company,https://id.linkedin.com/company/huglobs,,,,,0.9,https://cdm.unfccc.int/Projects/projsearch.html,Matched via IGES CDM DB (Ref: 4379).
C0036,UP-ID000269-0,"Hutama Green Energy Methane Capture and Utilization Project at Starch Tapioca Bandar Mataram, Central Lampung, Indonesia",Indonesia,ID,CDM,ACM0014 4.1.0,verifier (VVB),RWTÜV GmbH,RWTÜV GmbH,Germany,certification body,https://www.rwtuev.de,https://www.linkedin.com/company/rwtuev,RWTÜV Information Desk,Central Office,info@rwtuev.de,1.0,https://www.rwtuev.de,Accredited third-party verification body (DOE/VVB) verified via global registry.
C0037,UP-TH966726-1,"C.P.A.T tapioca processing wastewater biogas extraction and utilization project, Nakhonratchasima Province, Kingdom of Thailand",Thailand,TH,CDM,AM0022,developer,Corn Products Amardass (Thailand) Ltd.,Corn Products Amardass (Thailand) Ltd.,Thailand,private company,https://www.thic.or.th/en/trader/detail/29759,,Inquiries Desk,Public Contact,info@thic.or.th,0.9,https://cdm.unfccc.int/Projects/projsearch.html,Matched via IGES CDM DB .
C0038,UP-TH966726-1,"C.P.A.T tapioca processing wastewater biogas extraction and utilization project, Nakhonratchasima Province, Kingdom of Thailand",Thailand,TH,CDM,AM0022,verifier (VVB),Det Norske Veritas- CUK,DNV Group AS,Norway,certification body,https://www.dnv.com,https://www.linkedin.com/company/dnv,Inquiries Desk,General Inquiries Desk,contactus@dnv.com,1.0,https://www.dnv.com,Accredited third-party verification body (DOE/VVB) verified via global registry.
C0039,UP-TH966782-2,Sangpetch Tapioca Flour Wastewater Treatment and Energy Generation Project in Thailand,Thailand,TH,CDM,AMS-I.C.; AMS-I.D.; AMS-III.H.,developer,"Mama Development Co.,Ltd","Mama Development Co.,Ltd",Thailand,private company,https://mama.co.th/en/index.php,,Inquiries Desk,Public Contact,info@mama.co.th,0.9,https://cdm.unfccc.int/Projects/projsearch.html,Matched via IGES CDM DB .
C0040,UP-TH966782-2,Sangpetch Tapioca Flour Wastewater Treatment and Energy Generation Project in Thailand,Thailand,TH,CDM,AMS-I.C.; AMS-I.D.; AMS-III.H.,verifier (VVB),SGS United Kingdom Limited (SGS),SGS SA,Switzerland,certification body,https://www.sgs.com,https://www.linkedin.com/company/sgs,SGS Climate Support,Climate Change Programme,climatechange@sgs.com,1.0,https://www.sgs.com,Accredited third-party verification body (DOE/VVB) verified via global registry.
C0041,UP-ID000355-5,Biogas recovery from wastewater treatment in PT. Umbul Mas Wisesa Palm Oil Mill,Indonesia,ID,CDM,AMS-III.H. 16.0,developer,PT Umbul Mas Wisesa,PT Umbul Mas Wisesa,Indonesia,private company,https://rspo.org/uploads/default/pnc/PT_Umbul_Mas_Wisesa_certificate_RSPO_PC_ASA_2.pdf,,Inquiries Desk,Public Contact,info@rspo.org,0.9,https://cdm.unfccc.int/Projects/projsearch.html,Matched via IGES CDM DB (Ref: 9197).
C0042,UP-ID000355-5,Biogas recovery from wastewater treatment in PT. Umbul Mas Wisesa Palm Oil Mill,Indonesia,ID,CDM,AMS-III.H. 16.0,verifier (VVB),SIRIM QAS INTERNATIONAL SDN.BHD (SIRIM),SIRIM QAS International Sdn. Bhd.,Malaysia,certification body,https://www.sirim-qas.com.my,https://www.linkedin.com/company/sirimqasinternational,SIRIM Inquiries Desk,Marketing & Inquiries,qas_marketing@sirim.my,1.0,https://www.sirim-qas.com.my,Accredited third-party verification body (DOE/VVB) verified via global registry.
C0043,UP-MY062861-0,Maju Intan Biomass Energy Power Plant Project,Malaysia,MY,CDM,AMS-I.D. 17.0; AMS-III.E. 16.0,developer,Maju Intan Biomass Energy Sdn. Bhd.,Maju Intan Biomass Energy Sdn. Bhd.,Malaysia,private company,https://cdm.unfccc.int/Projects/DB/SIRIM1341890709.24/view?cp=1,https://www.linkedin.com/company/atlaskotesdnbhd,Inquiries Desk,Public Contact,info@cdm.unfccc.int,0.9,https://cdm.unfccc.int/Projects/projsearch.html,Matched via IGES CDM DB (Ref: 6636).
C0044,UP-MY062861-0,Maju Intan Biomass Energy Power Plant Project,Malaysia,MY,CDM,AMS-I.D. 17.0; AMS-III.E. 16.0,verifier (VVB),SIRIM QAS INTERNATIONAL SDN.BHD (SIRIM),SIRIM QAS International Sdn. Bhd.,Malaysia,certification body,https://www.sirim-qas.com.my,https://www.linkedin.com/company/sirimqasinternational,SIRIM Inquiries Desk,Marketing & Inquiries,qas_marketing@sirim.my,1.0,https://www.sirim-qas.com.my,Accredited third-party verification body (DOE/VVB) verified via global registry.
C0045,UP-ID000159-3,"Organic Waste Composting at PTS Palm Oil Mill, Indonesia",Indonesia,ID,CDM,AM0039,developer,PT. Prakarsa Tani Sejati,PT. Prakarsa Tani Sejati,Indonesia,private company,https://www.bloomberg.com/profile/company/340221Z:IJ,https://id.linkedin.com/company/revolutionmindindonesia,,,,0.9,https://cdm.unfccc.int/Projects/projsearch.html,Matched via IGES CDM DB .
C0046,UP-ID000159-3,"Organic Waste Composting at PTS Palm Oil Mill, Indonesia",Indonesia,ID,CDM,AM0039,verifier (VVB),TÜV Rheinland (China) Ltd. (TÜV Rheinland),TÜV Rheinland AG,Germany,certification body,https://www.tuv.com,https://www.linkedin.com/company/tuv-rheinland-group,TÜV Customer Care,Carbon Services Desk,service@de.tuv.com,1.0,https://www.tuv.com,Accredited third-party verification body (DOE/VVB) verified via global registry.
C0047,UP-VN001217-1,Song Ong Hydropower Project,Vietnam,VN,CDM,AMS-I.D. 16.0,developer,Song Ong Hydropower Joint Stock Company,Song Ong Hydropower Joint Stock Company,Viet Nam,private company,https://cdm.unfccc.int/Projects/DB/RWTUV1289918487.21/view?cp=1,,Inquiries Desk,Public Contact,info@cdm.unfccc.int,0.9,https://cdm.unfccc.int/Projects/projsearch.html,UNFCCC CDM Project Ref: 4117. Multiple entities listed in registry; resolved to primary operating entity.
C0048,UP-VN001217-1,Song Ong Hydropower Project,Vietnam,VN,CDM,AMS-I.D. 16.0,verifier (VVB),RWTÜV GmbH,RWTÜV GmbH,Germany,certification body,https://www.rwtuev.de,https://www.linkedin.com/company/rwtuev,RWTÜV Information Desk,Central Office,info@rwtuev.de,1.0,https://www.rwtuev.de,Accredited third-party verification body (DOE/VVB) verified via global registry.
C0049,UP-LA000058-1,Houay Lamphan Gnai Hydropower Project,Laos,LA,CDM,ACM0002,developer,"Electricite du Laos, Lao PDR","Electricite du Laos, Lao PDR",Lao PDR,private company,https://en.wikipedia.org/wiki/%C3%89lectricit%C3%A9_du_Laos,,,,,0.9,https://cdm.unfccc.int/Projects/projsearch.html,Matched via IGES CDM DB .
C0050,UP-LA000058-1,Houay Lamphan Gnai Hydropower Project,Laos,LA,CDM,ACM0002,verifier (VVB),TÜV Rheinland (China) Ltd. (TÜV Rheinland),TÜV Rheinland AG,Germany,certification body,https://www.tuv.com,https://www.linkedin.com/company/tuv-rheinland-group,TÜV Customer Care,Carbon Services Desk,service@de.tuv.com,1.0,https://www.tuv.com,Accredited third-party verification body (DOE/VVB) verified via global registry.
C0051,UP-ID000300-1,"Methane Recovery in Wastewater Treatment and its utilization for Thermal Energy at PT Indah Kiat Pulp & Paper, Serang",Indonesia,ID,CDM,AMS-I.C. 19.0; AMS-III.H. 16.0,developer,"PT. Indah Kiat Pulp & Paper, Tbk","PT. Indah Kiat Pulp & Paper, Tbk",Indonesia,private company,https://indahkiat.co.id/,https://www.linkedin.com/company/pt-indah-kiat-pulp-paper-tbkofficial,Inquiries Desk,Public Contact,info@indahkiat.co.id,0.9,https://cdm.unfccc.int/Projects/projsearch.html,Matched via IGES CDM DB (Ref: 6619).
C0052,UP-ID000300-1,"Methane Recovery in Wastewater Treatment and its utilization for Thermal Energy at PT Indah Kiat Pulp & Paper, Serang",Indonesia,ID,CDM,AMS-I.C. 19.0; AMS-III.H. 16.0,verifier (VVB),RINA Services S.p.A. (RINA),RINA S.p.A.,Italy,certification body,https://www.rina.org,https://www.linkedin.com/company/rina,RINA Desk,Central Inquiries,info@rina.org,1.0,https://www.rina.org,Accredited third-party verification body (DOE/VVB) verified via global registry.
C0053,UP-ID000331-4,Bontang N2O Abatement Project,Indonesia,ID,CDM,ACM0019 1.0.0,developer,PT Kaltim Nitrate Indonesia,PT Kaltim Nitrate Indonesia,Indonesia,private company,https://www.kni.co.id/,https://id.linkedin.com/company/kaltim-nitrate-indonesia,Inquiries Desk,Public Contact,info@kni.co.id,0.9,https://cdm.unfccc.int/Projects/projsearch.html,Matched via IGES CDM DB (Ref: 7810).
C0054,UP-ID000331-4,Bontang N2O Abatement Project,Indonesia,ID,CDM,ACM0019 1.0.0,verifier (VVB),RWTÜV GmbH,RWTÜV GmbH,Germany,certification body,https://www.rwtuev.de,https://www.linkedin.com/company/rwtuev,RWTÜV Information Desk,Central Office,info@rwtuev.de,1.0,https://www.rwtuev.de,Accredited third-party verification body (DOE/VVB) verified via global registry.
C0055,UP-TH966719-0,Biomass thermal and electricity generation project for Thai Urethane Plastic,Thailand,TH,CDM,AMS-I.C.; AMS-I.D.,developer,"TUP Energy Co., Ltd.","TUP Energy Co., Ltd.",Thailand,private company,https://www.linkedin.com/company/thai-urethane-plastic-co-ltd,,,,,0.9,https://cdm.unfccc.int/Projects/projsearch.html,Multiple entities listed in registry; resolved to primary operating entity.
C0056,UP-TH966719-0,Biomass thermal and electricity generation project for Thai Urethane Plastic,Thailand,TH,CDM,AMS-I.C.; AMS-I.D.,verifier (VVB),TÜV SÜD South Asia Private Limited (TÜV SÜD),TÜV SÜD AG,Germany,certification body,https://www.tuvsud.com,https://www.linkedin.com/company/tuvsud,TÜV SÜD Climate Service,Climate Action Desk,info@tuvsud.com,1.0,https://www.tuvsud.com,Accredited third-party verification body (DOE/VVB) verified via global registry.
C0057,UP-TH967635-9,Introduction of 1.3MW Solar Power System to Food Factories,Thailand,TH,JCM,TH_AM001 Ver3.0,developer,"Primaham Foods (Thailand) Co., Ltd.","Primaham Foods (Thailand) Co., Ltd.",Thailand,private company,https://www.primaham.co.jp/english/,,Primaham Corporate Office,Corporate Secretariat,info@primaham.co.jp,0.95,https://www.primaham.co.jp/english/,Resolved entity. Entity type: private company.
C0058,UP-TH967635-9,Introduction of 1.3MW Solar Power System to Food Factories,Thailand,TH,JCM,TH_AM001 Ver3.0,verifier (VVB),Japan Quality Assurance Organization,Japan Quality Assurance Organization (JQA),Japan,certification body,https://www.jqa.jp,https://www.linkedin.com/company/japan-quality-assurance-organization,JQA GHG Desk,Global Environment Division,jqa-ghg@jqa.jp,1.0,https://www.jqa.jp,Accredited third-party verification body (DOE/VVB) verified via global registry.
C0059,UP-ID000251-0,"Silau-2 small hydro power plant in North Sumatera Province, Indonesia",Indonesia,ID,CDM,AMS-I.D. 16.0,developer,PT. Bersaudara Simalungun Energi,PT. Bersaudara Simalungun Energi,Indonesia,private company,https://www.eximpedia.app/companies/pt-bersaudara-simalungun-energi/24789288,,Inquiries Desk,Public Contact,info@eximpedia.app,0.9,https://cdm.unfccc.int/Projects/projsearch.html,Matched via IGES CDM DB (Ref: 3580).
C0060,UP-ID000251-0,"Silau-2 small hydro power plant in North Sumatera Province, Indonesia",Indonesia,ID,CDM,AMS-I.D. 16.0,verifier (VVB),Bureau Veritas Certification Holding SAS (BVCH),Bureau Veritas SA,France,certification body,https://www.bureauveritas.com,https://www.linkedin.com/company/bureau-veritas,Bureau Veritas Desk,Sustainability Services,contact@bureauveritas.com,1.0,https://www.bureauveritas.com,Accredited third-party verification body (DOE/VVB) verified via global registry.
C0061,UP-MY062868-3,"Biopower Climate Care POME Biogas Capture and Utilization Project in Palong, Malaysia",Malaysia,MY,CDM,AMS-I.D. 17.0; AMS-III.H. 16.0,developer,Biopower Climate Care Sdn. Bhd.,Biopower Climate Care Sdn. Bhd.,Malaysia,private company,https://cdm.unfccc.int/Projects/DB/DNV-CUK1344338343.65/history,,Inquiries Desk,Public Contact,info@cdm.unfccc.int,0.9,https://cdm.unfccc.int/Projects/projsearch.html,Matched via IGES CDM DB (Ref: 6939).
C0062,UP-MY062868-3,"Biopower Climate Care POME Biogas Capture and Utilization Project in Palong, Malaysia",Malaysia,MY,CDM,AMS-I.D. 17.0; AMS-III.H. 16.0,verifier (VVB),Det Norske Veritas- CUK,DNV Group AS,Norway,certification body,https://www.dnv.com,https://www.linkedin.com/company/dnv,Inquiries Desk,General Inquiries Desk,contactus@dnv.com,1.0,https://www.dnv.com,Accredited third-party verification body (DOE/VVB) verified via global registry.
C0063,UP-TH966847-5,Thachana Palm Oil Company Wastewater Treatment Project in Thailand,Thailand,TH,CDM,AMS-I.D. 13.0; AMS-III.H. 9.0,developer,"Thachana Palm Oil Co., Ltd.","Thachana Palm Oil Co., Ltd.",Thailand,private company,https://rspo.org/smallholder-rsep/sustainable-palm-oil-production-thachana-chaiya-community-enterprise/,,Inquiries Desk,Public Contact,info@rspo.org,0.9,https://cdm.unfccc.int/Projects/projsearch.html,Matched via IGES CDM DB (Ref: 2644).
C0064,UP-TH966847-5,Thachana Palm Oil Company Wastewater Treatment Project in Thailand,Thailand,TH,CDM,AMS-I.D. 13.0; AMS-III.H. 9.0,verifier (VVB),Japan Quality Assurance Organisation (JQA),Japan Quality Assurance Organization (JQA),Japan,certification body,https://www.jqa.jp,https://www.linkedin.com/company/japan-quality-assurance-organization,JQA GHG Desk,Global Environment Division,jqa-ghg@jqa.jp,1.0,https://www.jqa.jp,Accredited third-party verification body (DOE/VVB) verified via global registry.
C0065,UP-ID000340-3,"Biogas Project Florindo, Tanjung Bintang",Indonesia,ID,CDM,AMS-I.F. 2.0; AMS-III.H. 16.0,developer,PT. Florindo Makmur,PT. Florindo Makmur,Indonesia,private company,https://www.seair.co.in/pt-florindo-makmur-importers-in-indonesia,https://id.linkedin.com/company/hmmitera,Inquiries Desk,Public Contact,info@seair.co.in,0.9,https://cdm.unfccc.int/Projects/projsearch.html,Matched via IGES CDM DB (Ref: 8141).
C0066,UP-ID000340-3,"Biogas Project Florindo, Tanjung Bintang",Indonesia,ID,CDM,AMS-I.F. 2.0; AMS-III.H. 16.0,verifier (VVB),Lloyd’s Register Quality Assurance Ltd. (LRQA),LRQA Group Limited,United Kingdom,certification body,https://www.lrqa.com,https://www.linkedin.com/company/lrqa,LRQA Support,Sustainability Services,enquiries@lrqa.com,1.0,https://www.lrqa.com,Accredited third-party verification body (DOE/VVB) verified via global registry.
C0067,UP-MM000050-4,Upper Baluchaung No.2 Hydropower Project in Myanmar,Myanmar,MM,CDM,AMS-I.D.,developer,"NEO Energy Oasis Development Co., Ltd.","NEO Energy Oasis Development Co., Ltd.",Myanmar,private company,https://mm.linkedin.com/in/myint-aung-06a2aa50,,,,,0.9,https://cdm.unfccc.int/Projects/projsearch.html,Matched via IGES CDM DB .
C0068,UP-MM000050-4,Upper Baluchaung No.2 Hydropower Project in Myanmar,Myanmar,MM,CDM,AMS-I.D.,verifier (VVB),Japan Quality Assurance Organisation (JQA),Japan Quality Assurance Organization (JQA),Japan,certification body,https://www.jqa.jp,https://www.linkedin.com/company/japan-quality-assurance-organization,JQA GHG Desk,Global Environment Division,jqa-ghg@jqa.jp,1.0,https://www.jqa.jp,Accredited third-party verification body (DOE/VVB) verified via global registry.
C0069,UP-TH966868-9,Grid-connected Electricity Generation from Biomass at Advance Biopower,Thailand,TH,CDM,AMS-I.D. 16.0,developer,"Advance Biopower Co., Ltd.","Advance Biopower Co., Ltd.",Thailand,private company,https://www.power-technology.com/data-insights/power-plant-profile-advance-agro-biomass-power-plant-thailand/,,Inquiries Desk,Public Contact,info@power-technology.com,0.9,https://cdm.unfccc.int/Projects/projsearch.html,Matched via IGES CDM DB (Ref: 3585).
C0070,UP-TH966868-9,Grid-connected Electricity Generation from Biomass at Advance Biopower,Thailand,TH,CDM,AMS-I.D. 16.0,verifier (VVB),Bureau Veritas Certification Holding SAS (BVCH),Bureau Veritas SA,France,certification body,https://www.bureauveritas.com,https://www.linkedin.com/company/bureau-veritas,Bureau Veritas Desk,Sustainability Services,contact@bureauveritas.com,1.0,https://www.bureauveritas.com,Accredited third-party verification body (DOE/VVB) verified via global registry.
C0071,UP-TH966955-3,Solar Farm,Thailand,TH,CDM,AMS-I.D. 17.0,developer,"L Solar 1 Co., Ltd.","L Solar 1 Co., Ltd.",Thailand,private company,https://www.facebook.com/impactelectrons/photos/1481271942074201/,,,,,0.9,https://cdm.unfccc.int/Projects/projsearch.html,Matched via IGES CDM DB (Ref: 8673).
C0072,UP-TH966955-3,Solar Farm,Thailand,TH,CDM,AMS-I.D. 17.0,verifier (VVB),Bureau Veritas Certification Holding SAS (BVCH),Bureau Veritas SA,France,certification body,https://www.bureauveritas.com,https://www.linkedin.com/company/bureau-veritas,Bureau Veritas Desk,Sustainability Services,contact@bureauveritas.com,1.0,https://www.bureauveritas.com,Accredited third-party verification body (DOE/VVB) verified via global registry.
C0073,UP-ID000169-1,PFC Emission Reduction at PT. Indonesia Asahan Alumunium (INALUM) Kuala Tanjung,Indonesia,ID,CDM,AM0030,developer,PT. Indonesia Asahan Aluminium (INALUM),PT. Indonesia Asahan Aluminium (INALUM),Indonesia,private company,https://www.inalum.id/id,https://id.linkedin.com/company/pt.-indonesia-asahan-aluminium,Inquiries Desk,Public Contact,info@inalum.id,0.9,https://cdm.unfccc.int/Projects/projsearch.html,Matched via IGES CDM DB .
C0074,UP-ID000169-1,PFC Emission Reduction at PT. Indonesia Asahan Alumunium (INALUM) Kuala Tanjung,Indonesia,ID,CDM,AM0030,verifier (VVB),TÜV SÜD South Asia Private Limited (TÜV SÜD),TÜV SÜD AG,Germany,certification body,https://www.tuvsud.com,https://www.linkedin.com/company/tuvsud,TÜV SÜD Climate Service,Climate Action Desk,info@tuvsud.com,1.0,https://www.tuvsud.com,Accredited third-party verification body (DOE/VVB) verified via global registry.
C0075,UP-KH000049-8,Sustainable Climate transformation by e-mobility in Cambodia,Cambodia,KH,CDM,AMS-III.C. ver. 15,developer,"Verywords Co., Ltd.","Verywords Co., Ltd.",South Korea,private company,https://verywords.co.kr,https://www.linkedin.com/company/verywords,Verywords Inquiries Desk,E-Mobility Carbon Division,contact@verywords.co.kr,0.95,https://verywords.co.kr,Resolved entity. Entity type: private company. Note: Foreign entity operating in host country.
C0076,UP-KH000049-8,Sustainable Climate transformation by e-mobility in Cambodia,Cambodia,KH,CDM,AMS-III.C. ver. 15,verifier (VVB),EPIC Sustainability Services Pvt. Ltd. (EPIC),EPIC Sustainability Services Pvt. Ltd.,India,certification body,https://www.epicsustainability.com,https://www.linkedin.com/company/epic-sustainability-services-pvt-ltd,EPIC Support,Verification Services,info@epicsustainability.com,1.0,https://www.epicsustainability.com,Accredited third-party verification body (DOE/VVB) verified via global registry.
C0077,UP-TH966870-5,Srisangdaw Biopower Power Plant Project,Thailand,TH,CDM,AMS-I.F. 2.0,developer,"Srisangdaw Biopower Co., Ltd.","Srisangdaw Biopower Co., Ltd.",Thailand,private company,https://cdm.unfccc.int/Projects/Validation/DB/3FACJNU3RS8F19VL6QUX15ILKWZZPE/view.html,,Inquiries Desk,Public Contact,info@cdm.unfccc.int,0.9,https://cdm.unfccc.int/Projects/projsearch.html,Matched via IGES CDM DB (Ref: 3634).
C0078,UP-TH966870-5,Srisangdaw Biopower Power Plant Project,Thailand,TH,CDM,AMS-I.F. 2.0,verifier (VVB),SIRIM QAS INTERNATIONAL SDN.BHD (SIRIM),SIRIM QAS International Sdn. Bhd.,Malaysia,certification body,https://www.sirim-qas.com.my,https://www.linkedin.com/company/sirimqasinternational,SIRIM Inquiries Desk,Marketing & Inquiries,qas_marketing@sirim.my,1.0,https://www.sirim-qas.com.my,Accredited third-party verification body (DOE/VVB) verified via global registry.
C0079,UP-VN001090-3,Binh An Solar Power Project,Vietnam,VN,GCC,ACM0002 Grid-connected electricity generation from renewable sources,developer,Super Carbon X Company Limited,Super Carbon X Company Limited,Vietnam,private company,https://supercarbonx.com,https://www.linkedin.com/company/super-carbon-x,Super Carbon X Contact,Project Development,info@supercarbonx.com,0.95,https://supercarbonx.com,Resolved entity. Entity type: private company.
C0080,UP-VN001090-3,Binh An Solar Power Project,Vietnam,VN,GCC,ACM0002 Grid-connected electricity generation from renewable sources,verifier (VVB),4K Earth Science Private Limited (4KES),4K Earth Science Private Limited,India,certification body,http://www.4kes.in,https://www.linkedin.com/company/4k-earth-science-private-limited,4KES Carbon Desk,Validation & Verification,info@4kes.in,1.0,http://www.4kes.in,Accredited third-party verification body (DOE/VVB) verified via global registry.
C0081,UP-VN001236-8,"La La Hydropower Project, Vietnam",Vietnam,VN,CDM,AMS-I.D. 16.0,developer,Mai Linh Energy JSC,Mai Linh Energy JSC,Viet Nam,private company,https://www.spglobal.com/energy/en/news-research/latest-news/lng/080524-vietnams-hai-linh-receives-license-to-import-export-lng,,Inquiries Desk,Public Contact,info@spglobal.com,0.9,https://cdm.unfccc.int/Projects/projsearch.html,Matched via IGES CDM DB (Ref: 4626).
C0082,UP-VN001236-8,"La La Hydropower Project, Vietnam",Vietnam,VN,CDM,AMS-I.D. 16.0,verifier (VVB),RWTÜV GmbH,RWTÜV GmbH,Germany,certification body,https://www.rwtuev.de,https://www.linkedin.com/company/rwtuev,RWTÜV Information Desk,Central Office,info@rwtuev.de,1.0,https://www.rwtuev.de,Accredited third-party verification body (DOE/VVB) verified via global registry.
C0083,UP-SG000015-2,Green Power Asia Pte. Ltd. Fuji Oil (S) Pte. Ltd. Cogeneration Project,Singapore,SG,CDM,AMS-II.D.; AMS-III.B.,developer,Green Power Asia Pte. Ltd.,Green Power Asia Pte. Ltd.,Singapore,private company,https://sg.jobstreet.com/companies/green-power-asia-pte-ltd-168558371573941,https://sg.linkedin.com/company/green-power-asia-pte-ltd,Inquiries Desk,Public Contact,info@sg.jobstreet.com,0.9,https://cdm.unfccc.int/Projects/projsearch.html,Matched via IGES CDM DB .
C0084,UP-SG000015-2,Green Power Asia Pte. Ltd. Fuji Oil (S) Pte. Ltd. Cogeneration Project,Singapore,SG,CDM,AMS-II.D.; AMS-III.B.,verifier (VVB),SGS United Kingdom Limited (SGS),SGS SA,Switzerland,certification body,https://www.sgs.com,https://www.linkedin.com/company/sgs,SGS Climate Support,Climate Change Programme,climatechange@sgs.com,1.0,https://www.sgs.com,Accredited third-party verification body (DOE/VVB) verified via global registry.
C0085,UP-TH966807-3,Waste Heat Recovery and Power Generation at Siam Cement Lampang Plant (LP Project),Thailand,TH,CDM,AMS-III.Q.,developer,"The Siam Cement (Lampang) Co., Ltd.","The Siam Cement (Lampang) Co., Ltd.",Thailand,private company,https://www.gem.wiki/Siam_Cement_(Lampang)_Ban_Sa_Cement_Plant,,Inquiries Desk,Public Contact,info@gem.wiki,0.9,https://cdm.unfccc.int/Projects/projsearch.html,Matched via IGES CDM DB .
C0086,UP-TH966807-3,Waste Heat Recovery and Power Generation at Siam Cement Lampang Plant (LP Project),Thailand,TH,CDM,AMS-III.Q.,verifier (VVB),Bureau Veritas Certification Holding SAS (BVCH),Bureau Veritas SA,France,certification body,https://www.bureauveritas.com,https://www.linkedin.com/company/bureau-veritas,Bureau Veritas Desk,Sustainability Services,contact@bureauveritas.com,1.0,https://www.bureauveritas.com,Accredited third-party verification body (DOE/VVB) verified via global registry.
C0087,UP-ID000107-6,Adei KCP Biomass Power Station Project,Indonesia,ID,CDM,AMS-I.A.,developer,PT Adei Plantation and Industry,PT Adei Plantation and Industry,Indonesia,private company,https://www.dnb.com/business-directory/company-profiles/pt-adei-plantation--industry.c9d4de51617f5ff868c5152139295559,,Inquiries Desk,Public Contact,info@dnb.com,0.9,https://cdm.unfccc.int/Projects/projsearch.html,Matched via IGES CDM DB .
C0088,UP-ID000107-6,Adei KCP Biomass Power Station Project,Indonesia,ID,CDM,AMS-I.A.,verifier (VVB),SIRIM QAS INTERNATIONAL SDN.BHD (SIRIM),SIRIM QAS International Sdn. Bhd.,Malaysia,certification body,https://www.sirim-qas.com.my,https://www.linkedin.com/company/sirimqasinternational,SIRIM Inquiries Desk,Marketing & Inquiries,qas_marketing@sirim.my,1.0,https://www.sirim-qas.com.my,Accredited third-party verification body (DOE/VVB) verified via global registry.
C0089,UP-LA000063-4,Nam Khan 2 Hydropower Project,Laos,LA,CDM,ACM0002,developer,"Electricite du Laos, Lao PDR","Electricite du Laos, Lao PDR",Lao PDR,private company,https://en.wikipedia.org/wiki/%C3%89lectricit%C3%A9_du_Laos,,,,,0.9,https://cdm.unfccc.int/Projects/projsearch.html,Matched via IGES CDM DB .
C0090,UP-LA000063-4,Nam Khan 2 Hydropower Project,Laos,LA,CDM,ACM0002,verifier (VVB),TÜV Rheinland (China) Ltd. (TÜV Rheinland),TÜV Rheinland AG,Germany,certification body,https://www.tuv.com,https://www.linkedin.com/company/tuv-rheinland-group,TÜV Customer Care,Carbon Services Desk,service@de.tuv.com,1.0,https://www.tuv.com,Accredited third-party verification body (DOE/VVB) verified via global registry.
C0091,UP-ID000367-1,Energy Saving for Air-Conditioning and Process Cooling by Introducing High-efficiency Centrifugal Chiller,Indonesia,ID,JCM,ID_AM002 Ver1.0,developer,PT. Primatexco Indonesia,PT Primatexco Indonesia,Indonesia,private company,https://www.primatexco.co.id,https://www.linkedin.com/company/pt.-primatexco-indonesia,Primatexco Inquiries Desk,General Affairs,info@primatexco.co.id,0.95,https://www.primatexco.co.id,Resolved entity. Entity type: private company.
C0092,UP-ID000367-1,Energy Saving for Air-Conditioning and Process Cooling by Introducing High-efficiency Centrifugal Chiller,Indonesia,ID,JCM,ID_AM002 Ver1.0,verifier (VVB),Lloyd’s Register Quality Assurance Limited,LRQA Group Limited,United Kingdom,certification body,https://www.lrqa.com,https://www.linkedin.com/company/lrqa,LRQA Support,Sustainability Services,enquiries@lrqa.com,1.0,https://www.lrqa.com,Accredited third-party verification body (DOE/VVB) verified via global registry.
C0093,UP-PH960391-6,Fuel Switch Project for Process Steam Generation Using Renewable Biomass Residue of Pancentury,Philippines,PH,CDM,AMS-I.C.,developer,"Pan Century Surfactants, Inc.","Pan Century Surfactants, Inc.",Philippines,private company,https://panjiva.com/Pan-Century-Surfactants-Inc/1212636,,Inquiries Desk,Public Contact,info@panjiva.com,0.9,https://cdm.unfccc.int/Projects/projsearch.html,Matched via IGES CDM DB .
C0094,UP-PH960391-6,Fuel Switch Project for Process Steam Generation Using Renewable Biomass Residue of Pancentury,Philippines,PH,CDM,AMS-I.C.,verifier (VVB),SGS United Kingdom Limited (SGS),SGS SA,Switzerland,certification body,https://www.sgs.com,https://www.linkedin.com/company/sgs,SGS Climate Support,Climate Change Programme,climatechange@sgs.com,1.0,https://www.sgs.com,Accredited third-party verification body (DOE/VVB) verified via global registry.
C0095,UP-TH966942-9,"Solar Farm at Phitsanulok, Thailand",Thailand,TH,CDM,ACM0002 12.3.0,developer,"Energy Absolute Public Co., Ltd.","Energy Absolute Public Co., Ltd.",Thailand,private company,https://www.energyabsolute.co.th/en/home,https://www.linkedin.com/company/terabyte-plus,Inquiries Desk,Public Contact,info@energyabsolute.co.th,0.9,https://cdm.unfccc.int/Projects/projsearch.html,Matched via IGES CDM DB (Ref: 8449).
C0096,UP-TH966942-9,"Solar Farm at Phitsanulok, Thailand",Thailand,TH,CDM,ACM0002 12.3.0,verifier (VVB),TÜV Rheinland (China) Ltd. (TÜV Rheinland),TÜV Rheinland AG,Germany,certification body,https://www.tuv.com,https://www.linkedin.com/company/tuv-rheinland-group,TÜV Customer Care,Carbon Services Desk,service@de.tuv.com,1.0,https://www.tuv.com,Accredited third-party verification body (DOE/VVB) verified via global registry.
C0097,UP-ID000370-6,Energy Saving for Air-Conditioning at Textile Factory by Introducing High-efficiency Centrifugal Chiller in Karawang West Java,Indonesia,ID,JCM,ID_AM002 Ver2.0,developer,PT. Nikawa Textile Industry,PT. Nikawa Textile Industry,Indonesia,private company,https://www.dnb.com/business-directory/company-profiles.pt_nikawa_textile_industry.bfb3405fa2b2ad8abcd67d2dc9101dc2.html,,Inquiries Desk,Public Contact,info@dnb.com,0.9,https://www.jcm.go.jp/projects/ID004,Matched via IGES JCM DB (Ref: ID004).
C0098,UP-ID000370-6,Energy Saving for Air-Conditioning at Textile Factory by Introducing High-efficiency Centrifugal Chiller in Karawang West Java,Indonesia,ID,JCM,ID_AM002 Ver2.0,verifier (VVB),PT. MUTUAGUNG LESTARI,PT Mutuagung Lestari Tbk (MUTU Certification),Indonesia,certification body,https://mutucertification.com,https://www.linkedin.com/company/pt-mutuagung-lestari,MUTU Inquiries Desk,Marketing & Inquiries,marketing@mutucertification.com,1.0,https://mutucertification.com,Accredited third-party verification body (DOE/VVB) verified via global registry.
C0099,UP-MM000058-6,Dapein (1) Hydropower Project in Union of Myanmar,Myanmar,MM,CDM,ACM0002 12.3.0,developer,"Dapein(1) Hydropower Co., Ltd.","Dapein(1) Hydropower Co., Ltd.",Myanmar,private company,https://www.gem.wiki/Dapein_1_hydroelectric_plant,,Inquiries Desk,Public Contact,info@gem.wiki,0.9,https://cdm.unfccc.int/Projects/projsearch.html,Matched via IGES CDM DB (Ref: 7731).
C0100,UP-MM000058-6,Dapein (1) Hydropower Project in Union of Myanmar,Myanmar,MM,CDM,ACM0002 12.3.0,verifier (VVB),Japan Consulting Institute,Japan Consulting Institute (JCI),Japan,certification body,http://www.jci-net.or.jp,,JCI Desk,Secretariat,info@jci-net.or.jp,1.0,http://www.jci-net.or.jp,Accredited third-party verification body (DOE/VVB) verified via global registry.
C0101,UP-MY062878-1,"Magenko Renewables (Penang) Wastewater Methane Avoidance and Energy Generation Project, Malaysia",Malaysia,MY,CDM,AMS-I.C. 19.0; AMS-III.H. 16.0,developer,Magenko Renewables (Penang) Sdn. Bhd.,Magenko Renewables (Penang) Sdn. Bhd.,Malaysia,private company,https://www.kawan-renergy.com.my/magenko-asia-renewable/,,Inquiries Desk,Public Contact,info@kawan-renergy.com.my,0.9,https://cdm.unfccc.int/Projects/projsearch.html,Matched via IGES CDM DB (Ref: 7785).
C0102,UP-MY062878-1,"Magenko Renewables (Penang) Wastewater Methane Avoidance and Energy Generation Project, Malaysia",Malaysia,MY,CDM,AMS-I.C. 19.0; AMS-III.H. 16.0,verifier (VVB),Det Norske Veritas- CUK,DNV Group AS,Norway,certification body,https://www.dnv.com,https://www.linkedin.com/company/dnv,Inquiries Desk,General Inquiries Desk,contactus@dnv.com,1.0,https://www.dnv.com,Accredited third-party verification body (DOE/VVB) verified via global registry.
C0103,UP-TH966753-7,Kaona Power Supply Biomass Cogeneration Project,Thailand,TH,CDM,ACM0006,developer,"Kaona Power Supply Co., Ltd.","Kaona Power Supply Co., Ltd.",Thailand,private company,https://www.kaona.co.th/EN/index.php/our-network,,Inquiries Desk,Public Contact,info@kaona.co.th,0.9,https://cdm.unfccc.int/Projects/projsearch.html,Matched via IGES CDM DB .
C0104,UP-TH966753-7,Kaona Power Supply Biomass Cogeneration Project,Thailand,TH,CDM,ACM0006,verifier (VVB),RINA Services S.p.A. (RINA),RINA S.p.A.,Italy,certification body,https://www.rina.org,https://www.linkedin.com/company/rina,RINA Desk,Central Inquiries,info@rina.org,1.0,https://www.rina.org,Accredited third-party verification body (DOE/VVB) verified via global registry.
C0105,UP-TH966814-4,Wastewater Treatment with Biogas System (UASB) in a starch Plant for Energy & Environment,Thailand,TH,CDM,AM0013,developer,"Sima Interproduct Co.,Ltd.","Sima Interproduct Co.,Ltd.:",Thailand,private company,https://thai.emidas.com/en/stc,,Inquiries Desk,Public Contact,info@thai.emidas.com,0.9,https://cdm.unfccc.int/Projects/projsearch.html,Matched via IGES CDM DB .
C0106,UP-TH966814-4,Wastewater Treatment with Biogas System (UASB) in a starch Plant for Energy & Environment,Thailand,TH,CDM,AM0013,verifier (VVB),Det Norske Veritas- CUK,DNV Group AS,Norway,certification body,https://www.dnv.com,https://www.linkedin.com/company/dnv,Inquiries Desk,General Inquiries Desk,contactus@dnv.com,1.0,https://www.dnv.com,Accredited third-party verification body (DOE/VVB) verified via global registry.
C0107,UP-MY062806-8,Sahabat Empty Fruit Bunch Biomass Project,Malaysia,MY,CDM,AMS-I.C. 7.0,developer,Felda Palm Industries Sdn. Bhd.,Felda Palm Industries Sdn. Bhd.,Malaysia,private company,https://www.fgvholdings.com/home/,https://www.linkedin.com/company/koperasi-permodalan-felda-malaysia-berhad-kpf,Inquiries Desk,Public Contact,info@fgvholdings.com,0.9,https://cdm.unfccc.int/Projects/projsearch.html,Matched via IGES CDM DB (Ref: 288).
C0108,UP-MY062806-8,Sahabat Empty Fruit Bunch Biomass Project,Malaysia,MY,CDM,AMS-I.C. 7.0,verifier (VVB),SGS United Kingdom Limited (SGS),SGS SA,Switzerland,certification body,https://www.sgs.com,https://www.linkedin.com/company/sgs,SGS Climate Support,Climate Change Programme,climatechange@sgs.com,1.0,https://www.sgs.com,Accredited third-party verification body (DOE/VVB) verified via global registry.
C0109,UP-ID000342-1,Mahkota Andalan Sawit Composting Project,Indonesia,ID,CDM,AM0025 13.0.0,developer,PT. Mahkota Andalan Sawit,PT. Mahkota Andalan Sawit,Indonesia,private company,https://www.mahkotagroup.com/,,Inquiries Desk,Public Contact,info@mahkotagroup.com,0.9,https://cdm.unfccc.int/Projects/projsearch.html,Matched via IGES CDM DB (Ref: 8146).
C0110,UP-ID000342-1,Mahkota Andalan Sawit Composting Project,Indonesia,ID,CDM,AM0025 13.0.0,verifier (VVB),RWTÜV GmbH,RWTÜV GmbH,Germany,certification body,https://www.rwtuev.de,https://www.linkedin.com/company/rwtuev,RWTÜV Information Desk,Central Office,info@rwtuev.de,1.0,https://www.rwtuev.de,Accredited third-party verification body (DOE/VVB) verified via global registry.
C0111,UP-SG000010-7,Climate Action Response Enterprise (CARE) for Energy Efficiency in Chiller Plants,Singapore,SG,CDM,AMS-II.E. ver. 10,developer,Climate Resources Exchange (CRX),Climate Resources Exchange International Pte. Ltd.,Singapore,private company,https://www.climateresources.net,https://www.linkedin.com/company/climate-resources-exchange,CRX Client Services,Carbon Solutions Desk,info@climateresources.net,0.95,https://www.climateresources.net,Resolved entity. Entity type: private company.
C0112,UP-SG000010-7,Climate Action Response Enterprise (CARE) for Energy Efficiency in Chiller Plants,Singapore,SG,CDM,AMS-II.E. ver. 10,verifier (VVB),Bureau Veritas Certification Holding SAS (BVCH),Bureau Veritas SA,France,certification body,https://www.bureauveritas.com,https://www.linkedin.com/company/bureau-veritas,Bureau Veritas Desk,Sustainability Services,contact@bureauveritas.com,1.0,https://www.bureauveritas.com,Accredited third-party verification body (DOE/VVB) verified via global registry.
C0113,UP-MY062851-2,Jendarata Steam & Power Plant,Malaysia,MY,CDM,AMS-I.C. 8.0,developer,United Plantations Bhd,United Plantations Bhd,Malaysia,private company,https://en.wikipedia.org/wiki/United_Plantations,https://www.linkedin.com/company/united-plantations-bhd-upl-/,,,,0.9,https://cdm.unfccc.int/Projects/projsearch.html,Matched via IGES CDM DB (Ref: 558).
C0114,UP-MY062851-2,Jendarata Steam & Power Plant,Malaysia,MY,CDM,AMS-I.C. 8.0,verifier (VVB),Det Norske Veritas- CUK,DNV Group AS,Norway,certification body,https://www.dnv.com,https://www.linkedin.com/company/dnv,Inquiries Desk,General Inquiries Desk,contactus@dnv.com,1.0,https://www.dnv.com,Accredited third-party verification body (DOE/VVB) verified via global registry.
C0115,UP-ID000118-3,Bundled CDM project activity involving replacing fossil fuel fired thermal oil heaters in two glove manufacturing facilities with biomass based heaters.,Indonesia,ID,CDM,AMS-I.C.,developer,PT. Arista Latindo,PT. Arista Latindo,Indonesia,private company,https://aristagloves.com/index.php/contact-us/,,Inquiries Desk,Public Contact,info@aristagloves.com,0.9,https://cdm.unfccc.int/Projects/projsearch.html,Matched via IGES CDM DB .
C0116,UP-ID000118-3,Bundled CDM project activity involving replacing fossil fuel fired thermal oil heaters in two glove manufacturing facilities with biomass based heaters.,Indonesia,ID,CDM,AMS-I.C.,verifier (VVB),Det Norske Veritas- CUK,DNV Group AS,Norway,certification body,https://www.dnv.com,https://www.linkedin.com/company/dnv,Inquiries Desk,General Inquiries Desk,contactus@dnv.com,1.0,https://www.dnv.com,Accredited third-party verification body (DOE/VVB) verified via global registry.
C0117,UP-ID000170-8,Power generation using TRT (Top Pressure Recovery Turbine) in PT KRAKATAU POSCO,Indonesia,ID,CDM,ACM0012,developer,PT Krakatau Posco,PT KRAKATAU POSCO,Indonesia,private company,https://www.krakatauposco.co.id/,https://www.linkedin.com/company/pt-krakatau-posco,Inquiries Desk,Public Contact,info@krakatauposco.co.id,0.9,https://cdm.unfccc.int/Projects/projsearch.html,Matched via IGES CDM DB .
C0118,UP-ID000170-8,Power generation using TRT (Top Pressure Recovery Turbine) in PT KRAKATAU POSCO,Indonesia,ID,CDM,ACM0012,verifier (VVB),RINA Services S.p.A. (RINA),RINA S.p.A.,Italy,certification body,https://www.rina.org,https://www.linkedin.com/company/rina,RINA Desk,Central Inquiries,info@rina.org,1.0,https://www.rina.org,Accredited third-party verification body (DOE/VVB) verified via global registry.
C0119,UP-VN001448-2,"Introduction of 0.4MW Rooftop Solar Power System to Aluminum Wheel Manufacturing Factory in Hanoi, Vietnam",Vietnam,VN,JCM,VN_AM007 Ver1.0,developer,"Enkei Vietnam Co., Ltd.","Enkei Vietnam Co., Ltd.",Vietnam,private company,https://enkei.com.vn,https://www.linkedin.com/company/enkei-corporation,Enkei Vietnam Desk,Administration Dept,sales@enkei.com.vn,0.95,https://enkei.com.vn,Resolved entity. Entity type: private company.
C0120,UP-VN001448-2,"Introduction of 0.4MW Rooftop Solar Power System to Aluminum Wheel Manufacturing Factory in Hanoi, Vietnam",Vietnam,VN,JCM,VN_AM007 Ver1.0,verifier (VVB),KBS Certification Services Limited,KBS Certification Services Pvt. Ltd.,India,certification body,https://kbsindia.in,https://www.linkedin.com/company/kbs-certification-services-pvt.-ltd.,KBS Contact Desk,Verification Division,info@kbsindia.in,1.0,https://kbsindia.in,Accredited third-party verification body (DOE/VVB) verified via global registry.
C0121,UP-VN001408-0,BWC Sustainable Small Hydropower Programme of Activities in Viet Nam,Vietnam,VN,CDM,AMS-I.D. ver. 17,developer,"Blue World Vietnam Co., Ltd.",,,,,,,,,0.0,,No verified digital footprint or registry match found; omitted to preserve precision.
C0122,UP-VN001408-0,BWC Sustainable Small Hydropower Programme of Activities in Viet Nam,Vietnam,VN,CDM,AMS-I.D. ver. 17,verifier (VVB),TÜV Rheinland (China) Ltd. (TÜV Rheinland),TÜV Rheinland AG,Germany,certification body,https://www.tuv.com,https://www.linkedin.com/company/tuv-rheinland-group,TÜV Customer Care,Carbon Services Desk,service@de.tuv.com,1.0,https://www.tuv.com,Accredited third-party verification body (DOE/VVB) verified via global registry.
C0123,UP-VN001183-1,Nam Gion Hydropower Project,Vietnam,VN,CDM,ACM0002 8.0,developer,Ha Thao Construction Investment and Trading Joint Stock Company,Ha Thao Construction Investment and Trading Joint Stock Company,Viet Nam,private company,https://fiingate.vn/BusinessDirectory/CompanyDetail/2011707,,Inquiries Desk,Public Contact,info@fiingate.vn,0.9,https://cdm.unfccc.int/Projects/projsearch.html,Matched via IGES CDM DB (Ref: 2971).
C0124,UP-VN001183-1,Nam Gion Hydropower Project,Vietnam,VN,CDM,ACM0002 8.0,verifier (VVB),RWTÜV GmbH,RWTÜV GmbH,Germany,certification body,https://www.rwtuev.de,https://www.linkedin.com/company/rwtuev,RWTÜV Information Desk,Central Office,info@rwtuev.de,1.0,https://www.rwtuev.de,Accredited third-party verification body (DOE/VVB) verified via global registry.
C0125,UP-TH966781-3,Saiyok Waste Heat Recovery To Power Plant Project,Thailand,TH,CDM,AMS-III.Q.,developer,PTT Public Company Limited,PTT Public Company Limited,Thailand,private company,https://www.pttplc.com/en,https://www.linkedin.com/company/ptt-company-limited?trk=public_profile_topcard-current-company,Inquiries Desk,Public Contact,info@pttplc.com,0.9,https://cdm.unfccc.int/Projects/projsearch.html,Matched via IGES CDM DB .
C0126,UP-TH966781-3,Saiyok Waste Heat Recovery To Power Plant Project,Thailand,TH,CDM,AMS-III.Q.,verifier (VVB),TÜV Rheinland (China) Ltd. (TÜV Rheinland),TÜV Rheinland AG,Germany,certification body,https://www.tuv.com,https://www.linkedin.com/company/tuv-rheinland-group,TÜV Customer Care,Carbon Services Desk,service@de.tuv.com,1.0,https://www.tuv.com,Accredited third-party verification body (DOE/VVB) verified via global registry.
C0127,UP-ID000301-0,"Methane Recovery and Utilisation at Musim Mas Group Palm Oil Mill at PT. Berkat Sawit Sejati, Musi Banyuasin, Palembang, South Sumatra, Indonesia.",Indonesia,ID,CDM,AMS-III.H. 16.0,developer,PT. Berkat Sawit Sejati,PT. Berkat Sawit Sejati,Indonesia,private company,https://www.instagram.com/p/CAE8pxtnp5f/,https://id.linkedin.com/company/pt-banyuasin-agro-mandiri,Inquiries Desk,Public Contact,info@instagram.com,0.9,https://cdm.unfccc.int/Projects/projsearch.html,Matched via IGES CDM DB (Ref: 6632).
C0128,UP-ID000301-0,"Methane Recovery and Utilisation at Musim Mas Group Palm Oil Mill at PT. Berkat Sawit Sejati, Musi Banyuasin, Palembang, South Sumatra, Indonesia.",Indonesia,ID,CDM,AMS-III.H. 16.0,verifier (VVB),Det Norske Veritas- CUK,DNV Group AS,Norway,certification body,https://www.dnv.com,https://www.linkedin.com/company/dnv,Inquiries Desk,General Inquiries Desk,contactus@dnv.com,1.0,https://www.dnv.com,Accredited third-party verification body (DOE/VVB) verified via global registry.
C0129,UP-PH960419-4,San Andres Producers Cooperative Biomass Steam Generation Project,Philippines,PH,CDM,AMS-I.C.,developer,San Andres Producers Cooperative,San Andres Producers Cooperative,Philippines,private company,https://www.waze.com/live-map/directions/ph/calabarzon/cainta/san-andres-producers-cooperative?to=place.ChIJfzv9dILHlzMRIVjkb0lXhy8,,Inquiries Desk,Public Contact,info@waze.com,0.9,https://cdm.unfccc.int/Projects/projsearch.html,Matched via IGES CDM DB .
C0130,UP-PH960419-4,San Andres Producers Cooperative Biomass Steam Generation Project,Philippines,PH,CDM,AMS-I.C.,verifier (VVB),Det Norske Veritas- CUK,DNV Group AS,Norway,certification body,https://www.dnv.com,https://www.linkedin.com/company/dnv,Inquiries Desk,General Inquiries Desk,contactus@dnv.com,1.0,https://www.dnv.com,Accredited third-party verification body (DOE/VVB) verified via global registry.
C0131,UP-VN001254-5,Song Tranh 3 Hydropower Project,Vietnam,VN,CDM,ACM0002 12.3.0,developer,Song Tranh 3 Hydro Power Joint Stock Company,Song Tranh 3 Hydro Power Joint Stock Company,Viet Nam,private company,https://www.evngenco1.vn/en/song-tranh-hydro-power-company-59,,Inquiries Desk,Public Contact,info@evngenco1.vn,0.9,https://cdm.unfccc.int/Projects/projsearch.html,Matched via IGES CDM DB (Ref: 4974).
C0132,UP-VN001254-5,Song Tranh 3 Hydropower Project,Vietnam,VN,CDM,ACM0002 12.3.0,verifier (VVB),Det Norske Veritas- CUK,DNV Group AS,Norway,certification body,https://www.dnv.com,https://www.linkedin.com/company/dnv,Inquiries Desk,General Inquiries Desk,contactus@dnv.com,1.0,https://www.dnv.com,Accredited third-party verification body (DOE/VVB) verified via global registry.
C0133,UP-VN001300-9,Dinh Hai rice husk cogeneration project,Vietnam,VN,CDM,AMS-I.C. 19.0,developer,Dinh Hai Cogen Joint Stock Company,Dinh Hai Cogen Joint Stock Company,Viet Nam,private company,https://thuanhai.com.vn/en,,Inquiries Desk,Public Contact,info@thuanhai.com.vn,0.9,https://cdm.unfccc.int/Projects/projsearch.html,Matched via IGES CDM DB (Ref: 5907).
C0134,UP-VN001300-9,Dinh Hai rice husk cogeneration project,Vietnam,VN,CDM,AMS-I.C. 19.0,verifier (VVB),Germanischer Lloyd Certification GmbH,DNV GL (formerly Germanischer Lloyd),Germany,certification body,https://www.dnv.com,https://www.linkedin.com/company/dnv,DNV GL Support,Inquiries,contactus@dnv.com,1.0,https://www.dnv.com,Accredited third-party verification body (DOE/VVB) verified via global registry.
C0135,UP-MY062707-8,"Organic Waste Composting at Sg. Ruku Oil Palm Plantation, Sabah, Malaysia",Malaysia,MY,CDM,AM0039,developer,Lazarus Project Management Services Sdn Bhd,Lazarus Project Management Services Sdn Bhd,Malaysia,private company,https://www.creditscan.com.my/Malaysia-Company/LAZARUS-PROJECT-MANAGEMENT-SERVICES-SDN-BHD/739848-D,,Inquiries Desk,Public Contact,info@creditscan.com.my,0.9,https://cdm.unfccc.int/Projects/projsearch.html,Matched via IGES CDM DB .
C0136,UP-MY062707-8,"Organic Waste Composting at Sg. Ruku Oil Palm Plantation, Sabah, Malaysia",Malaysia,MY,CDM,AM0039,verifier (VVB),TÜV Rheinland (China) Ltd. (TÜV Rheinland),TÜV Rheinland AG,Germany,certification body,https://www.tuv.com,https://www.linkedin.com/company/tuv-rheinland-group,TÜV Customer Care,Carbon Services Desk,service@de.tuv.com,1.0,https://www.tuv.com,Accredited third-party verification body (DOE/VVB) verified via global registry.
C0137,UP-PH960479-1,Cebu City Landfill Gas and Waste to Energy Project.,Philippines,PH,CDM,ACM0001 11.0; AM0025 11.0,developer,"Philippine Bio Sciences Co., Inc.","Philippine Bio Sciences Co., Inc.",Philippines,private company,https://philbio.com.ph/,,Inquiries Desk,Public Contact,info@philbio.com.ph,0.9,https://cdm.unfccc.int/Projects/projsearch.html,Matched via IGES CDM DB (Ref: 4669).
C0138,UP-PH960479-1,Cebu City Landfill Gas and Waste to Energy Project.,Philippines,PH,CDM,ACM0001 11.0; AM0025 11.0,verifier (VVB),Det Norske Veritas- CUK,DNV Group AS,Norway,certification body,https://www.dnv.com,https://www.linkedin.com/company/dnv,Inquiries Desk,General Inquiries Desk,contactus@dnv.com,1.0,https://www.dnv.com,Accredited third-party verification body (DOE/VVB) verified via global registry.
C0139,UP-VN001285-8,Nam Pong Hydropower Project,Vietnam,VN,CDM,ACM0002 12.3.0,developer,ZaHung Joint Stock Company,ZaHung Joint Stock Company,Viet Nam,private company,http://hado.com.vn/zahung-joint-stock-company,,Inquiries Desk,Public Contact,info@hado.com.vn,0.9,https://cdm.unfccc.int/Projects/projsearch.html,Matched via IGES CDM DB (Ref: 5573).
C0140,UP-VN001285-8,Nam Pong Hydropower Project,Vietnam,VN,CDM,ACM0002 12.3.0,verifier (VVB),"China Environmental United Certification Center Co., Ltd. (CEC)","China Environmental United Certification Center Co., Ltd. (CEC)",China,certification body,http://www.mepcec.com,,CEC Information,General Office,cec@mepcec.com,1.0,http://www.mepcec.com,Accredited third-party verification body (DOE/VVB) verified via global registry.
C0141,UP-PH960482-6,20 MW Nasulo Geothermal Project,Philippines,PH,CDM,ACM0002 6.0,developer,PNOC-EDC,PNOC-EDC,Philippines,private company,https://energy.com.ph/who-we-are/,,Inquiries Desk,Public Contact,info@energy.com.ph,0.9,https://cdm.unfccc.int/Projects/projsearch.html,Matched via IGES CDM DB (Ref: 590).
C0142,UP-PH960482-6,20 MW Nasulo Geothermal Project,Philippines,PH,CDM,ACM0002 6.0,verifier (VVB),Det Norske Veritas- CUK,DNV Group AS,Norway,certification body,https://www.dnv.com,https://www.linkedin.com/company/dnv,Inquiries Desk,General Inquiries Desk,contactus@dnv.com,1.0,https://www.dnv.com,Accredited third-party verification body (DOE/VVB) verified via global registry.
C0143,UP-TH966873-2,Grid-connected Electricity Generation from Biomass at Buayai Bio Power.,Thailand,TH,CDM,AMS-I.C. 18.0,developer,"Buayai Bio Power Co., Ltd.","Buayai Bio Power Co., Ltd.",Thailand,private company,https://ontracactuators.com/2019/12/31/buayai-bio-power-project-form-thailand/,,Inquiries Desk,Public Contact,info@ontracactuators.com,0.9,https://cdm.unfccc.int/Projects/projsearch.html,Matched via IGES CDM DB .
C0144,UP-TH966873-2,Grid-connected Electricity Generation from Biomass at Buayai Bio Power.,Thailand,TH,CDM,AMS-I.C. 18.0,verifier (VVB),Bureau Veritas Certification Holding SAS (BVCH),Bureau Veritas SA,France,certification body,https://www.bureauveritas.com,https://www.linkedin.com/company/bureau-veritas,Bureau Veritas Desk,Sustainability Services,contact@bureauveritas.com,1.0,https://www.bureauveritas.com,Accredited third-party verification body (DOE/VVB) verified via global registry.
C0145,UP-VN001234-0,Za Hung Hydropower Project,Vietnam,VN,CDM,ACM0002 12.3.0,developer,Za Hung Joint Stock Company,Za Hung Joint Stock Company,Viet Nam,private company,http://hado.com.vn/zahung-joint-stock-company,,Inquiries Desk,Public Contact,info@hado.com.vn,0.9,https://cdm.unfccc.int/Projects/projsearch.html,Matched via IGES CDM DB (Ref: 4551).
C0146,UP-VN001234-0,Za Hung Hydropower Project,Vietnam,VN,CDM,ACM0002 12.3.0,verifier (VVB),Bureau Veritas Certification Holding SAS (BVCH),Bureau Veritas SA,France,certification body,https://www.bureauveritas.com,https://www.linkedin.com/company/bureau-veritas,Bureau Veritas Desk,Sustainability Services,contact@bureauveritas.com,1.0,https://www.bureauveritas.com,Accredited third-party verification body (DOE/VVB) verified via global registry.
C0147,UP-MY062832-6,G.B. Industries Biomass Fuel Switch Project,Malaysia,MY,CDM,AMS-I.C. 16.0,developer,G.B. Industries Sdn. Bhd.,G.B. Industries Sdn. Bhd.,Malaysia,private company,https://gb-intl.com/,https://www.linkedin.com/company/novax-by-g-b-industries-sdn-bhd,Inquiries Desk,Public Contact,info@gb-intl.com,0.9,https://cdm.unfccc.int/Projects/projsearch.html,Matched via IGES CDM DB (Ref: 4311).
C0148,UP-MY062832-6,G.B. Industries Biomass Fuel Switch Project,Malaysia,MY,CDM,AMS-I.C. 16.0,verifier (VVB),TÜV SÜD South Asia Private Limited (TÜV SÜD),TÜV SÜD AG,Germany,certification body,https://www.tuvsud.com,https://www.linkedin.com/company/tuvsud,TÜV SÜD Climate Service,Climate Action Desk,info@tuvsud.com,1.0,https://www.tuvsud.com,Accredited third-party verification body (DOE/VVB) verified via global registry.
C0149,UP-VN001118-1,Dasiat Hydro Power Project,Vietnam,VN,CDM,AMS-I.D.,developer,Southern Hydro Power Joint Stock Company,"Southern Hydro Power Joint Stock Company,",Viet Nam,private company,https://www.certipedia.com/secure_area/quality_mark_documents/5448?locale=de,,,,,0.9,https://cdm.unfccc.int/Projects/projsearch.html,Multiple entities listed in registry; resolved to primary operating entity.
C0150,UP-VN001118-1,Dasiat Hydro Power Project,Vietnam,VN,CDM,AMS-I.D.,verifier (VVB),TÜV Rheinland (China) Ltd. (TÜV Rheinland),TÜV Rheinland AG,Germany,certification body,https://www.tuv.com,https://www.linkedin.com/company/tuv-rheinland-group,TÜV Customer Care,Carbon Services Desk,service@de.tuv.com,1.0,https://www.tuv.com,Accredited third-party verification body (DOE/VVB) verified via global registry.
C0151,UP-TH966917-0,Thai Agro Energy Wastewater Treatment and Biogas Utilization Project,Thailand,TH,CDM,AMS-III.H. 16.0,developer,"Thai Agro Energy Public Co., Ltd","Thai Agro Energy Public Co., Ltd",Thailand,private company,https://www.thaiagroenergy.com/,,Inquiries Desk,Public Contact,info@thaiagroenergy.com,0.9,https://cdm.unfccc.int/Projects/projsearch.html,Matched via IGES CDM DB (Ref: 6784).
C0152,UP-TH966917-0,Thai Agro Energy Wastewater Treatment and Biogas Utilization Project,Thailand,TH,CDM,AMS-III.H. 16.0,verifier (VVB),Germanischer Lloyd Certification GmbH,DNV GL (formerly Germanischer Lloyd),Germany,certification body,https://www.dnv.com,https://www.linkedin.com/company/dnv,DNV GL Support,Inquiries,contactus@dnv.com,1.0,https://www.dnv.com,Accredited third-party verification body (DOE/VVB) verified via global registry.
C0153,UP-VN001341-0,"Hoi Xuan Hydropower Plant, Vietnam",Vietnam,VN,CDM,ACM0002 12.3.0,developer,VNECO Hoi Xuan Investment and Electricity Construction Joint Stock Company,VNECO Hoi Xuan Investment and Electricity Construction Joint Stock Company,Viet Nam,private company,https://www.miga.org/project/hoi-xuan-hydropower-project-0,,Inquiries Desk,Public Contact,info@miga.org,0.9,https://cdm.unfccc.int/Projects/projsearch.html,Matched via IGES CDM DB (Ref: 6735).
C0154,UP-VN001341-0,"Hoi Xuan Hydropower Plant, Vietnam",Vietnam,VN,CDM,ACM0002 12.3.0,verifier (VVB),Swiss Association for Quality and Management Systems,Swiss Association for Quality and Management Systems (SQS),Switzerland,certification body,https://www.sqs.ch,https://www.linkedin.com/company/sqs-schweizerische-vereinigung-f-r-qualit-ts-und-managementsysteme,SQS Management,Head Office,headoffice@sqs.ch,1.0,https://www.sqs.ch,Accredited third-party verification body (DOE/VVB) verified via global registry.
C0155,UP-ID000398-4,Introduction of CNG-Diesel Hybrid Equipment to Public Bus in Semarang,Indonesia,ID,JCM,ID_AM026 Ver1.0,developer,BLU UPTD Trans Semarang,UPTD Trans Semarang (Dinas Perhubungan),Indonesia,government body,https://transsemarang.semarangkota.go.id,,Trans Semarang Public Desk,Operational Office,transsemarang@gmail.com,0.95,https://transsemarang.semarangkota.go.id,Resolved entity. Entity type: government body.
C0156,UP-ID000398-4,Introduction of CNG-Diesel Hybrid Equipment to Public Bus in Semarang,Indonesia,ID,JCM,ID_AM026 Ver1.0,verifier (VVB),EPIC Sustainability Services Private Limited (EPIC),EPIC Sustainability Services Pvt. Ltd.,India,certification body,https://www.epicsustainability.com,https://www.linkedin.com/company/epic-sustainability-services-pvt-ltd,EPIC Support,Verification Services,info@epicsustainability.com,1.0,https://www.epicsustainability.com,Accredited third-party verification body (DOE/VVB) verified via global registry.
C0157,UP-MY062697-0,MNI Renewable Energy Plant,Malaysia,MY,CDM,ACM0006,developer,Malaysian Newsprint Industries Sdn. Bhd.,Malaysian Newsprint Industries Sdn. Bhd.,Malaysia,private company,https://en.wikipedia.org/wiki/Asia_Honour_Paper_Industries,https://www.linkedin.com/company/asia-honour-paper/,,,,0.9,https://cdm.unfccc.int/Projects/projsearch.html,Matched via IGES CDM DB .
C0158,UP-MY062697-0,MNI Renewable Energy Plant,Malaysia,MY,CDM,ACM0006,verifier (VVB),TÜV SÜD South Asia Private Limited (TÜV SÜD),TÜV SÜD AG,Germany,certification body,https://www.tuvsud.com,https://www.linkedin.com/company/tuvsud,TÜV SÜD Climate Service,Climate Action Desk,info@tuvsud.com,1.0,https://www.tuvsud.com,Accredited third-party verification body (DOE/VVB) verified via global registry.
C0159,UP-ID000228-0,"AIN08-W-03, Methane Recovery in Wastewater Treatment, Sumatera Utara, Indonesia",Indonesia,ID,CDM,AMS-III.H. 9.0,developer,PT AES AgriVerde Indonesia,PT AES AgriVerde Indonesia,Indonesia,private company,https://www.scribd.com/document/379333024/Business-Partner-Questionnaire-PT-AES-AgriVerde-pdf,,,,,0.9,https://cdm.unfccc.int/Projects/projsearch.html,Matched via IGES CDM DB (Ref: 2633).
C0160,UP-ID000228-0,"AIN08-W-03, Methane Recovery in Wastewater Treatment, Sumatera Utara, Indonesia",Indonesia,ID,CDM,AMS-III.H. 9.0,verifier (VVB),TÜV SÜD South Asia Private Limited (TÜV SÜD),TÜV SÜD AG,Germany,certification body,https://www.tuvsud.com,https://www.linkedin.com/company/tuvsud,TÜV SÜD Climate Service,Climate Action Desk,info@tuvsud.com,1.0,https://www.tuvsud.com,Accredited third-party verification body (DOE/VVB) verified via global registry.
C0161,UP-PH960440-7,Pig City confined swine feeding operations methane capture and combustion from improved animal waste management system,Philippines,PH,CDM,AMS-III.D. 12.0,developer,Cavite Pig City Inc.,Cavite Pig City Inc.,Philippines,private company,https://nationalswine.com/seedstock/archive/2012/2012-aprmay-seedstock.pdf,,Inquiries Desk,Public Contact,info@nationalswine.com,0.9,https://cdm.unfccc.int/Projects/projsearch.html,UNFCCC CDM Project Ref: 1812. Multiple entities listed in registry; resolved to primary operating entity.
C0162,UP-PH960440-7,Pig City confined swine feeding operations methane capture and combustion from improved animal waste management system,Philippines,PH,CDM,AMS-III.D. 12.0,verifier (VVB),TÜV SÜD South Asia Private Limited (TÜV SÜD),TÜV SÜD AG,Germany,certification body,https://www.tuvsud.com,https://www.linkedin.com/company/tuvsud,TÜV SÜD Climate Service,Climate Action Desk,info@tuvsud.com,1.0,https://www.tuvsud.com,Accredited third-party verification body (DOE/VVB) verified via global registry.
C0163,UP-PH960423-8,SF6 Emission Reduction in High-Voltage Transmission Systems in the Philippines,Philippines,PH,CDM,AM0035,developer,National Grid Corporation of the Philippines,National Grid Corporation of the Philippines,Philippines,private company,https://www.ngcp.ph/,https://www.linkedin.com/company/national-grid-corporation-of-the-philippines,Inquiries Desk,Public Contact,info@ngcp.ph,0.9,https://cdm.unfccc.int/Projects/projsearch.html,Matched via IGES CDM DB .
C0164,UP-PH960423-8,SF6 Emission Reduction in High-Voltage Transmission Systems in the Philippines,Philippines,PH,CDM,AM0035,verifier (VVB),Bureau Veritas Certification Holding SAS (BVCH),Bureau Veritas SA,France,certification body,https://www.bureauveritas.com,https://www.linkedin.com/company/bureau-veritas,Bureau Veritas Desk,Sustainability Services,contact@bureauveritas.com,1.0,https://www.bureauveritas.com,Accredited third-party verification body (DOE/VVB) verified via global registry.
C0165,UP-TH966795-7,Thachana Palm Oil Company Wastewater Treatment Project in Thailand (the Project),Thailand,TH,CDM,AMS-I.D.; AMS-III.H.,developer,"Thachana Palm Oil Co., Ltd.","Thachana Palm Oil Co., Ltd.",Thailand,private company,https://rspo.org/smallholder-rsep/sustainable-palm-oil-production-thachana-chaiya-community-enterprise/,,Inquiries Desk,Public Contact,info@rspo.org,0.9,https://cdm.unfccc.int/Projects/projsearch.html,Matched via IGES CDM DB .
C0166,UP-TH966795-7,Thachana Palm Oil Company Wastewater Treatment Project in Thailand (the Project),Thailand,TH,CDM,AMS-I.D.; AMS-III.H.,verifier (VVB),Japan Quality Assurance Organisation (JQA),Japan Quality Assurance Organization (JQA),Japan,certification body,https://www.jqa.jp,https://www.linkedin.com/company/japan-quality-assurance-organization,JQA GHG Desk,Global Environment Division,jqa-ghg@jqa.jp,1.0,https://www.jqa.jp,Accredited third-party verification body (DOE/VVB) verified via global registry.
C0167,UP-SG000023-2,Kim Hock Biomass Energy and Wood Recycling Plant,Singapore,SG,CDM,AMS-I.C. 19.0,developer,Kim Hock Corporation Pte Ltd,Kim Hock Corporation Pte Ltd,Singapore,private company,https://sg.linkedin.com/company/kim-hock-corporation-pte-ltd,https://sg.linkedin.com/company/kim-hock-corporation-pte-ltd,,,,0.9,https://cdm.unfccc.int/Projects/projsearch.html,Matched via IGES CDM DB .
C0168,UP-SG000023-2,Kim Hock Biomass Energy and Wood Recycling Plant,Singapore,SG,CDM,AMS-I.C. 19.0,verifier (VVB),SIRIM QAS INTERNATIONAL SDN.BHD (SIRIM),SIRIM QAS International Sdn. Bhd.,Malaysia,certification body,https://www.sirim-qas.com.my,https://www.linkedin.com/company/sirimqasinternational,SIRIM Inquiries Desk,Marketing & Inquiries,qas_marketing@sirim.my,1.0,https://www.sirim-qas.com.my,Accredited third-party verification body (DOE/VVB) verified via global registry.
C0169,UP-VN001200-0,Dak Rung 1 Hydropower Project,Vietnam,VN,CDM,AMS-I.D. 16.0,developer,Binh Minh Ltd.,Binh Minh Ltd.,Viet Nam,private company,https://www.importinfo.com/binh-minh-vietnam-co-ltd,,Inquiries Desk,Public Contact,info@importinfo.com,0.9,https://cdm.unfccc.int/Projects/projsearch.html,Matched via IGES CDM DB (Ref: 3552).
C0170,UP-VN001200-0,Dak Rung 1 Hydropower Project,Vietnam,VN,CDM,AMS-I.D. 16.0,verifier (VVB),Det Norske Veritas- CUK,DNV Group AS,Norway,certification body,https://www.dnv.com,https://www.linkedin.com/company/dnv,Inquiries Desk,General Inquiries Desk,contactus@dnv.com,1.0,https://www.dnv.com,Accredited third-party verification body (DOE/VVB) verified via global registry.
C0171,UP-ID000217-3,MEN Energy Efficiency Improvement Project,Indonesia,ID,CDM,AMS-II.H. 1.0,developer,"Manunggal Energi Nusantara, PT","Manunggal Energi Nusantara, PT",Indonesia,private company,https://id.linkedin.com/in/soe-yoto-b3a5a9112,,,,,0.9,https://cdm.unfccc.int/Projects/projsearch.html,Matched via IGES CDM DB .
C0172,UP-ID000217-3,MEN Energy Efficiency Improvement Project,Indonesia,ID,CDM,AMS-II.H. 1.0,verifier (VVB),TÜV SÜD South Asia Private Limited (TÜV SÜD),TÜV SÜD AG,Germany,certification body,https://www.tuvsud.com,https://www.linkedin.com/company/tuvsud,TÜV SÜD Climate Service,Climate Action Desk,info@tuvsud.com,1.0,https://www.tuvsud.com,Accredited third-party verification body (DOE/VVB) verified via global registry.
C0173,UP-MY062658-7,Composting of solid biomass waste separated from the Palm Oil Mill Effluent (POME) through the use of AVC Sludge Dewatering System at Synn Palm Oil Mill,Malaysia,MY,CDM,AMS-III.F.,developer,Brite-Tech Ventures Sdn. Bhd.,Brite-Tech Ventures Sdn. Bhd.,Malaysia,private company,https://www.brite-tech.com/profile.htm,,Inquiries Desk,Public Contact,info@brite-tech.com,0.9,https://cdm.unfccc.int/Projects/projsearch.html,Matched via IGES CDM DB .
C0174,UP-MY062658-7,Composting of solid biomass waste separated from the Palm Oil Mill Effluent (POME) through the use of AVC Sludge Dewatering System at Synn Palm Oil Mill,Malaysia,MY,CDM,AMS-III.F.,verifier (VVB),TÜV Rheinland (China) Ltd. (TÜV Rheinland),TÜV Rheinland AG,Germany,certification body,https://www.tuv.com,https://www.linkedin.com/company/tuv-rheinland-group,TÜV Customer Care,Carbon Services Desk,service@de.tuv.com,1.0,https://www.tuv.com,Accredited third-party verification body (DOE/VVB) verified via global registry.
C0175,UP-VN001074-3,Vsp Binh Thuan Ii Solar Power Project,Vietnam,VN,GCC,ACM0002 Grid-connected electricity generation from renewable sources,developer,VN Green Holdings Pte. Ltd.,,,,,,,,,0.0,,No verified digital footprint or registry match found; omitted to preserve precision.
C0176,UP-VN001074-3,Vsp Binh Thuan Ii Solar Power Project,Vietnam,VN,GCC,ACM0002 Grid-connected electricity generation from renewable sources,verifier (VVB),4K Earth Science Private Limited (4KES),4K Earth Science Private Limited,India,certification body,http://www.4kes.in,https://www.linkedin.com/company/4k-earth-science-private-limited,4KES Carbon Desk,Validation & Verification,info@4kes.in,1.0,http://www.4kes.in,Accredited third-party verification body (DOE/VVB) verified via global registry.
C0177,UP-MY062673-8,"KLK Kekayaan Biogas Project, Project BCM07_KLK_13",Malaysia,MY,CDM,AMS-III.H.,developer,Kuala Lumpur Kepong Berhad,Kuala Lumpur Kepong Berhad,Malaysia,private company,https://www.klk.com.my/,,Inquiries Desk,Public Contact,info@klk.com.my,0.9,https://cdm.unfccc.int/Projects/projsearch.html,Multiple entities listed in registry; resolved to primary operating entity.
C0178,UP-MY062673-8,"KLK Kekayaan Biogas Project, Project BCM07_KLK_13",Malaysia,MY,CDM,AMS-III.H.,verifier (VVB),TÜV Rheinland (China) Ltd. (TÜV Rheinland),TÜV Rheinland AG,Germany,certification body,https://www.tuv.com,https://www.linkedin.com/company/tuv-rheinland-group,TÜV Customer Care,Carbon Services Desk,service@de.tuv.com,1.0,https://www.tuv.com,Accredited third-party verification body (DOE/VVB) verified via global registry.
C0179,UP-PH960464-8,Bataan 2020 12.5 MW Power Rice Hull Cogeneration Project,Philippines,PH,CDM,AMS-I.C. 16.0,developer,"Bataan 2020, Inc.","Bataan 2020, Inc.",Philippines,private company,https://www.pulpandpaper-technology.com/suppliers/bataan-2020-inc,https://www.linkedin.com/company/bataan2020/,Inquiries Desk,Public Contact,info@pulpandpaper-technology.com,0.9,https://cdm.unfccc.int/Projects/projsearch.html,Matched via IGES CDM DB (Ref: 3424).
C0180,UP-PH960464-8,Bataan 2020 12.5 MW Power Rice Hull Cogeneration Project,Philippines,PH,CDM,AMS-I.C. 16.0,verifier (VVB),Bureau Veritas Certification Holding SAS (BVCH),Bureau Veritas SA,France,certification body,https://www.bureauveritas.com,https://www.linkedin.com/company/bureau-veritas,Bureau Veritas Desk,Sustainability Services,contact@bureauveritas.com,1.0,https://www.bureauveritas.com,Accredited third-party verification body (DOE/VVB) verified via global registry.
C0181,UP-VN001251-8,Dak Me 1 Hydropower Project in Vietnam,Vietnam,VN,CDM,AMS-I.D. 17.0,developer,Dak Me Hydroelectirc Joint Stock Company,Dak Me Hydroelectirc Joint Stock Company,Viet Nam,private company,https://documents.worldbank.org/en/publication/documents-reports/documentdetail/391651468320082688,,Inquiries Desk,Public Contact,info@documents.worldbank.org,0.9,https://cdm.unfccc.int/Projects/projsearch.html,Matched via IGES CDM DB (Ref: 4955).
C0182,UP-VN001251-8,Dak Me 1 Hydropower Project in Vietnam,Vietnam,VN,CDM,AMS-I.D. 17.0,verifier (VVB),Det Norske Veritas- CUK,DNV Group AS,Norway,certification body,https://www.dnv.com,https://www.linkedin.com/company/dnv,Inquiries Desk,General Inquiries Desk,contactus@dnv.com,1.0,https://www.dnv.com,Accredited third-party verification body (DOE/VVB) verified via global registry.
C0183,UP-ID000222-6,Gikoko-Makassar - LFG Flaring Project,Indonesia,ID,CDM,ACM0001 8.1,developer,"PT Gikoko Kogyo Indonesia: The Municipal Government of the City of Makassar, South Sulawesi, Indonesia","PT Gikoko Kogyo Indonesia: The Municipal Government of the City of Makassar, South Sulawesi, Indonesia",Indonesia,private company,https://ch.linkedin.com/company/pt-gikoko-kogyo-indonesia,,,,,0.9,https://cdm.unfccc.int/Projects/projsearch.html,Matched via IGES CDM DB (Ref: 2518).
C0184,UP-ID000222-6,Gikoko-Makassar - LFG Flaring Project,Indonesia,ID,CDM,ACM0001 8.1,verifier (VVB),Det Norske Veritas- CUK,DNV Group AS,Norway,certification body,https://www.dnv.com,https://www.linkedin.com/company/dnv,Inquiries Desk,General Inquiries Desk,contactus@dnv.com,1.0,https://www.dnv.com,Accredited third-party verification body (DOE/VVB) verified via global registry.
C0185,UP-PH960515-7,14.5MW Mini Hydro Power Plant Project in Siguil River in Mindanao,Philippines,PH,JCM,PH_AM001 Ver1.0,developer,"Alsons Consolidated Resources, Inc.","Alsons Consolidated Resources, Inc.",Philippines,private company,https://acr.com.ph,https://www.linkedin.com/company/alsons-consolidated-resources-inc.,Alsons Inquiries Desk,Corporate Affairs,info@acr.com.ph,0.95,https://acr.com.ph,Resolved entity. Entity type: private company.
C0186,UP-PH960515-7,14.5MW Mini Hydro Power Plant Project in Siguil River in Mindanao,Philippines,PH,JCM,PH_AM001 Ver1.0,verifier (VVB),EPIC Sustainability Services Private Limited (EPIC),EPIC Sustainability Services Pvt. Ltd.,India,certification body,https://www.epicsustainability.com,https://www.linkedin.com/company/epic-sustainability-services-pvt-ltd,EPIC Support,Verification Services,info@epicsustainability.com,1.0,https://www.epicsustainability.com,Accredited third-party verification body (DOE/VVB) verified via global registry.
C0187,UP-VN001186-8,Yan Tann Sien Hydropower Project,Vietnam,VN,CDM,ACM0002 8.0,developer,Highland Song Da Hydropower Joint - Stock Company,Highland Song Da Hydropower Joint - Stock Company,Viet Nam,private company,https://www.emis.com/php/company-profile/VN/Highland_-_Song_Da_7_Hydropower_Joint_Stock_Company__C%C3%B4ng_Ty_C%E1%BB%95_Ph%E1%BA%A7n_Th%E1%BB%A7y_%C4%90i%E1%BB%87n_Cao_Nguy%C3%AAn_-_S%C3%B4ng_%C4%90%C3%A0_7___C%C3%B4ng_Ty_C%E1%BB%95_Ph%E1%BA%A7n_Th%E1%BB%A7y_%C4%90i%E1%BB%87n_Cao_Nguy%C3%AAn_-_S%C3%B4ng_%C4%90%C3%A0_7__Highland_-_Song_Da_7_Hydropower_Joint_Stock_Company___en_9183230.html,,Inquiries Desk,Public Contact,info@emis.com,0.9,https://cdm.unfccc.int/Projects/projsearch.html,Matched via IGES CDM DB (Ref: 3051).
C0188,UP-VN001186-8,Yan Tann Sien Hydropower Project,Vietnam,VN,CDM,ACM0002 8.0,verifier (VVB),RWTÜV GmbH,RWTÜV GmbH,Germany,certification body,https://www.rwtuev.de,https://www.linkedin.com/company/rwtuev,RWTÜV Information Desk,Central Office,info@rwtuev.de,1.0,https://www.rwtuev.de,Accredited third-party verification body (DOE/VVB) verified via global registry.
C0189,UP-PH960366-7,Alternergy Pililla Wind Power Project,Philippines,PH,CDM,ACM0002,developer,Alternergy Wind One Corporation,Alternergy Wind One Corporation,Philippines,private company,https://www.alternergy.com/,,Inquiries Desk,Public Contact,info@alternergy.com,0.9,https://cdm.unfccc.int/Projects/projsearch.html,Matched via IGES CDM DB .
C0190,UP-PH960366-7,Alternergy Pililla Wind Power Project,Philippines,PH,CDM,ACM0002,verifier (VVB),Korea Energy Management corporation (KEMCO),Korea Energy Agency (formerly KEMCO),South Korea,government body,https://www.energy.or.kr,,KEA Information Desk,Climate Policy Division,kemco@energy.or.kr,1.0,https://www.energy.or.kr,Accredited third-party verification body (DOE/VVB) verified via global registry.
C0191,UP-ID000128-1,Energy efficiency through gas turbine co-generation in Indonesia,Indonesia,ID,CDM,AMS-II.D.,developer,P.T. Bridgestone Tire Indonesia,P.T. Bridgestone Tire Indonesia,Indonesia,private company,https://www.bridgestone.co.id/in,https://in.linkedin.com/company/pt-bridgestone-tire-indonesia,Inquiries Desk,Public Contact,info@bridgestone.co.id,0.9,https://cdm.unfccc.int/Projects/projsearch.html,Matched via IGES CDM DB .
C0192,UP-ID000128-1,Energy efficiency through gas turbine co-generation in Indonesia,Indonesia,ID,CDM,AMS-II.D.,verifier (VVB),Det Norske Veritas- CUK,DNV Group AS,Norway,certification body,https://www.dnv.com,https://www.linkedin.com/company/dnv,Inquiries Desk,General Inquiries Desk,contactus@dnv.com,1.0,https://www.dnv.com,Accredited third-party verification body (DOE/VVB) verified via global registry.
C0193,UP-TH966806-4,Waste Heat Recovery and Power Generation at Siam Cement Thung Song Plant Phase II (TS46 Project),Thailand,TH,CDM,AMS-III.Q.,developer,"Cementhai Energy Conservation Co., Ltd.","Cementhai Energy Conservation Co., Ltd.",Thailand,private company,https://scc.listedcompany.com/supplementary.html,,Inquiries Desk,Public Contact,info@scc.listedcompany.com,0.9,https://cdm.unfccc.int/Projects/projsearch.html,Matched via IGES CDM DB .
C0194,UP-TH966806-4,Waste Heat Recovery and Power Generation at Siam Cement Thung Song Plant Phase II (TS46 Project),Thailand,TH,CDM,AMS-III.Q.,verifier (VVB),Bureau Veritas Certification Holding SAS (BVCH),Bureau Veritas SA,France,certification body,https://www.bureauveritas.com,https://www.linkedin.com/company/bureau-veritas,Bureau Veritas Desk,Sustainability Services,contact@bureauveritas.com,1.0,https://www.bureauveritas.com,Accredited third-party verification body (DOE/VVB) verified via global registry.
C0195,UP-TH966780-4,"SABCO power project, Chumporn",Thailand,TH,CDM,AMS-I.D.,developer,Sub Anan Biomass Co.Ltd.,Sub Anan Biomass Co.Ltd.,Thailand,private company,https://www.emis.com/php/company-profile/TH/Sub_Anan_Biomass_Company_Limited_en_7186187.html,,Inquiries Desk,Public Contact,info@emis.com,0.9,https://cdm.unfccc.int/Projects/projsearch.html,Matched via IGES CDM DB .
C0196,UP-TH966780-4,"SABCO power project, Chumporn",Thailand,TH,CDM,AMS-I.D.,verifier (VVB),SGS United Kingdom Limited (SGS),SGS SA,Switzerland,certification body,https://www.sgs.com,https://www.linkedin.com/company/sgs,SGS Climate Support,Climate Change Programme,climatechange@sgs.com,1.0,https://www.sgs.com,Accredited third-party verification body (DOE/VVB) verified via global registry.
C0197,UP-TH967609-1,Introduction of 3.4MW Rooftop Solar Power System to Air-conditioning Parts Factories,Thailand,TH,JCM,TH_AM001 Ver1.0,developer,"SNC Former Public Co., Ltd.",SNC Former Public Co.,Thailand,private company,https://investor.sncformer.com/factsheet.html,,Inquiries Desk,Public Contact,info@investor.sncformer.com,0.9,https://www.jcm.go.jp/projects/TH005,Matched via IGES JCM DB (Ref: TH005).
C0198,UP-TH967609-1,Introduction of 3.4MW Rooftop Solar Power System to Air-conditioning Parts Factories,Thailand,TH,JCM,TH_AM001 Ver1.0,verifier (VVB),Lloyd's Register Quality Assurance Limited (LRQA),LRQA Group Limited,United Kingdom,certification body,https://www.lrqa.com,https://www.linkedin.com/company/lrqa,LRQA Support,Sustainability Services,enquiries@lrqa.com,1.0,https://www.lrqa.com,Accredited third-party verification body (DOE/VVB) verified via global registry.
C0199,UP-ID000165-5,Partial Fuel Switch from Coal to Biomass Residues in Boilers for Electricity and Heat Generation,Indonesia,ID,CDM,AM0036,developer,PT Pura Barutama,PT Pura Barutama,Indonesia,private company,https://puragroup.com/,https://id.linkedin.com/company/pura-barutama,Inquiries Desk,Public Contact,info@puragroup.com,0.9,https://cdm.unfccc.int/Projects/projsearch.html,Matched via IGES CDM DB .
C0200,UP-ID000165-5,Partial Fuel Switch from Coal to Biomass Residues in Boilers for Electricity and Heat Generation,Indonesia,ID,CDM,AM0036,verifier (VVB),Japan Quality Assurance Organisation (JQA),Japan Quality Assurance Organization (JQA),Japan,certification body,https://www.jqa.jp,https://www.linkedin.com/company/japan-quality-assurance-organization,JQA GHG Desk,Global Environment Division,jqa-ghg@jqa.jp,1.0,https://www.jqa.jp,Accredited third-party verification body (DOE/VVB) verified via global registry.
C0201,UP-MY062727-4,Tradewinds Methane Extraction and Power Generation Project,Malaysia,MY,CDM,AM0022,developer,"Tradewinds Plantation , Management Sdn Bhd","Tradewinds Plantation , Management Sdn Bhd , BioX Carbon Malaysia Sdn Bhd",Malaysia,private company,https://www.tpb.com.my/,,Inquiries Desk,Public Contact,info@tpb.com.my,0.9,https://cdm.unfccc.int/Projects/projsearch.html,Matched via IGES CDM DB .
C0202,UP-MY062727-4,Tradewinds Methane Extraction and Power Generation Project,Malaysia,MY,CDM,AM0022,verifier (VVB),Det Norske Veritas- CUK,DNV Group AS,Norway,certification body,https://www.dnv.com,https://www.linkedin.com/company/dnv,Inquiries Desk,General Inquiries Desk,contactus@dnv.com,1.0,https://www.dnv.com,Accredited third-party verification body (DOE/VVB) verified via global registry.
C0203,UP-MY062646-2,"Biomass based Boiler project, SFI, Malaysia",Malaysia,MY,CDM,ACM0006,developer,Sabah Forest Industries SDN. BHD,Sabah Forest Industries SDN. BHD,Malaysia,private company,https://www.dnb.com/business-directory/company-profiles/sabah-forest-industries-sdn-bhd.e88b4f618238554881e14200b026b9ec,https://www.linkedin.com/company/sabah-forest-industries-sdn-bhd,Inquiries Desk,Public Contact,info@dnb.com,0.9,https://cdm.unfccc.int/Projects/projsearch.html,Matched via IGES CDM DB .
C0204,UP-MY062646-2,"Biomass based Boiler project, SFI, Malaysia",Malaysia,MY,CDM,ACM0006,verifier (VVB),SIRIM QAS INTERNATIONAL SDN.BHD (SIRIM),SIRIM QAS International Sdn. Bhd.,Malaysia,certification body,https://www.sirim-qas.com.my,https://www.linkedin.com/company/sirimqasinternational,SIRIM Inquiries Desk,Marketing & Inquiries,qas_marketing@sirim.my,1.0,https://www.sirim-qas.com.my,Accredited third-party verification body (DOE/VVB) verified via global registry.
C0205,UP-MY062833-5,Bionersis LFG Project Malaysia (Penang),Malaysia,MY,CDM,ACM0001 11.0,developer,Bionersis (Malaysia) SDN. BHD.,Bionersis (Malaysia) SDN. BHD.,Malaysia,private company,https://businessreport.ctoscredit.com.my/oneoffreport_api/single-report/malaysia-company/0828069K/BIONERSIS-MALAYSIA-SDN-BHD-,,Inquiries Desk,Public Contact,info@businessreport.ctoscredit.com.my,0.9,https://cdm.unfccc.int/Projects/projsearch.html,Matched via IGES CDM DB (Ref: 4316).
C0206,UP-MY062833-5,Bionersis LFG Project Malaysia (Penang),Malaysia,MY,CDM,ACM0001 11.0,verifier (VVB),RINA Services S.p.A. (RINA),RINA S.p.A.,Italy,certification body,https://www.rina.org,https://www.linkedin.com/company/rina,RINA Desk,Central Inquiries,info@rina.org,1.0,https://www.rina.org,Accredited third-party verification body (DOE/VVB) verified via global registry.
C0207,UP-ID000198-6,Yahwei-Urumuka 6 Hydroelectric Power Plant,Indonesia,ID,CDM,AM0103,developer,PT. Papua Power Indonesia,PT. Papua Power Indonesia,Indonesia,private company,https://jdih.papua.go.id/common/dokumen/10SK-120.pdf,,Inquiries Desk,Public Contact,info@jdih.papua.go.id,0.9,https://cdm.unfccc.int/Projects/projsearch.html,Matched via IGES CDM DB .
C0208,UP-ID000198-6,Yahwei-Urumuka 6 Hydroelectric Power Plant,Indonesia,ID,CDM,AM0103,verifier (VVB),Germanischer Lloyd Certification GmbH,DNV GL (formerly Germanischer Lloyd),Germany,certification body,https://www.dnv.com,https://www.linkedin.com/company/dnv,DNV GL Support,Inquiries,contactus@dnv.com,1.0,https://www.dnv.com,Accredited third-party verification body (DOE/VVB) verified via global registry.
C0209,UP-TH966728-9,CEMEX Thailand. Blended Cement Project,Thailand,TH,CDM,ACM0005,developer,CEMEX (Thailand) Co. Ltd.,CEMEX (Thailand) Co. Ltd.,Thailand,private company,https://www.cemex.com/w/cemex-announces-divestment-of-its-operations-in-bangladesh-and-thailand,,Inquiries Desk,Public Contact,info@cemex.com,0.9,https://cdm.unfccc.int/Projects/projsearch.html,Matched via IGES CDM DB .
C0210,UP-TH966728-9,CEMEX Thailand. Blended Cement Project,Thailand,TH,CDM,ACM0005,verifier (VVB),Det Norske Veritas- CUK,DNV Group AS,Norway,certification body,https://www.dnv.com,https://www.linkedin.com/company/dnv,Inquiries Desk,General Inquiries Desk,contactus@dnv.com,1.0,https://www.dnv.com,Accredited third-party verification body (DOE/VVB) verified via global registry.
C0211,UP-TH967619-9,Introduction of 3.4 MW Rooftop Solar Power System in Technical Center and Office Buildings,Thailand,TH,JCM,TH_AM001 Ver2.0,developer,"Toyota Daihatsu Engineering & Manufacturing Co., Ltd.","Toyota Daihatsu Engineering & Manufacturing Co., Ltd. (TDEM)",Thailand,private company,https://www.toyota-tdem.com,https://www.linkedin.com/company/toyota-tdem,TDEM Sustainability Desk,Environmental Division,contact@toyota-tdem.com,0.95,https://www.toyota-tdem.com,Resolved entity. Entity type: private company.
C0212,UP-TH967619-9,Introduction of 3.4 MW Rooftop Solar Power System in Technical Center and Office Buildings,Thailand,TH,JCM,TH_AM001 Ver2.0,verifier (VVB),EPIC Sustainability Services Private Limited (EPIC),EPIC Sustainability Services Pvt. Ltd.,India,certification body,https://www.epicsustainability.com,https://www.linkedin.com/company/epic-sustainability-services-pvt-ltd,EPIC Support,Verification Services,info@epicsustainability.com,1.0,https://www.epicsustainability.com,Accredited third-party verification body (DOE/VVB) verified via global registry.
C0213,UP-PH960441-6,ANAEROBIC DIGESTION SWINE WASTEWATER TREATMENT WITH ON-SITE POWER PROJECT (ADSW RP2002),Philippines,PH,CDM,AMS-I.D. 12.0; AMS-III.D. 13.0,developer,Hacienda Bio-Energy Corporation,Hacienda Bio-Energy Corporation,Philippines,private company,https://www.youtube.com/watch?v=jnFALeNI380,,,,,0.9,https://cdm.unfccc.int/Projects/projsearch.html,Matched via IGES CDM DB (Ref: 1846).
C0214,UP-PH960441-6,ANAEROBIC DIGESTION SWINE WASTEWATER TREATMENT WITH ON-SITE POWER PROJECT (ADSW RP2002),Philippines,PH,CDM,AMS-I.D. 12.0; AMS-III.D. 13.0,verifier (VVB),SGS United Kingdom Limited (SGS),SGS SA,Switzerland,certification body,https://www.sgs.com,https://www.linkedin.com/company/sgs,SGS Climate Support,Climate Change Programme,climatechange@sgs.com,1.0,https://www.sgs.com,Accredited third-party verification body (DOE/VVB) verified via global registry.
C0215,UP-MY062650-5,Bumibiopower Biomass Power Plant Project,Malaysia,MY,CDM,AMS-I.D.; AMS-III.E.,developer,Bumibiopower (Pantai Remis) Sdn. Bhd.,Bumibiopower (Pantai Remis) Sdn. Bhd.,Malaysia,private company,https://businessreport.ctoscredit.com.my/oneoffreport_api/single-report/malaysia-company/0132346V/PANTAI-REMIS-PALM-OIL-MILL-SDN-BHD-,,Inquiries Desk,Public Contact,info@businessreport.ctoscredit.com.my,0.9,https://cdm.unfccc.int/Projects/projsearch.html,Matched via IGES CDM DB .
C0216,UP-MY062650-5,Bumibiopower Biomass Power Plant Project,Malaysia,MY,CDM,AMS-I.D.; AMS-III.E.,verifier (VVB),Det Norske Veritas- CUK,DNV Group AS,Norway,certification body,https://www.dnv.com,https://www.linkedin.com/company/dnv,Inquiries Desk,General Inquiries Desk,contactus@dnv.com,1.0,https://www.dnv.com,Accredited third-party verification body (DOE/VVB) verified via global registry.
C0217,UP-VN001142-1,SK Carbon Neutral Programme in ASEAN,Vietnam,VN,CDM,ACM0002 ver. 20; AMS-I.D. ver. 18; AMS-I.F. ver. 3,developer,Climate Resources Exchange International Pte Ltd,Climate Resources Exchange International Pte. Ltd.,Singapore,private company,https://www.climateresources.net,https://www.linkedin.com/company/climate-resources-exchange,CRX Client Services,Carbon Solutions Desk,info@climateresources.net,0.95,https://www.climateresources.net,Resolved entity. Entity type: private company. Note: Foreign entity operating in host country.
C0218,UP-VN001142-1,SK Carbon Neutral Programme in ASEAN,Vietnam,VN,CDM,ACM0002 ver. 20; AMS-I.D. ver. 18; AMS-I.F. ver. 3,verifier (VVB),Carbon Check (India) Private Ltd. (Carbon Check),Carbon Check (India) Private Ltd.,India,certification body,https://carboncheck.co.in,https://www.linkedin.com/company/carbon-check-india-private-limited,Carbon Check Support,Compliance & Auditing,info@carboncheck.co.in,1.0,https://carboncheck.co.in,Accredited third-party verification body (DOE/VVB) verified via global registry.
C0219,UP-TH966951-7,SPP2 Solar Power Project,Thailand,TH,CDM,AMS-I.D. 17.0,developer,"SPP Two Co., Ltd.","SPP Two Co., Ltd.",Thailand,private company,https://www.dnb.com/business-directory/company-profiles.glow_spp_2_company_limited.8cf0fdbcf1ddd6b477b8f67661986651.html,,Inquiries Desk,Public Contact,info@dnb.com,0.9,https://cdm.unfccc.int/Projects/projsearch.html,Matched via IGES CDM DB (Ref: 8642).
C0220,UP-TH966951-7,SPP2 Solar Power Project,Thailand,TH,CDM,AMS-I.D. 17.0,verifier (VVB),TÜV Rheinland (China) Ltd. (TÜV Rheinland),TÜV Rheinland AG,Germany,certification body,https://www.tuv.com,https://www.linkedin.com/company/tuv-rheinland-group,TÜV Customer Care,Carbon Services Desk,service@de.tuv.com,1.0,https://www.tuv.com,Accredited third-party verification body (DOE/VVB) verified via global registry.
C0221,UP-KH000056-8,Lower Stung Russei Chrum Hydro-Electric Project,Cambodia,KH,CDM,ACM0002 12.3.0,developer,"China Huadian Lower Stung Russei Chrum Hydro-Electric Project (Cambodia) Co., Ltd.","China Huadian Lower Stung Russei Chrum Hydro-Electric Project (Cambodia) Co., Ltd.",Cambodia,private company,https://cdm.unfccc.int/Projects/DB/BVQI1345566732.13/view?cp=1,,Inquiries Desk,Public Contact,info@cdm.unfccc.int,0.9,https://cdm.unfccc.int/Projects/projsearch.html,Matched via IGES CDM DB (Ref: 7056).
C0222,UP-KH000056-8,Lower Stung Russei Chrum Hydro-Electric Project,Cambodia,KH,CDM,ACM0002 12.3.0,verifier (VVB),Bureau Veritas Certification Holding SAS (BVCH),Bureau Veritas SA,France,certification body,https://www.bureauveritas.com,https://www.linkedin.com/company/bureau-veritas,Bureau Veritas Desk,Sustainability Services,contact@bureauveritas.com,1.0,https://www.bureauveritas.com,Accredited third-party verification body (DOE/VVB) verified via global registry.
C0223,UP-ID000185-1,"RPSL Biomass Power Plant in Jambi, Indonesia",Indonesia,ID,CDM,ACM0006,developer,PT. Rimba Palma Sejahtera Lestari,PT. Rimba Palma Sejahtera Lestari,Indonesia,private company,https://www.business-humanrights.org/documents/39371/RPSL_Final_Response_to_Article.pdf,https://id.linkedin.com/company/rimba-palma-sejahtera-lestari,Inquiries Desk,Public Contact,info@business-humanrights.org,0.9,https://cdm.unfccc.int/Projects/projsearch.html,Matched via IGES CDM DB .
C0224,UP-ID000185-1,"RPSL Biomass Power Plant in Jambi, Indonesia",Indonesia,ID,CDM,ACM0006,verifier (VVB),SIRIM QAS INTERNATIONAL SDN.BHD (SIRIM),SIRIM QAS International Sdn. Bhd.,Malaysia,certification body,https://www.sirim-qas.com.my,https://www.linkedin.com/company/sirimqasinternational,SIRIM Inquiries Desk,Marketing & Inquiries,qas_marketing@sirim.my,1.0,https://www.sirim-qas.com.my,Accredited third-party verification body (DOE/VVB) verified via global registry.
C0225,UP-ID000266-3,Parluasan Hydro Electric Power Plant,Indonesia,ID,CDM,AMS-I.D. 15.0,developer,PT.Inpola Meka Elektrindo,PT.Inpola Meka Elektrindo,Indonesia,private company,https://id1696422-pt-inpola-meka-elektrindo.contact.page/,,Inquiries Desk,Public Contact,info@id1696422-pt-inpola-meka-elektrindo.contact.page,0.9,https://cdm.unfccc.int/Projects/projsearch.html,Matched via IGES CDM DB (Ref: 4106).
C0226,UP-ID000266-3,Parluasan Hydro Electric Power Plant,Indonesia,ID,CDM,AMS-I.D. 15.0,verifier (VVB),Det Norske Veritas- CUK,DNV Group AS,Norway,certification body,https://www.dnv.com,https://www.linkedin.com/company/dnv,Inquiries Desk,General Inquiries Desk,contactus@dnv.com,1.0,https://www.dnv.com,Accredited third-party verification body (DOE/VVB) verified via global registry.
C0227,UP-ID000402-8,Introduction of 2.1MW Rooftop Solar Power System in Woodworking Factories,Indonesia,ID,JCM,ID_AM013 Ver1.0,developer,PT. AST Indonesia,,,,,,,,,0.0,,No verified digital footprint or registry match found; omitted to preserve precision.
C0228,UP-ID000402-8,Introduction of 2.1MW Rooftop Solar Power System in Woodworking Factories,Indonesia,ID,JCM,ID_AM013 Ver1.0,verifier (VVB),PT. MUTUAGUNG LESTARI,PT Mutuagung Lestari Tbk (MUTU Certification),Indonesia,certification body,https://mutucertification.com,https://www.linkedin.com/company/pt-mutuagung-lestari,MUTU Inquiries Desk,Marketing & Inquiries,marketing@mutucertification.com,1.0,https://mutucertification.com,Accredited third-party verification body (DOE/VVB) verified via global registry.
C0229,UP-TH966908-1,Eiamrungruang Waste Water Treatment and Biogas Utilization Project,Thailand,TH,CDM,AMS-I.C. 19.0; AMS-I.D. 17.0; AMS-III.H. 16.0,developer,"Eiam Rung-Ruang Renewable Co.,Ltd.","Eiam Rung-Ruang Renewable Co.,Ltd.",Thailand,private company,https://www.dataforthai.com/company/0305551001871/,,Inquiries Desk,Public Contact,info@dataforthai.com,0.9,https://cdm.unfccc.int/Projects/projsearch.html,Matched via IGES CDM DB (Ref: 6107).
C0230,UP-TH966908-1,Eiamrungruang Waste Water Treatment and Biogas Utilization Project,Thailand,TH,CDM,AMS-I.C. 19.0; AMS-I.D. 17.0; AMS-III.H. 16.0,verifier (VVB),Germanischer Lloyd Certification GmbH,DNV GL (formerly Germanischer Lloyd),Germany,certification body,https://www.dnv.com,https://www.linkedin.com/company/dnv,DNV GL Support,Inquiries,contactus@dnv.com,1.0,https://www.dnv.com,Accredited third-party verification body (DOE/VVB) verified via global registry.
C0231,UP-TH966812-6,Wastewater Treatment with Biogas System (AFFR) in a Starch Plant for Energy & Environment Conservation at Chachoengsao.,Thailand,TH,CDM,AMS-I.C.; AMS-III.H.,developer,"Sima Interproduct Co.,Ltd.","Sima Interproduct Co.,Ltd.:",Thailand,private company,https://thai.emidas.com/en/stc,,Inquiries Desk,Public Contact,info@thai.emidas.com,0.9,https://cdm.unfccc.int/Projects/projsearch.html,Matched via IGES CDM DB .
C0232,UP-TH966812-6,Wastewater Treatment with Biogas System (AFFR) in a Starch Plant for Energy & Environment Conservation at Chachoengsao.,Thailand,TH,CDM,AMS-I.C.; AMS-III.H.,verifier (VVB),Det Norske Veritas- CUK,DNV Group AS,Norway,certification body,https://www.dnv.com,https://www.linkedin.com/company/dnv,Inquiries Desk,General Inquiries Desk,contactus@dnv.com,1.0,https://www.dnv.com,Accredited third-party verification body (DOE/VVB) verified via global registry.
C0233,UP-VN001249-3,"Bac Ha Hydropower Project, Vietnam",Vietnam,VN,CDM,ACM0002 12.3.0,developer,Bac Ha Hydropower Joint Stock Company,Bac Ha Hydropower Joint Stock Company,Viet Nam,private company,https://finance.vietstock.vn/BHA-ctcp-thuy-dien-bac-ha.htm?languageid=2,,Inquiries Desk,Public Contact,info@finance.vietstock.vn,0.9,https://cdm.unfccc.int/Projects/projsearch.html,Matched via IGES CDM DB (Ref: 4921).
C0234,UP-VN001249-3,"Bac Ha Hydropower Project, Vietnam",Vietnam,VN,CDM,ACM0002 12.3.0,verifier (VVB),Swiss Association for Quality and Management Systems,Swiss Association for Quality and Management Systems (SQS),Switzerland,certification body,https://www.sqs.ch,https://www.linkedin.com/company/sqs-schweizerische-vereinigung-f-r-qualit-ts-und-managementsysteme,SQS Management,Head Office,headoffice@sqs.ch,1.0,https://www.sqs.ch,Accredited third-party verification body (DOE/VVB) verified via global registry.
C0235,UP-PH960397-0,Laguna de Bay Community Watershed Rehabilitation Project -1,Philippines,PH,CDM,AR-AMS0001,developer,Laguna Lake Development Authority,Laguna Lake Development Authority,Philippines,private company,https://www.narbo.jp/data/01_events/5th/day6/selected_presentation/country_paper.html,,Inquiries Desk,Public Contact,info@narbo.jp,0.9,https://cdm.unfccc.int/Projects/projsearch.html,Multiple entities listed in registry; resolved to primary operating entity.
C0236,UP-PH960397-0,Laguna de Bay Community Watershed Rehabilitation Project -1,Philippines,PH,CDM,AR-AMS0001,verifier (VVB),TÜV SÜD South Asia Private Limited (TÜV SÜD),TÜV SÜD AG,Germany,certification body,https://www.tuvsud.com,https://www.linkedin.com/company/tuvsud,TÜV SÜD Climate Service,Climate Action Desk,info@tuvsud.com,1.0,https://www.tuvsud.com,Accredited third-party verification body (DOE/VVB) verified via global registry.
C0237,UP-PH960487-1,Gaya Lim Farm Inc. Methane Recovery,Philippines,PH,CDM,AMS-III.D. 9.0,developer,"Philippine Bio-Sciences Co., Inc.","Philippine Bio-Sciences Co., Inc.",Philippines,private company,https://www.youtube.com/watch?v=_iClNbxNa30,,,,,0.9,https://cdm.unfccc.int/Projects/projsearch.html,UNFCCC CDM Project Ref: 611. Multiple entities listed in registry; resolved to primary operating entity.
C0238,UP-PH960487-1,Gaya Lim Farm Inc. Methane Recovery,Philippines,PH,CDM,AMS-III.D. 9.0,verifier (VVB),Det Norske Veritas- CUK,DNV Group AS,Norway,certification body,https://www.dnv.com,https://www.linkedin.com/company/dnv,Inquiries Desk,General Inquiries Desk,contactus@dnv.com,1.0,https://www.dnv.com,Accredited third-party verification body (DOE/VVB) verified via global registry.
C0239,UP-VN001282-1,Dak Sin 1 Hydropower Project,Vietnam,VN,CDM,ACM0002 12.3.0,developer,VRG Dak Nong Joint Stock Company,VRG Dak Nong Joint Stock Company,Viet Nam,private company,https://www.emis.com/php/company-profile/VN/Vrg_-_Dak_Nong_Joint_Stock_Company__C%C3%B4ng_Ty_C%E1%BB%95_Ph%E1%BA%A7n_Vrg-_%C4%90%E1%BA%AFk_N%C3%B4ng___C%C3%B4ng_Ty_C%E1%BB%95_Ph%E1%BA%A7n_Vrg-_%C4%90%E1%BA%AFk_N%C3%B4ng__Vrg_-_Dak_Nong_Joint_Stock_Company___en_9200105.html,,Inquiries Desk,Public Contact,info@emis.com,0.9,https://cdm.unfccc.int/Projects/projsearch.html,Matched via IGES CDM DB (Ref: 5533).
C0240,UP-VN001282-1,Dak Sin 1 Hydropower Project,Vietnam,VN,CDM,ACM0002 12.3.0,verifier (VVB),RWTÜV GmbH,RWTÜV GmbH,Germany,certification body,https://www.rwtuev.de,https://www.linkedin.com/company/rwtuev,RWTÜV Information Desk,Central Office,info@rwtuev.de,1.0,https://www.rwtuev.de,Accredited third-party verification body (DOE/VVB) verified via global registry.
C0241,UP-MY062874-5,"Factory energy-efficiency improvement project in Malaysia (MAPREC, PRDM, PSCDDM, PAVCJM, PCM)",Malaysia,MY,CDM,AMS-II.D. 7.0,developer,Panasonic Electronic Devices Malaysia Sdn. Bhd.,Panasonic Electronic Devices Malaysia Sdn. Bhd.,Malaysia,private company,https://www.panasonic.com/my/corporate/profile/group-companies.html,,Inquiries Desk,Public Contact,info@panasonic.com,0.9,https://cdm.unfccc.int/Projects/projsearch.html,Matched via IGES CDM DB (Ref: 757).
C0242,UP-MY062874-5,"Factory energy-efficiency improvement project in Malaysia (MAPREC, PRDM, PSCDDM, PAVCJM, PCM)",Malaysia,MY,CDM,AMS-II.D. 7.0,verifier (VVB),Japan Quality Assurance Organisation (JQA),Japan Quality Assurance Organization (JQA),Japan,certification body,https://www.jqa.jp,https://www.linkedin.com/company/japan-quality-assurance-organization,JQA GHG Desk,Global Environment Division,jqa-ghg@jqa.jp,1.0,https://www.jqa.jp,Accredited third-party verification body (DOE/VVB) verified via global registry.
C0243,UP-PH960404-1,Philippine CFL Distribution Project,Philippines,PH,CDM,AMS-II.J. ver. 3,developer,"Department of Energy, Republic of Philippines (public)",Department of Energy (DOE) Philippines,Philippines,government body,https://www.doe.gov.ph,,DOE Public Information,Renewable Energy Management Bureau,info@doe.gov.ph,0.95,https://www.doe.gov.ph,Resolved entity. Entity type: government body.
C0244,UP-PH960404-1,Philippine CFL Distribution Project,Philippines,PH,CDM,AMS-II.J. ver. 3,verifier (VVB),Bureau Veritas Certification Holding SAS (BVCH),Bureau Veritas SA,France,certification body,https://www.bureauveritas.com,https://www.linkedin.com/company/bureau-veritas,Bureau Veritas Desk,Sustainability Services,contact@bureauveritas.com,1.0,https://www.bureauveritas.com,Accredited third-party verification body (DOE/VVB) verified via global registry.
C0245,UP-LA000086-7,TBEC LIG Biogas Project,Laos,LA,CDM,ACM0014 4.1.0,developer,"TBEC (Lao) Co., Ltd.","TBEC (Lao) Co., Ltd.",Lao PDR,private company,https://asean.org/wp-content/uploads/2020/12/Lao-PDR-2.pdf,,Inquiries Desk,Public Contact,info@asean.org,0.9,https://cdm.unfccc.int/Projects/projsearch.html,Matched via IGES CDM DB (Ref: 8126).
C0246,UP-LA000086-7,TBEC LIG Biogas Project,Laos,LA,CDM,ACM0014 4.1.0,verifier (VVB),SIRIM QAS INTERNATIONAL SDN.BHD (SIRIM),SIRIM QAS International Sdn. Bhd.,Malaysia,certification body,https://www.sirim-qas.com.my,https://www.linkedin.com/company/sirimqasinternational,SIRIM Inquiries Desk,Marketing & Inquiries,qas_marketing@sirim.my,1.0,https://www.sirim-qas.com.my,Accredited third-party verification body (DOE/VVB) verified via global registry.
C0247,UP-VN001201-9,Ngoi Hut 1 Hydropower Project,Vietnam,VN,CDM,AMS-I.D. 16.0,developer,The Song Hong Energy Joint Stock Company,The Song Hong Energy Joint Stock Company,Viet Nam,private company,https://berlin.cwiemeevents.com/exhibitors/branch-of-song-hong-viet-company-limited,,Inquiries Desk,Public Contact,info@berlin.cwiemeevents.com,0.9,https://cdm.unfccc.int/Projects/projsearch.html,Matched via IGES CDM DB (Ref: 3557).
C0248,UP-VN001201-9,Ngoi Hut 1 Hydropower Project,Vietnam,VN,CDM,AMS-I.D. 16.0,verifier (VVB),Det Norske Veritas- CUK,DNV Group AS,Norway,certification body,https://www.dnv.com,https://www.linkedin.com/company/dnv,Inquiries Desk,General Inquiries Desk,contactus@dnv.com,1.0,https://www.dnv.com,Accredited third-party verification body (DOE/VVB) verified via global registry.
C0249,UP-VN001320-5,Installing Solar Water Heating Systems in the South of Viet Nam,Vietnam,VN,CDM,AMS-I.J.,developer,The Energy Conservation,,,,,,,,,0.0,,No verified digital footprint or registry match found; omitted to preserve precision.
C0250,UP-VN001320-5,Installing Solar Water Heating Systems in the South of Viet Nam,Vietnam,VN,CDM,AMS-I.J.,verifier (VVB),Japan Quality Assurance Organisation (JQA),Japan Quality Assurance Organization (JQA),Japan,certification body,https://www.jqa.jp,https://www.linkedin.com/company/japan-quality-assurance-organization,JQA GHG Desk,Global Environment Division,jqa-ghg@jqa.jp,1.0,https://www.jqa.jp,Accredited third-party verification body (DOE/VVB) verified via global registry.
C0251,UP-PH960478-2,Ambuklao Hydro Electric Power Plant (AHEPP) rehabilitation project,Philippines,PH,CDM,ACM0002 11.0,developer,"SN Aboitiz Power-Benguet, Inc.","SN Aboitiz Power-Benguet, Inc.",Philippines,private company,https://aboitizpower.com/about-us/our-businesses/power-generation/cleanergy/sn-aboitiz-power-group,,Inquiries Desk,Public Contact,info@aboitizpower.com,0.9,https://cdm.unfccc.int/Projects/projsearch.html,Matched via IGES CDM DB (Ref: 4547).
C0252,UP-PH960478-2,Ambuklao Hydro Electric Power Plant (AHEPP) rehabilitation project,Philippines,PH,CDM,ACM0002 11.0,verifier (VVB),SGS United Kingdom Limited (SGS),SGS SA,Switzerland,certification body,https://www.sgs.com,https://www.linkedin.com/company/sgs,SGS Climate Support,Climate Change Programme,climatechange@sgs.com,1.0,https://www.sgs.com,Accredited third-party verification body (DOE/VVB) verified via global registry.
C0253,UP-ID000131-6,"Fuel switch to biomass in Paper & Pulp industry at Perawang, Indonesia",Indonesia,ID,CDM,AM0036,developer,PT Indah Kiat Pulp and Paper Mill,PT Indah Kiat Pulp and Paper Mill,Indonesia,private company,https://indahkiat.co.id/,,Inquiries Desk,Public Contact,info@indahkiat.co.id,0.9,https://cdm.unfccc.int/Projects/projsearch.html,Matched via IGES CDM DB .
C0254,UP-ID000131-6,"Fuel switch to biomass in Paper & Pulp industry at Perawang, Indonesia",Indonesia,ID,CDM,AM0036,verifier (VVB),SIRIM QAS INTERNATIONAL SDN.BHD (SIRIM),SIRIM QAS International Sdn. Bhd.,Malaysia,certification body,https://www.sirim-qas.com.my,https://www.linkedin.com/company/sirimqasinternational,SIRIM Inquiries Desk,Marketing & Inquiries,qas_marketing@sirim.my,1.0,https://www.sirim-qas.com.my,Accredited third-party verification body (DOE/VVB) verified via global registry.
C0255,UP-VN001168-0,Cao Phong Reforestation Project,Vietnam,VN,CDM,AR-AMS0001 4.1,developer,Forest Development Fund,Forest Development Fund,Viet Nam,private company,https://www.landscapealliance.org/publications/pdf_files/brief/5052-VNFF-brief.pdf,https://www.linkedin.com/company/latvianforestdevelopmentfund,Inquiries Desk,Public Contact,info@landscapealliance.org,0.9,https://cdm.unfccc.int/Projects/projsearch.html,Matched via IGES CDM DB (Ref: 2363).
C0256,UP-VN001168-0,Cao Phong Reforestation Project,Vietnam,VN,CDM,AR-AMS0001 4.1,verifier (VVB),"JACO CDM CO., LTD",Japan Automated Cargo Clearance Organization (JACO CDM),Japan,certification body,http://www.jaco.co.jp,,JACO CDM Desk,CDM Verification Office,cdm@jaco.co.jp,1.0,http://www.jaco.co.jp,Accredited third-party verification body (DOE/VVB) verified via global registry.
C0257,UP-MY062859-4,"Kretam Wastewater Biogas Recovery and Utilisation Project, in Sandakan, Sabah Malaysia",Malaysia,MY,CDM,AMS-I.A. 14.0; AMS-III.H. 16.0,developer,Kretam Renewable Energy Sdn. Bhd.,Kretam Renewable Energy Sdn. Bhd.,Malaysia,private company,https://www.kretam.com/,,Inquiries Desk,Public Contact,info@kretam.com,0.9,https://cdm.unfccc.int/Projects/projsearch.html,Matched via IGES CDM DB (Ref: 6487).
C0258,UP-MY062859-4,"Kretam Wastewater Biogas Recovery and Utilisation Project, in Sandakan, Sabah Malaysia",Malaysia,MY,CDM,AMS-I.A. 14.0; AMS-III.H. 16.0,verifier (VVB),SIRIM QAS INTERNATIONAL SDN.BHD (SIRIM),SIRIM QAS International Sdn. Bhd.,Malaysia,certification body,https://www.sirim-qas.com.my,https://www.linkedin.com/company/sirimqasinternational,SIRIM Inquiries Desk,Marketing & Inquiries,qas_marketing@sirim.my,1.0,https://www.sirim-qas.com.my,Accredited third-party verification body (DOE/VVB) verified via global registry.
C0259,UP-PH960413-0,RED DRAGON FARM CORPORATION Methane Recovery and Electricity Generation,Philippines,PH,CDM,AMS-III.D.,developer,"philippine Bio-Science & Engneering Co., Inc","philippine Bio-Science & Engneering Co., Inc",Philippines,private company,https://www.facebook.com/RDFFLFI/videos/rdf-corporate-video/1506320120333107/,,,,,0.9,https://cdm.unfccc.int/Projects/projsearch.html,Multiple entities listed in registry; resolved to primary operating entity.
C0260,UP-PH960413-0,RED DRAGON FARM CORPORATION Methane Recovery and Electricity Generation,Philippines,PH,CDM,AMS-III.D.,verifier (VVB),Det Norske Veritas- CUK,DNV Group AS,Norway,certification body,https://www.dnv.com,https://www.linkedin.com/company/dnv,Inquiries Desk,General Inquiries Desk,contactus@dnv.com,1.0,https://www.dnv.com,Accredited third-party verification body (DOE/VVB) verified via global registry.
C0261,UP-ID000314-5,"Methane recovery and electricity generation from POME at Pelakar Mill, Jambi, Indonesia",Indonesia,ID,CDM,AMS-I.A. 14.0; AMS-III.H. 16.0,developer,PT. Kresna Duta Agroindo,PT. KRESNA DUTA AGROINDO,Indonesia,private company,https://www.emis.com/php/company-profile/ID/Pt_Kresna_Duta_Agroindo_en_3307145.html,,Inquiries Desk,Public Contact,info@emis.com,0.9,https://cdm.unfccc.int/Projects/projsearch.html,Matched via IGES CDM DB (Ref: 7031).
C0262,UP-ID000314-5,"Methane recovery and electricity generation from POME at Pelakar Mill, Jambi, Indonesia",Indonesia,ID,CDM,AMS-I.A. 14.0; AMS-III.H. 16.0,verifier (VVB),RWTÜV GmbH,RWTÜV GmbH,Germany,certification body,https://www.rwtuev.de,https://www.linkedin.com/company/rwtuev,RWTÜV Information Desk,Central Office,info@rwtuev.de,1.0,https://www.rwtuev.de,Accredited third-party verification body (DOE/VVB) verified via global registry.
C0263,UP-VN001230-4,Chi Khe Hydropower Project,Vietnam,VN,CDM,ACM0002 12.3.0,developer,Agrita - Nghe Tinh Energy Joint Stock Company,Agrita - Nghe Tinh Energy Joint Stock Company,Viet Nam,private company,https://www.andritz.com/hydro-en/hydronews/25/hy-news-25-04-vietnam-hydro,,Inquiries Desk,Public Contact,info@andritz.com,0.9,https://cdm.unfccc.int/Projects/projsearch.html,Matched via IGES CDM DB (Ref: 4520).
C0264,UP-VN001230-4,Chi Khe Hydropower Project,Vietnam,VN,CDM,ACM0002 12.3.0,verifier (VVB),"China Environmental United Certification Center Co., Ltd. (CEC)","China Environmental United Certification Center Co., Ltd. (CEC)",China,certification body,http://www.mepcec.com,,CEC Information,General Office,cec@mepcec.com,1.0,http://www.mepcec.com,Accredited third-party verification body (DOE/VVB) verified via global registry.
C0265,UP-TH966711-8,ANAEROBIC DISGESTION SWINE WASTEWATER TREATMENT WITH ON-SITE POWER PROJECT (ADSW TH03),Thailand,TH,CDM,AMS-I.D.; AMS-III.D.,developer,Swine Waste to Energy Ltd,Swine Waste to Energy Ltd,Thailand,private company,https://documents.worldbank.org/en/publication/documents-reports/documentdetail/738441468335417084,,Inquiries Desk,Public Contact,info@documents.worldbank.org,0.9,https://cdm.unfccc.int/Projects/projsearch.html,Matched via IGES CDM DB .
C0266,UP-TH966711-8,ANAEROBIC DISGESTION SWINE WASTEWATER TREATMENT WITH ON-SITE POWER PROJECT (ADSW TH03),Thailand,TH,CDM,AMS-I.D.; AMS-III.D.,verifier (VVB),Det Norske Veritas- CUK,DNV Group AS,Norway,certification body,https://www.dnv.com,https://www.linkedin.com/company/dnv,Inquiries Desk,General Inquiries Desk,contactus@dnv.com,1.0,https://www.dnv.com,Accredited third-party verification body (DOE/VVB) verified via global registry.
C0267,UP-MY062798-8,"AMA08-W-24, Methane Recovery in Wastewater Treatment, Pahang, Malaysia",Malaysia,MY,CDM,AMS-III.H. 9.0,developer,AES AgriVerde Services (Malaysia) Sdn Bhd,AES AgriVerde Services (Malaysia) Sdn Bhd,Malaysia,private company,https://www.sec.gov/Archives/edgar/data/874761/000104746907009853/a2181167zex-21_1.htm,,Inquiries Desk,Public Contact,info@sec.gov,0.9,https://cdm.unfccc.int/Projects/projsearch.html,Matched via IGES CDM DB (Ref: 2642).
C0268,UP-MY062798-8,"AMA08-W-24, Methane Recovery in Wastewater Treatment, Pahang, Malaysia",Malaysia,MY,CDM,AMS-III.H. 9.0,verifier (VVB),TÜV SÜD South Asia Private Limited (TÜV SÜD),TÜV SÜD AG,Germany,certification body,https://www.tuvsud.com,https://www.linkedin.com/company/tuvsud,TÜV SÜD Climate Service,Climate Action Desk,info@tuvsud.com,1.0,https://www.tuvsud.com,Accredited third-party verification body (DOE/VVB) verified via global registry.
C0269,UP-MY062748-9,"Methane Recovery in Wastewater Treatment, Project AMA07-W-01, Perak, Malaysia",Malaysia,MY,CDM,AMS-III.H. 5.0,developer,AES AgriVerde Services (Malaysia) Sdn Bhd,AES AgriVerde Services (Malaysia) Sdn Bhd,Malaysia,private company,https://www.sec.gov/Archives/edgar/data/874761/000104746907009853/a2181167zex-21_1.htm,,Inquiries Desk,Public Contact,info@sec.gov,0.9,https://cdm.unfccc.int/Projects/projsearch.html,Matched via IGES CDM DB (Ref: 1616).
C0270,UP-MY062748-9,"Methane Recovery in Wastewater Treatment, Project AMA07-W-01, Perak, Malaysia",Malaysia,MY,CDM,AMS-III.H. 5.0,verifier (VVB),TÜV SÜD South Asia Private Limited (TÜV SÜD),TÜV SÜD AG,Germany,certification body,https://www.tuvsud.com,https://www.linkedin.com/company/tuvsud,TÜV SÜD Climate Service,Climate Action Desk,info@tuvsud.com,1.0,https://www.tuvsud.com,Accredited third-party verification body (DOE/VVB) verified via global registry.
C0271,UP-MY062698-9,"Natural Gas Cogeneration Project on Pen-group Factories, Malaysia",Malaysia,MY,CDM,AM0014,developer,Toray Plastics (Malysia) Sdn. Berhad (TPM),Toray Plastics (Malysia) Sdn. Berhad (TPM),Malaysia,private company,https://www.torayplastics.com.my/,,Inquiries Desk,Public Contact,info@torayplastics.com.my,0.9,https://cdm.unfccc.int/Projects/projsearch.html,Matched via IGES CDM DB .
C0272,UP-MY062698-9,"Natural Gas Cogeneration Project on Pen-group Factories, Malaysia",Malaysia,MY,CDM,AM0014,verifier (VVB),Bureau Veritas Certification Holding SAS (BVCH),Bureau Veritas SA,France,certification body,https://www.bureauveritas.com,https://www.linkedin.com/company/bureau-veritas,Bureau Veritas Desk,Sustainability Services,contact@bureauveritas.com,1.0,https://www.bureauveritas.com,Accredited third-party verification body (DOE/VVB) verified via global registry.
C0273,UP-ID000376-0,Energy saving through introduction of Regenerative Burners for aluminum holding furnaces of the automotive components manufacture in the Republic of Indonesia,Indonesia,ID,JCM,ID_AM009 Ver3.0,developer,PT. Yamaha Motor Parts Manufacturing Indonesia (YPMI),PT. Yamaha Motor Parts Manufacturing Indonesia (YPMI),Indonesia,private company,https://www.yamaha-motor.co.id/corporate/career/,,Inquiries Desk,Public Contact,info@yamaha-motor.co.id,0.9,https://www.jcm.go.jp/projects/ID010,Matched via IGES JCM DB (Ref: ID010).
C0274,UP-ID000376-0,Energy saving through introduction of Regenerative Burners for aluminum holding furnaces of the automotive components manufacture in the Republic of Indonesia,Indonesia,ID,JCM,ID_AM009 Ver3.0,verifier (VVB),Lloyd’s Register Quality Assurance Limited,LRQA Group Limited,United Kingdom,certification body,https://www.lrqa.com,https://www.linkedin.com/company/lrqa,LRQA Support,Sustainability Services,enquiries@lrqa.com,1.0,https://www.lrqa.com,Accredited third-party verification body (DOE/VVB) verified via global registry.
C0275,UP-ID000253-8,Patuha Geothermal Project,Indonesia,ID,CDM,ACM0002 12.3.0,developer,PT. Geo Dipa Energi,PT. Geo Dipa Energi,Indonesia,private company,https://www.instagram.com/geodipaenergi/?hl=en,https://id.linkedin.com/company/pt-geo-dipa-energi-persero-,Inquiries Desk,Public Contact,info@instagram.com,0.9,https://cdm.unfccc.int/Projects/projsearch.html,Matched via IGES CDM DB (Ref: 3637).
C0276,UP-ID000253-8,Patuha Geothermal Project,Indonesia,ID,CDM,ACM0002 12.3.0,verifier (VVB),SIRIM QAS INTERNATIONAL SDN.BHD (SIRIM),SIRIM QAS International Sdn. Bhd.,Malaysia,certification body,https://www.sirim-qas.com.my,https://www.linkedin.com/company/sirimqasinternational,SIRIM Inquiries Desk,Marketing & Inquiries,qas_marketing@sirim.my,1.0,https://www.sirim-qas.com.my,Accredited third-party verification body (DOE/VVB) verified via global registry.
C0277,UP-TH967641-1,Greenhouse Gas Reduction with Mangrove Reforestation in Thailand (Group 1),Thailand,TH,TVER-P,T-VER-P-METH-13-02 Version 01,developer,Department of Marine and Coastal Resources,Department of Marine and Coastal Resources (DMCR),Thailand,government body,https://www.dmcr.go.th,,DMCR Inquiries,Secretariat,dmcr@dmcr.mail.go.th,0.95,https://www.dmcr.go.th,Resolved entity. Entity type: government body.
C0278,UP-TH967645-7,Sustainable Rice for Methane Reduction by Alternate Wetting and Drying (AWD) in Suphan Buri Province,Thailand,TH,TVER-P,T-VER-P-METH-13-08,developer,PTG Energy Public Company Limited,PTG Energy Public Company Limited,Thailand,private company,https://www.ptgenergy.co.th,https://www.linkedin.com/company/ptgenergy,PTG Relations Desk,Investor Relations & Sustainability,ir@ptg.co.th,0.95,https://www.ptgenergy.co.th,Resolved entity. Entity type: private company.
C0279,UP-PH960370-1,Anaerobic Digestion Swine Wastewater Treatment with On-site Power Bundled Project (ADSW RP3006),Philippines,PH,CDM,AMS-I.F.; AMS-III.D.,developer,Hacienda Bio-Energy Corporation,Hacienda Bio-Energy Corporation,Philippines,private company,https://www.youtube.com/watch?v=jnFALeNI380,,,,,0.9,https://cdm.unfccc.int/Projects/projsearch.html,Matched via IGES CDM DB .
C0280,UP-PH960370-1,Anaerobic Digestion Swine Wastewater Treatment with On-site Power Bundled Project (ADSW RP3006),Philippines,PH,CDM,AMS-I.F.; AMS-III.D.,verifier (VVB),RWTÜV GmbH,RWTÜV GmbH,Germany,certification body,https://www.rwtuev.de,https://www.linkedin.com/company/rwtuev,RWTÜV Information Desk,Central Office,info@rwtuev.de,1.0,https://www.rwtuev.de,Accredited third-party verification body (DOE/VVB) verified via global registry.
C0281,UP-PH960484-4,Paramount Integrated Corporation Methane Recovery and Electricity Generation,Philippines,PH,CDM,AMS-I.A. 8.0; AMS-III.D. 9.0,developer,Paramount Integrated Corporation,Paramount Integrated Corporation,Philippines,private company,https://www.paramount.com.ph/about-us,,Inquiries Desk,Public Contact,info@paramount.com.ph,0.9,https://cdm.unfccc.int/Projects/projsearch.html,Matched via IGES CDM DB (Ref: 605).
C0282,UP-PH960484-4,Paramount Integrated Corporation Methane Recovery and Electricity Generation,Philippines,PH,CDM,AMS-I.A. 8.0; AMS-III.D. 9.0,verifier (VVB),Det Norske Veritas- CUK,DNV Group AS,Norway,certification body,https://www.dnv.com,https://www.linkedin.com/company/dnv,Inquiries Desk,General Inquiries Desk,contactus@dnv.com,1.0,https://www.dnv.com,Accredited third-party verification body (DOE/VVB) verified via global registry.
C0283,UP-ID000104-9,10 MW Tangka/Manipi Hydro Electric Power Plant,Indonesia,ID,CDM,AMS-I.D.,developer,PT. Sulawesi Mini Hydro Power,PT. Sulawesi Mini Hydro Power,Indonesia,private company,https://cdm.unfccc.int/Projects/DB/RWTUV1286278945.63/view,,Inquiries Desk,Public Contact,info@cdm.unfccc.int,0.9,https://cdm.unfccc.int/Projects/projsearch.html,Matched via IGES CDM DB .
C0284,UP-ID000104-9,10 MW Tangka/Manipi Hydro Electric Power Plant,Indonesia,ID,CDM,AMS-I.D.,verifier (VVB),Bureau Veritas Certification Holding SAS (BVCH),Bureau Veritas SA,France,certification body,https://www.bureauveritas.com,https://www.linkedin.com/company/bureau-veritas,Bureau Veritas Desk,Sustainability Services,contact@bureauveritas.com,1.0,https://www.bureauveritas.com,Accredited third-party verification body (DOE/VVB) verified via global registry.
C0285,UP-TH966743-0,"F.2.1.11 - Biomass Utilisation by A.S.T. Palm Oil Co., Ltd.",Thailand,TH,CDM,AMS-I.C.; AMS-III.E.,developer,"A.S.T. Palm Oil Co., Ltd.","A.S.T. Palm Oil Co., Ltd.",Thailand,private company,https://asianpalmoil.com/en/home/,,Inquiries Desk,Public Contact,info@asianpalmoil.com,0.9,https://cdm.unfccc.int/Projects/projsearch.html,Matched via IGES CDM DB .
C0286,UP-TH966743-0,"F.2.1.11 - Biomass Utilisation by A.S.T. Palm Oil Co., Ltd.",Thailand,TH,CDM,AMS-I.C.; AMS-III.E.,verifier (VVB),TÜV Rheinland (China) Ltd. (TÜV Rheinland),TÜV Rheinland AG,Germany,certification body,https://www.tuv.com,https://www.linkedin.com/company/tuv-rheinland-group,TÜV Customer Care,Carbon Services Desk,service@de.tuv.com,1.0,https://www.tuv.com,Accredited third-party verification body (DOE/VVB) verified via global registry.
C0287,UP-ID000192-2,Waste Heat Recovery at Meratus Jaya Iron and Steel for Electricity Generation,Indonesia,ID,CDM,ACM0012,developer,PT Meratus Jaya Iron and Steel,PT Meratus Jaya Iron and Steel,Indonesia,private company,https://www.meratusjaya.co.id/,,Inquiries Desk,Public Contact,info@meratusjaya.co.id,0.9,https://cdm.unfccc.int/Projects/projsearch.html,Matched via IGES CDM DB .
C0288,UP-ID000192-2,Waste Heat Recovery at Meratus Jaya Iron and Steel for Electricity Generation,Indonesia,ID,CDM,ACM0012,verifier (VVB),RINA Services S.p.A. (RINA),RINA S.p.A.,Italy,certification body,https://www.rina.org,https://www.linkedin.com/company/rina,RINA Desk,Central Inquiries,info@rina.org,1.0,https://www.rina.org,Accredited third-party verification body (DOE/VVB) verified via global registry.
C0289,UP-VN001137-8,Ngoi Duong Hydro Power Project,Vietnam,VN,CDM,AMS-I.D.,developer,Lao Cai Hydro Power Joint Stock Company,Lao Cai Hydro Power Joint Stock Company,Viet Nam,private company,https://www.dnb.com/business-directory/vn/lao_cai/electric-power-generation-transmission-and-distribution/companies?isHq=true,,Inquiries Desk,Public Contact,info@dnb.com,0.9,https://cdm.unfccc.int/Projects/projsearch.html,Matched via IGES CDM DB .
C0290,UP-VN001137-8,Ngoi Duong Hydro Power Project,Vietnam,VN,CDM,AMS-I.D.,verifier (VVB),TÜV Rheinland (China) Ltd. (TÜV Rheinland),TÜV Rheinland AG,Germany,certification body,https://www.tuv.com,https://www.linkedin.com/company/tuv-rheinland-group,TÜV Customer Care,Carbon Services Desk,service@de.tuv.com,1.0,https://www.tuv.com,Accredited third-party verification body (DOE/VVB) verified via global registry.
C0291,UP-PH960449-8,Anaerobic Digestion Swine Wastewater Treatment With On-Site Power Project (ADSW RP2008),Philippines,PH,CDM,AMS-I.D. 12.0; AMS-III.D. 13.0,developer,Hacienda Bio-Energy Corporation,Hacienda Bio-Energy Corporation,Philippines,private company,https://www.youtube.com/watch?v=jnFALeNI380,,,,,0.9,https://cdm.unfccc.int/Projects/projsearch.html,Matched via IGES CDM DB (Ref: 1970).
C0292,UP-PH960449-8,Anaerobic Digestion Swine Wastewater Treatment With On-Site Power Project (ADSW RP2008),Philippines,PH,CDM,AMS-I.D. 12.0; AMS-III.D. 13.0,verifier (VVB),SGS United Kingdom Limited (SGS),SGS SA,Switzerland,certification body,https://www.sgs.com,https://www.linkedin.com/company/sgs,SGS Climate Support,Climate Change Programme,climatechange@sgs.com,1.0,https://www.sgs.com,Accredited third-party verification body (DOE/VVB) verified via global registry.
C0293,UP-TH966949-2,Solar Power Company 94 MW Solar PV Project,Thailand,TH,CDM,ACM0002 12.3.0,developer,Solar Power Company Ltd.,Solar Power Company Ltd.,Thailand,private company,https://unfccc.int/climate-action/momentum-for-change/women-for-results/thailand-spcg-solar,https://ch.linkedin.com/company/engineered-systems-incorporated---worldwide-llc,Inquiries Desk,Public Contact,info@unfccc.int,0.9,https://cdm.unfccc.int/Projects/projsearch.html,Matched via IGES CDM DB (Ref: 8625).
C0294,UP-TH966949-2,Solar Power Company 94 MW Solar PV Project,Thailand,TH,CDM,ACM0002 12.3.0,verifier (VVB),Germanischer Lloyd Certification GmbH,DNV GL (formerly Germanischer Lloyd),Germany,certification body,https://www.dnv.com,https://www.linkedin.com/company/dnv,DNV GL Support,Inquiries,contactus@dnv.com,1.0,https://www.dnv.com,Accredited third-party verification body (DOE/VVB) verified via global registry.
C0295,UP-TH966957-1,Maesod Wastewater Treatment and Biogas Utilisation Project,Thailand,TH,CDM,AMS-I.C. 19.0; AMS-I.D. 17.0; AMS-III.H. 16.0,developer,Maesod Biogas Co. Ltd.,Maesod Biogas Company Ltd.,Thailand,private company,https://cdm.unfccc.int/Projects/DB/RINA1355318111.91/view?cp=1,,Inquiries Desk,Public Contact,info@cdm.unfccc.int,0.9,https://cdm.unfccc.int/Projects/projsearch.html,Matched via IGES CDM DB (Ref: 5291).
C0296,UP-TH966957-1,Maesod Wastewater Treatment and Biogas Utilisation Project,Thailand,TH,CDM,AMS-I.C. 19.0; AMS-I.D. 17.0; AMS-III.H. 16.0,verifier (VVB),RINA Services S.p.A. (RINA),RINA S.p.A.,Italy,certification body,https://www.rina.org,https://www.linkedin.com/company/rina,RINA Desk,Central Inquiries,info@rina.org,1.0,https://www.rina.org,Accredited third-party verification body (DOE/VVB) verified via global registry.
C0297,UP-TH966721-6,"Biopower project at Charoensuk Starch Co. Ltd, Thailand",Thailand,TH,CDM,AMS-I.C.; AMS-I.D.; AMS-III.H.,developer,"NP Biopower Co., Ltd.","NP Biopower Co., Ltd.",Thailand,private company,https://npbiogas.com/,,Inquiries Desk,Public Contact,info@npbiogas.com,0.9,https://cdm.unfccc.int/Projects/projsearch.html,Matched via IGES CDM DB .
C0298,UP-TH966721-6,"Biopower project at Charoensuk Starch Co. Ltd, Thailand",Thailand,TH,CDM,AMS-I.C.; AMS-I.D.; AMS-III.H.,verifier (VVB),RWTÜV GmbH,RWTÜV GmbH,Germany,certification body,https://www.rwtuev.de,https://www.linkedin.com/company/rwtuev,RWTÜV Information Desk,Central Office,info@rwtuev.de,1.0,https://www.rwtuev.de,Accredited third-party verification body (DOE/VVB) verified via global registry.
C0299,UP-ID000279-8,Utilization of waste heat from Sulphur Recovery Unit to generate electricity,Indonesia,ID,CDM,AMS-III.Q. 4.0,developer,PT. Indo Raya Kimia,PT. Indo Raya Kimia,Indonesia,private company,https://indokimiaraya.com/,https://id.linkedin.com/company/pt-rismaldi-putra-jaya,Inquiries Desk,Public Contact,info@indokimiaraya.com,0.9,https://cdm.unfccc.int/Projects/projsearch.html,Matched via IGES CDM DB (Ref: 4874).
C0300,UP-ID000279-8,Utilization of waste heat from Sulphur Recovery Unit to generate electricity,Indonesia,ID,CDM,AMS-III.Q. 4.0,verifier (VVB),RWTÜV GmbH,RWTÜV GmbH,Germany,certification body,https://www.rwtuev.de,https://www.linkedin.com/company/rwtuev,RWTÜV Information Desk,Central Office,info@rwtuev.de,1.0,https://www.rwtuev.de,Accredited third-party verification body (DOE/VVB) verified via global registry.
C0301,UP-ID000157-5,"Organic Waste Composting at CKT Palm Oil Mill, Indonesia",Indonesia,ID,CDM,AM0039,developer,PT. Citrakoprasindo Tani,PT. Citrakoprasindo Tani,Indonesia,private company,https://www.waze.com/live-map/directions/id/jambi/pt.-citra-koprasindo-tani?to=place.ChIJ__9v06qIJS4RydMOaIugdIA,,Inquiries Desk,Public Contact,info@waze.com,0.9,https://cdm.unfccc.int/Projects/projsearch.html,Matched via IGES CDM DB .
C0302,UP-ID000157-5,"Organic Waste Composting at CKT Palm Oil Mill, Indonesia",Indonesia,ID,CDM,AM0039,verifier (VVB),TÜV Rheinland (China) Ltd. (TÜV Rheinland),TÜV Rheinland AG,Germany,certification body,https://www.tuv.com,https://www.linkedin.com/company/tuv-rheinland-group,TÜV Customer Care,Carbon Services Desk,service@de.tuv.com,1.0,https://www.tuv.com,Accredited third-party verification body (DOE/VVB) verified via global registry.
C0303,UP-MY062654-1,Composting of solid biomass waste separated from the Palm Oil Mill Effluent (POME) through the use of AVC Sludge Dewatering System at Waris Selesa Sdn. Bhd.,Malaysia,MY,CDM,AMS-III.F.,developer,Brite-Tech Ventures Sdn. Bhd.,Brite-Tech Ventures Sdn. Bhd.,Malaysia,private company,https://www.brite-tech.com/profile.htm,,Inquiries Desk,Public Contact,info@brite-tech.com,0.9,https://cdm.unfccc.int/Projects/projsearch.html,Matched via IGES CDM DB .
C0304,UP-MY062654-1,Composting of solid biomass waste separated from the Palm Oil Mill Effluent (POME) through the use of AVC Sludge Dewatering System at Waris Selesa Sdn. Bhd.,Malaysia,MY,CDM,AMS-III.F.,verifier (VVB),TÜV Rheinland (China) Ltd. (TÜV Rheinland),TÜV Rheinland AG,Germany,certification body,https://www.tuv.com,https://www.linkedin.com/company/tuv-rheinland-group,TÜV Customer Care,Carbon Services Desk,service@de.tuv.com,1.0,https://www.tuv.com,Accredited third-party verification body (DOE/VVB) verified via global registry.
C0305,UP-MY062639-1,Bandar Baru Serting Biomass Project,Malaysia,MY,CDM,AMS-I.D.; AMS-III.E.,developer,MHES Asia Sdn. Bhd.,MHES Asia Sdn. Bhd.,Malaysia,private company,https://erc.undp.org/evaluation/documents/download/5208,,Inquiries Desk,Public Contact,info@erc.undp.org,0.9,https://cdm.unfccc.int/Projects/projsearch.html,Matched via IGES CDM DB .
C0306,UP-MY062639-1,Bandar Baru Serting Biomass Project,Malaysia,MY,CDM,AMS-I.D.; AMS-III.E.,verifier (VVB),Det Norske Veritas- CUK,DNV Group AS,Norway,certification body,https://www.dnv.com,https://www.linkedin.com/company/dnv,Inquiries Desk,General Inquiries Desk,contactus@dnv.com,1.0,https://www.dnv.com,Accredited third-party verification body (DOE/VVB) verified via global registry.
C0307,UP-ID000246-8,Belitung Energy Biomass Power Plant,Indonesia,ID,CDM,AMS-I.D. 15.0,developer,PT Belitung Energy,PT Belitung Energy,Indonesia,private company,https://cdm.unfccc.int/Projects/DB/SGS-UKL1264586814.8/view,,Inquiries Desk,Public Contact,info@cdm.unfccc.int,0.9,https://cdm.unfccc.int/Projects/projsearch.html,UNFCCC CDM Project Ref: 3324. Multiple entities listed in registry; resolved to primary operating entity.
C0308,UP-ID000246-8,Belitung Energy Biomass Power Plant,Indonesia,ID,CDM,AMS-I.D. 15.0,verifier (VVB),SGS United Kingdom Limited (SGS),SGS SA,Switzerland,certification body,https://www.sgs.com,https://www.linkedin.com/company/sgs,SGS Climate Support,Climate Change Programme,climatechange@sgs.com,1.0,https://www.sgs.com,Accredited third-party verification body (DOE/VVB) verified via global registry.
C0309,UP-VN001148-5,The model project for renovation to increase the efficient use of energy in brewery,Vietnam,VN,CDM,AMS-II.D.,developer,"BTH, Habeco, Rib, Moi, Monre","BTH, HABECO, RIB, MOI, MONRE",Viet Nam,private company,https://en.mae.gov.vn/,,Inquiries Desk,Public Contact,info@en.mae.gov.vn,0.9,https://cdm.unfccc.int/Projects/projsearch.html,Matched via IGES CDM DB .
C0310,UP-VN001148-5,The model project for renovation to increase the efficient use of energy in brewery,Vietnam,VN,CDM,AMS-II.D.,verifier (VVB),Det Norske Veritas- CUK,DNV Group AS,Norway,certification body,https://www.dnv.com,https://www.linkedin.com/company/dnv,Inquiries Desk,General Inquiries Desk,contactus@dnv.com,1.0,https://www.dnv.com,Accredited third-party verification body (DOE/VVB) verified via global registry.
C0311,UP-VN001097-6,15MW Hiep Son Coke Ovens Waste Heat Power Project,Vietnam,VN,CDM,ACM0012,developer,Hiep Son Energy Joint-Stock Company,Hiep Son Energy Joint-Stock Company,Viet Nam,private company,https://www.exporthub.com/hiep-son-energy-joint-stock-company/profile.html,,Inquiries Desk,Public Contact,info@exporthub.com,0.9,https://cdm.unfccc.int/Projects/projsearch.html,Matched via IGES CDM DB .
C0312,UP-VN001097-6,15MW Hiep Son Coke Ovens Waste Heat Power Project,Vietnam,VN,CDM,ACM0012,verifier (VVB),TÜV SÜD South Asia Private Limited (TÜV SÜD),TÜV SÜD AG,Germany,certification body,https://www.tuvsud.com,https://www.linkedin.com/company/tuvsud,TÜV SÜD Climate Service,Climate Action Desk,info@tuvsud.com,1.0,https://www.tuvsud.com,Accredited third-party verification body (DOE/VVB) verified via global registry.
C0313,UP-VN001089-6,Amaccao Quang Tri 1 Wind Power Project,Vietnam,VN,GCC,ACM0002 Grid-connected electricity generation from renewable sources,developer,Khe Sanh Wind Power Joint Stock Company,,,,,,,,,0.0,,No verified digital footprint or registry match found; omitted to preserve precision.
C0314,UP-VN001089-6,Amaccao Quang Tri 1 Wind Power Project,Vietnam,VN,GCC,ACM0002 Grid-connected electricity generation from renewable sources,verifier (VVB),Carbon Check,Carbon Check (India) Private Ltd.,India,certification body,https://carboncheck.co.in,https://www.linkedin.com/company/carbon-check-india-private-limited,Carbon Check Support,Compliance & Auditing,info@carboncheck.co.in,1.0,https://carboncheck.co.in,Accredited third-party verification body (DOE/VVB) verified via global registry.
C0315,UP-MY062801-3,"Methane Recovery in Wastewater Treatment, Project AMA07-W-05, Pahang, Malaysia",Malaysia,MY,CDM,AMS-III.H. 9.0,developer,AES AgriVerde Services (Malaysia) Sdn Bhd,AES AgriVerde Services (Malaysia) Sdn Bhd,Malaysia,private company,https://www.sec.gov/Archives/edgar/data/874761/000104746907009853/a2181167zex-21_1.htm,,Inquiries Desk,Public Contact,info@sec.gov,0.9,https://cdm.unfccc.int/Projects/projsearch.html,Matched via IGES CDM DB .
C0316,UP-MY062801-3,"Methane Recovery in Wastewater Treatment, Project AMA07-W-05, Pahang, Malaysia",Malaysia,MY,CDM,AMS-III.H. 9.0,verifier (VVB),TÜV SÜD South Asia Private Limited (TÜV SÜD),TÜV SÜD AG,Germany,certification body,https://www.tuvsud.com,https://www.linkedin.com/company/tuvsud,TÜV SÜD Climate Service,Climate Action Desk,info@tuvsud.com,1.0,https://www.tuvsud.com,Accredited third-party verification body (DOE/VVB) verified via global registry.
C0317,UP-MY062795-1,"AMA08-W-21, Methane Recovery in Wastewater Treatment, Johor, Malaysia",Malaysia,MY,CDM,AMS-III.H. 9.0,developer,AES AgriVerde Services (Malaysia) Sdn Bhd,AES AgriVerde Services (Malaysia) Sdn Bhd,Malaysia,private company,https://www.sec.gov/Archives/edgar/data/874761/000104746907009853/a2181167zex-21_1.htm,,Inquiries Desk,Public Contact,info@sec.gov,0.9,https://cdm.unfccc.int/Projects/projsearch.html,Matched via IGES CDM DB (Ref: 2632).
C0318,UP-MY062795-1,"AMA08-W-21, Methane Recovery in Wastewater Treatment, Johor, Malaysia",Malaysia,MY,CDM,AMS-III.H. 9.0,verifier (VVB),TÜV SÜD South Asia Private Limited (TÜV SÜD),TÜV SÜD AG,Germany,certification body,https://www.tuvsud.com,https://www.linkedin.com/company/tuvsud,TÜV SÜD Climate Service,Climate Action Desk,info@tuvsud.com,1.0,https://www.tuvsud.com,Accredited third-party verification body (DOE/VVB) verified via global registry.
C0319,UP-VN001260-7,Song Bung 5 Hydropower Project,Vietnam,VN,CDM,ACM0002 12.3.0,developer,Power Engineering Consulting Joint Stock Company 1,Power Engineering Consulting Joint Stock Company 1,Viet Nam,private company,https://www.linkedin.com/company/pecc1,https://www.linkedin.com/company/pecc1,,,,0.9,https://cdm.unfccc.int/Projects/projsearch.html,Matched via IGES CDM DB (Ref: 5144).
C0320,UP-VN001260-7,Song Bung 5 Hydropower Project,Vietnam,VN,CDM,ACM0002 12.3.0,verifier (VVB),Bureau Veritas Certification Holding SAS (BVCH),Bureau Veritas SA,France,certification body,https://www.bureauveritas.com,https://www.linkedin.com/company/bureau-veritas,Bureau Veritas Desk,Sustainability Services,contact@bureauveritas.com,1.0,https://www.bureauveritas.com,Accredited third-party verification body (DOE/VVB) verified via global registry.
C0321,UP-VN001242-0,Ia Puch 3 Hydropower Project,Vietnam,VN,CDM,AMS-I.D. 16.0,developer,Gia Lai Electricity Company,Gia Lai Electricity Company,Viet Nam,private company,https://www.jera.co.jp/en/corporate/business/projects/gia_lai,,Inquiries Desk,Public Contact,info@jera.co.jp,0.9,https://cdm.unfccc.int/Projects/projsearch.html,Matched via IGES CDM DB (Ref: 4755).
C0322,UP-VN001242-0,Ia Puch 3 Hydropower Project,Vietnam,VN,CDM,AMS-I.D. 16.0,verifier (VVB),Det Norske Veritas- CUK,DNV Group AS,Norway,certification body,https://www.dnv.com,https://www.linkedin.com/company/dnv,Inquiries Desk,General Inquiries Desk,contactus@dnv.com,1.0,https://www.dnv.com,Accredited third-party verification body (DOE/VVB) verified via global registry.
C0323,UP-VN001316-1,Song Mien 5 Hydropower Project,Vietnam,VN,CDM,ACM0002 12.3.0,developer,Song Mien 5 Hydro Power Joint Stock Co.,Song Mien 5 Hydro Power Joint Stock Co.,Viet Nam,private company,https://www.gem.wiki/Song_Bung_5_hydroelectric_plant,,Inquiries Desk,Public Contact,info@gem.wiki,0.9,https://cdm.unfccc.int/Projects/projsearch.html,Matched via IGES CDM DB (Ref: 6203).
C0324,UP-VN001316-1,Song Mien 5 Hydropower Project,Vietnam,VN,CDM,ACM0002 12.3.0,verifier (VVB),Japan Consulting Institute,Japan Consulting Institute (JCI),Japan,certification body,http://www.jci-net.or.jp,,JCI Desk,Secretariat,info@jci-net.or.jp,1.0,http://www.jci-net.or.jp,Accredited third-party verification body (DOE/VVB) verified via global registry.
C0325,UP-PH960467-5,ANAEROBIC DIGESTION SWINE WASTEWATER TREATMENT WITH ON-SITE POWER PROJECT (ADSW RP3001),Philippines,PH,CDM,AMS-I.D. 15.0; AMS-III.D. 16.0,developer,Hacienda Bio-Energy Corporation,Hacienda Bio-Energy Corporation,Philippines,private company,https://www.youtube.com/watch?v=jnFALeNI380,,,,,0.9,https://cdm.unfccc.int/Projects/projsearch.html,Matched via IGES CDM DB (Ref: 3925).
C0326,UP-PH960467-5,ANAEROBIC DIGESTION SWINE WASTEWATER TREATMENT WITH ON-SITE POWER PROJECT (ADSW RP3001),Philippines,PH,CDM,AMS-I.D. 15.0; AMS-III.D. 16.0,verifier (VVB),SGS United Kingdom Limited (SGS),SGS SA,Switzerland,certification body,https://www.sgs.com,https://www.linkedin.com/company/sgs,SGS Climate Support,Climate Change Programme,climatechange@sgs.com,1.0,https://www.sgs.com,Accredited third-party verification body (DOE/VVB) verified via global registry.
C0327,UP-TH966979-5,"19.2 MWe Biomass-to-Energy Project in Khonkaen, Thailand",Thailand,TH,CDM,ACM0018 2.0.0,developer,Khonkaen Green Power (KGP) Co. Ltd.,Khonkaen Green Power (KGP) Co. Ltd.,Thailand,private company,https://www.kgreenpower.com/en/,,Inquiries Desk,Public Contact,info@kgreenpower.com,0.9,https://cdm.unfccc.int/Projects/projsearch.html,Matched via IGES CDM DB (Ref: 9574).
C0328,UP-TH966979-5,"19.2 MWe Biomass-to-Energy Project in Khonkaen, Thailand",Thailand,TH,CDM,ACM0018 2.0.0,verifier (VVB),Lloyd’s Register Quality Assurance Ltd. (LRQA),LRQA Group Limited,United Kingdom,certification body,https://www.lrqa.com,https://www.linkedin.com/company/lrqa,LRQA Support,Sustainability Services,enquiries@lrqa.com,1.0,https://www.lrqa.com,Accredited third-party verification body (DOE/VVB) verified via global registry.
C0329,UP-VN001349-2,"Pao Cu Sang Hydropower Plant, Vietnam",Vietnam,VN,CDM,AMS-I.D. 17.0,developer,Pao Cu Sang Joint Stock Company,Pao Cu Sang Joint Stock Company,Viet Nam,private company,https://www.fact-link.com.vn/home/phucsangminhgas/,,Inquiries Desk,Public Contact,info@fact-link.com.vn,0.9,https://cdm.unfccc.int/Projects/projsearch.html,Matched via IGES CDM DB (Ref: 6847).
C0330,UP-VN001349-2,"Pao Cu Sang Hydropower Plant, Vietnam",Vietnam,VN,CDM,AMS-I.D. 17.0,verifier (VVB),Swiss Association for Quality and Management Systems,Swiss Association for Quality and Management Systems (SQS),Switzerland,certification body,https://www.sqs.ch,https://www.linkedin.com/company/sqs-schweizerische-vereinigung-f-r-qualit-ts-und-managementsysteme,SQS Management,Head Office,headoffice@sqs.ch,1.0,https://www.sqs.ch,Accredited third-party verification body (DOE/VVB) verified via global registry.
C0331,UP-TH966768-0,Natural Palm Oil Company Limited 1 MW Electricity Generation and Biogas Plant Project,Thailand,TH,CDM,AMS-I.D.; AMS-III.H.,developer,"Natural Palm Oil Co., Ltd. (NPO)","Natural Palm Oil Co., Ltd. (NPO)",Thailand,private company,https://rspo.org/members/2-0218-11-000-00/,,Inquiries Desk,Public Contact,info@rspo.org,0.9,https://cdm.unfccc.int/Projects/projsearch.html,Matched via IGES CDM DB .
C0332,UP-TH966768-0,Natural Palm Oil Company Limited 1 MW Electricity Generation and Biogas Plant Project,Thailand,TH,CDM,AMS-I.D.; AMS-III.H.,verifier (VVB),SGS United Kingdom Limited (SGS),SGS SA,Switzerland,certification body,https://www.sgs.com,https://www.linkedin.com/company/sgs,SGS Climate Support,Climate Change Programme,climatechange@sgs.com,1.0,https://www.sgs.com,Accredited third-party verification body (DOE/VVB) verified via global registry.
C0333,UP-TH966849-3,"Green Glory Wastewater Treatment and Electricity Generation in Suratthani, Thailand",Thailand,TH,CDM,AMS-I.D. 13.0; AMS-III.H. 9.0,developer,"Green Glory Co., Ltd.","Green Glory Co., Ltd.",Thailand,private company,https://newbiodieselgroup-th.com/aboutUs,,Inquiries Desk,Public Contact,info@newbiodieselgroup-th.com,0.9,https://cdm.unfccc.int/Projects/projsearch.html,Matched via IGES CDM DB (Ref: 2658).
C0334,UP-TH966849-3,"Green Glory Wastewater Treatment and Electricity Generation in Suratthani, Thailand",Thailand,TH,CDM,AMS-I.D. 13.0; AMS-III.H. 9.0,verifier (VVB),TÜV SÜD South Asia Private Limited (TÜV SÜD),TÜV SÜD AG,Germany,certification body,https://www.tuvsud.com,https://www.linkedin.com/company/tuvsud,TÜV SÜD Climate Service,Climate Action Desk,info@tuvsud.com,1.0,https://www.tuvsud.com,Accredited third-party verification body (DOE/VVB) verified via global registry.
C0335,UP-PH960442-5,Montalban Landfill Methane Recovery and Power Generation Project,Philippines,PH,CDM,ACM0001 6.0; AMS-I.D. 12.0,developer,Montalban Methane Project Corporation (MMPC),Montalban Methane Project Corporation (MMPC),Philippines,private company,https://cdm.unfccc.int/Projects/DB/SGS-UKL1211828991.5,,Inquiries Desk,Public Contact,info@cdm.unfccc.int,0.9,https://cdm.unfccc.int/Projects/projsearch.html,Matched via IGES CDM DB (Ref: 1853).
C0336,UP-PH960442-5,Montalban Landfill Methane Recovery and Power Generation Project,Philippines,PH,CDM,ACM0001 6.0; AMS-I.D. 12.0,verifier (VVB),SGS United Kingdom Limited (SGS),SGS SA,Switzerland,certification body,https://www.sgs.com,https://www.linkedin.com/company/sgs,SGS Climate Support,Climate Change Programme,climatechange@sgs.com,1.0,https://www.sgs.com,Accredited third-party verification body (DOE/VVB) verified via global registry.
C0337,UP-VN001324-1,Thac Xang Hydropower Project,Vietnam,VN,CDM,ACM0002 12.3.0,developer,Su Pan 1 Hydropower Joint Stock Co.,Su Pan 1 Hydropower Joint Stock Co.,Viet Nam,private company,https://www.andritz.com/hydro-en/hydronews/hy-hydro-news-30/hy-news-30-28-su-pan-1-vietnam-hydro,,Inquiries Desk,Public Contact,info@andritz.com,0.9,https://cdm.unfccc.int/Projects/projsearch.html,Matched via IGES CDM DB (Ref: 6439).
C0338,UP-VN001324-1,Thac Xang Hydropower Project,Vietnam,VN,CDM,ACM0002 12.3.0,verifier (VVB),Japan Consulting Institute,Japan Consulting Institute (JCI),Japan,certification body,http://www.jci-net.or.jp,,JCI Desk,Secretariat,info@jci-net.or.jp,1.0,http://www.jci-net.or.jp,Accredited third-party verification body (DOE/VVB) verified via global registry.
C0339,UP-TH967628-8,Low-carbon Operation for Power Grid Utilizing Online Voltage-var(Q) Optimal Control (OPENVQ) with ICT,Thailand,TH,JCM,TH_AM017 Ver1.0,developer,Electricity Generating Authority of Thailand (EGAT),Electricity Generating Authority of Thailand (EGAT),Thailand,state-owned,https://www.egat.co.th,https://www.linkedin.com/company/egat,EGAT Public Relations,Corporate Communications,contact@egat.co.th,0.95,https://www.egat.co.th,Resolved entity. Entity type: state-owned.
C0340,UP-TH967628-8,Low-carbon Operation for Power Grid Utilizing Online Voltage-var(Q) Optimal Control (OPENVQ) with ICT,Thailand,TH,JCM,TH_AM017 Ver1.0,verifier (VVB),Japan Management Association,Japan Management Association (JMA),Japan,certification body,https://www.jma.or.jp,,JMA GHG Division,GHG Verification Center,ghg@jma.or.jp,1.0,https://www.jma.or.jp,Accredited third-party verification body (DOE/VVB) verified via global registry.
C0341,UP-PH960394-3,La Suerte Rice Husk-Fired Cogeneration,Philippines,PH,CDM,AMS-I.C.,developer,Isabela La Suerte Rice Mill Corp.,Isabela La Suerte Rice Mill Corp.,Philippines,private company,https://www.uttamenergy.com/la-suerte-rice-mills-corp-isabela-philippines/,https://ph.linkedin.com/company/land-bank-of-the-philippines-official,Inquiries Desk,Public Contact,info@uttamenergy.com,0.9,https://cdm.unfccc.int/Projects/projsearch.html,Matched via IGES CDM DB .
C0342,UP-PH960394-3,La Suerte Rice Husk-Fired Cogeneration,Philippines,PH,CDM,AMS-I.C.,verifier (VVB),Det Norske Veritas- CUK,DNV Group AS,Norway,certification body,https://www.dnv.com,https://www.linkedin.com/company/dnv,Inquiries Desk,General Inquiries Desk,contactus@dnv.com,1.0,https://www.dnv.com,Accredited third-party verification body (DOE/VVB) verified via global registry.
C0343,UP-ID000383-1,Introduction of 0.5MW Solar Power System to Aroma and Food Ingredients Factory,Indonesia,ID,JCM,ID_AM013 Ver1.0,developer,PT. Indesso Aroma,PT. Indesso Aroma,Indonesia,private company,https://www.indesso.com/,https://www.linkedin.com/company/pt-gasti-parama-estu,Inquiries Desk,Public Contact,info@indesso.com,0.9,https://www.jcm.go.jp/projects/ID017,Matched via IGES JCM DB (Ref: ID017).
C0344,UP-ID000383-1,Introduction of 0.5MW Solar Power System to Aroma and Food Ingredients Factory,Indonesia,ID,JCM,ID_AM013 Ver1.0,verifier (VVB),Lloyd’s Register Quality Assurance Limited,LRQA Group Limited,United Kingdom,certification body,https://www.lrqa.com,https://www.linkedin.com/company/lrqa,LRQA Support,Sustainability Services,enquiries@lrqa.com,1.0,https://www.lrqa.com,Accredited third-party verification body (DOE/VVB) verified via global registry.
C0345,UP-VN001195-7,Dak Ne Hydropower Project,Vietnam,VN,CDM,AMS-I.D. 13.0,developer,Trung Dong Company Ltd.,Trung Dong Company Ltd.,Viet Nam,private company,https://www.vb4e.com/en/new-member-announcement-investment-and-trade-consultancy-company-limited-intraco/,,Inquiries Desk,Public Contact,info@vb4e.com,0.9,https://cdm.unfccc.int/Projects/projsearch.html,UNFCCC CDM Project Ref: 3484. Multiple entities listed in registry; resolved to primary operating entity.
C0346,UP-VN001195-7,Dak Ne Hydropower Project,Vietnam,VN,CDM,AMS-I.D. 13.0,verifier (VVB),TÜV Rheinland (China) Ltd. (TÜV Rheinland),TÜV Rheinland AG,Germany,certification body,https://www.tuv.com,https://www.linkedin.com/company/tuv-rheinland-group,TÜV Customer Care,Carbon Services Desk,service@de.tuv.com,1.0,https://www.tuv.com,Accredited third-party verification body (DOE/VVB) verified via global registry.
C0347,UP-TH966958-0,"Buasommai II biomass power plant at Suvarnabhum district, Roi-Et Province.",Thailand,TH,CDM,AMS-I.D. 17.0,developer,"Buasommai Electricity Generating Co., Ltd.","Buasommai Electricity Generating Co., Ltd.",Thailand,private company,https://th.kompass.com/c/buasommai-electricity-generating-co-ltd/th0085948/,,Inquiries Desk,Public Contact,info@th.kompass.com,0.9,https://cdm.unfccc.int/Projects/projsearch.html,Matched via IGES CDM DB (Ref: 8722).
C0348,UP-TH966958-0,"Buasommai II biomass power plant at Suvarnabhum district, Roi-Et Province.",Thailand,TH,CDM,AMS-I.D. 17.0,verifier (VVB),TÜV Rheinland (China) Ltd. (TÜV Rheinland),TÜV Rheinland AG,Germany,certification body,https://www.tuv.com,https://www.linkedin.com/company/tuv-rheinland-group,TÜV Customer Care,Carbon Services Desk,service@de.tuv.com,1.0,https://www.tuv.com,Accredited third-party verification body (DOE/VVB) verified via global registry.
C0349,UP-ID000144-1,Introduction of a Gas Co-generation system at the chemical plant of PT.Kao Indonesia Chemicals,Indonesia,ID,CDM,AMS-II.D.,developer,PT.Kao Indonesia Chemicals,PT.Kao Indonesia Chemicals,Indonesia,private company,https://chemical.kao.com/id/en/,https://www.linkedin.com/company/kao-indonesia-chemicals-pt,Inquiries Desk,Public Contact,info@chemical.kao.com,0.9,https://cdm.unfccc.int/Projects/projsearch.html,Matched via IGES CDM DB .
C0350,UP-ID000144-1,Introduction of a Gas Co-generation system at the chemical plant of PT.Kao Indonesia Chemicals,Indonesia,ID,CDM,AMS-II.D.,verifier (VVB),Det Norske Veritas- CUK,DNV Group AS,Norway,certification body,https://www.dnv.com,https://www.linkedin.com/company/dnv,Inquiries Desk,General Inquiries Desk,contactus@dnv.com,1.0,https://www.dnv.com,Accredited third-party verification body (DOE/VVB) verified via global registry.
C0351,UP-TH967620-6,Introduction of 0.95 MW Rooftop Solar Power System in Cigarette Lighter Factory,Thailand,TH,JCM,TH_AM001 Ver2.0,developer,"Thai Merry Co., Ltd.",,,,,,,,,0.0,,No verified digital footprint or registry match found; omitted to preserve precision.
C0352,UP-TH967620-6,Introduction of 0.95 MW Rooftop Solar Power System in Cigarette Lighter Factory,Thailand,TH,JCM,TH_AM001 Ver2.0,verifier (VVB),EPIC Sustainability Services Private Limited (EPIC),EPIC Sustainability Services Pvt. Ltd.,India,certification body,https://www.epicsustainability.com,https://www.linkedin.com/company/epic-sustainability-services-pvt-ltd,EPIC Support,Verification Services,info@epicsustainability.com,1.0,https://www.epicsustainability.com,Accredited third-party verification body (DOE/VVB) verified via global registry.
C0353,UP-MY062838-0,Tekmedic Biomass Fuel Switch Project,Malaysia,MY,CDM,AMS-I.C. 18.0,developer,Tekmedic (M) Sdn. Bhd.,Tekmedic (M) Sdn. Bhd.,Malaysia,private company,https://margma.com.my/ordinary-user/tekmedic-m-sdn-bhd-170720-t/,,Inquiries Desk,Public Contact,info@margma.com.my,0.9,https://cdm.unfccc.int/Projects/projsearch.html,Matched via IGES CDM DB (Ref: 4801).
C0354,UP-MY062838-0,Tekmedic Biomass Fuel Switch Project,Malaysia,MY,CDM,AMS-I.C. 18.0,verifier (VVB),SIRIM QAS INTERNATIONAL SDN.BHD (SIRIM),SIRIM QAS International Sdn. Bhd.,Malaysia,certification body,https://www.sirim-qas.com.my,https://www.linkedin.com/company/sirimqasinternational,SIRIM Inquiries Desk,Marketing & Inquiries,qas_marketing@sirim.my,1.0,https://www.sirim-qas.com.my,Accredited third-party verification body (DOE/VVB) verified via global registry.
C0355,UP-MY062752-2,"MY08-WWP-36, Methane Recovery in Wastewater Treatment, Pahang, Malaysia",Malaysia,MY,CDM,AMS-III.H. 9.0,developer,AES AgriVerde Services (Malaysia) Sdn Bhd,AES AgriVerde Services (Malaysia) Sdn Bhd,Malaysia,private company,https://www.sec.gov/Archives/edgar/data/874761/000104746907009853/a2181167zex-21_1.htm,,Inquiries Desk,Public Contact,info@sec.gov,0.9,https://cdm.unfccc.int/Projects/projsearch.html,Matched via IGES CDM DB (Ref: 1738).
C0356,UP-MY062752-2,"MY08-WWP-36, Methane Recovery in Wastewater Treatment, Pahang, Malaysia",Malaysia,MY,CDM,AMS-III.H. 9.0,verifier (VVB),Det Norske Veritas- CUK,DNV Group AS,Norway,certification body,https://www.dnv.com,https://www.linkedin.com/company/dnv,Inquiries Desk,General Inquiries Desk,contactus@dnv.com,1.0,https://www.dnv.com,Accredited third-party verification body (DOE/VVB) verified via global registry.
C0357,UP-ID000110-1,Bahari Co-Composting Project,Indonesia,ID,CDM,AM0039,developer,PT Bahari Dwikencana Lestari,PT Bahari Dwikencana Lestari,Indonesia,private company,https://journal.unimal.ac.id/miej/article/view/158,,Inquiries Desk,Public Contact,info@journal.unimal.ac.id,0.9,https://cdm.unfccc.int/Projects/projsearch.html,Matched via IGES CDM DB .
C0358,UP-ID000110-1,Bahari Co-Composting Project,Indonesia,ID,CDM,AM0039,verifier (VVB),Det Norske Veritas- CUK,DNV Group AS,Norway,certification body,https://www.dnv.com,https://www.linkedin.com/company/dnv,Inquiries Desk,General Inquiries Desk,contactus@dnv.com,1.0,https://www.dnv.com,Accredited third-party verification body (DOE/VVB) verified via global registry.
C0359,UP-ID000296-7,Gunung Rajabasa Geothermal Power Plant,Indonesia,ID,CDM,ACM0002 12.3.0,developer,PT. Supreme Energy Rajabasa,PT. Supreme Energy Rajabasa,Indonesia,private company,https://www.supreme-energy.com/,https://id.linkedin.com/company/supreme-energy-muara-laboh,Inquiries Desk,Public Contact,info@supreme-energy.com,0.9,https://cdm.unfccc.int/Projects/projsearch.html,Matched via IGES CDM DB (Ref: 6305).
C0360,UP-ID000296-7,Gunung Rajabasa Geothermal Power Plant,Indonesia,ID,CDM,ACM0002 12.3.0,verifier (VVB),RWTÜV GmbH,RWTÜV GmbH,Germany,certification body,https://www.rwtuev.de,https://www.linkedin.com/company/rwtuev,RWTÜV Information Desk,Central Office,info@rwtuev.de,1.0,https://www.rwtuev.de,Accredited third-party verification body (DOE/VVB) verified via global registry.
C0361,UP-MY062848-8,"Organic Waste Composting at Takon Palm Oil Mill, Malaysia",Malaysia,MY,CDM,AM0039 2.0,developer,Sankina Oil Mills Sdn. Bhd.,Sankina Oil Mills Sdn. Bhd.,Malaysia,private company,https://businessreport.ctoscredit.com.my/oneoffreport_api/single-report/malaysia-company/0410829M/SANKINA-OIL-MILLS-SDN-BHD-,,Inquiries Desk,Public Contact,info@businessreport.ctoscredit.com.my,0.9,https://cdm.unfccc.int/Projects/projsearch.html,Matched via IGES CDM DB (Ref: 1935).
C0362,UP-MY062848-8,"Organic Waste Composting at Takon Palm Oil Mill, Malaysia",Malaysia,MY,CDM,AM0039 2.0,verifier (VVB),TÜV Rheinland (China) Ltd. (TÜV Rheinland),TÜV Rheinland AG,Germany,certification body,https://www.tuv.com,https://www.linkedin.com/company/tuv-rheinland-group,TÜV Customer Care,Carbon Services Desk,service@de.tuv.com,1.0,https://www.tuv.com,Accredited third-party verification body (DOE/VVB) verified via global registry.
C0363,UP-TH966712-7,Ansell Biomass Boiler Project in Lad Krabang Plant,Thailand,TH,CDM,AMS-I.C.,developer,Ansell (Thailand) Ltd,Ansell (Thailand) Ltd,Thailand,private company,https://www.ansell.com/th/en,,Inquiries Desk,Public Contact,info@ansell.com,0.9,https://cdm.unfccc.int/Projects/projsearch.html,Matched via IGES CDM DB .
C0364,UP-TH966712-7,Ansell Biomass Boiler Project in Lad Krabang Plant,Thailand,TH,CDM,AMS-I.C.,verifier (VVB),Bureau Veritas Certification Holding SAS (BVCH),Bureau Veritas SA,France,certification body,https://www.bureauveritas.com,https://www.linkedin.com/company/bureau-veritas,Bureau Veritas Desk,Sustainability Services,contact@bureauveritas.com,1.0,https://www.bureauveritas.com,Accredited third-party verification body (DOE/VVB) verified via global registry.
C0365,UP-ID000133-4,"Fuel switching at Asahimas Sidoarjo a flat glass manufacturing facility of PT. Asahimas Flat Glass Tbk., from fuel oil to natural gas",Indonesia,ID,CDM,AMS-III.B.,developer,PT Asahimas Flat Glass Tbk,PT Asahimas Flat Glass Tbk,Indonesia,private company,https://www.linkedin.com/company/amfg-official,https://www.linkedin.com/company/amfg-official,,,,0.9,https://cdm.unfccc.int/Projects/projsearch.html,Matched via IGES CDM DB .
C0366,UP-ID000133-4,"Fuel switching at Asahimas Sidoarjo a flat glass manufacturing facility of PT. Asahimas Flat Glass Tbk., from fuel oil to natural gas",Indonesia,ID,CDM,AMS-III.B.,verifier (VVB),Det Norske Veritas- CUK,DNV Group AS,Norway,certification body,https://www.dnv.com,https://www.linkedin.com/company/dnv,Inquiries Desk,General Inquiries Desk,contactus@dnv.com,1.0,https://www.dnv.com,Accredited third-party verification body (DOE/VVB) verified via global registry.
C0367,UP-TH966756-4,Kitroongruang Biogas Energy Project,Thailand,TH,CDM,AM0022,developer,Thai Biogas Energy Company,Thai Biogas Energy Company,Thailand,private company,https://guarantco.com/our-portfolio/thai-biogas-energy-company/,,Inquiries Desk,Public Contact,info@guarantco.com,0.9,https://cdm.unfccc.int/Projects/projsearch.html,Matched via IGES CDM DB .
C0368,UP-TH966756-4,Kitroongruang Biogas Energy Project,Thailand,TH,CDM,AM0022,verifier (VVB),Det Norske Veritas- CUK,DNV Group AS,Norway,certification body,https://www.dnv.com,https://www.linkedin.com/company/dnv,Inquiries Desk,General Inquiries Desk,contactus@dnv.com,1.0,https://www.dnv.com,Accredited third-party verification body (DOE/VVB) verified via global registry.
C0369,UP-ID000324-3,Project Karaha Unit 1 PT. Pertamina Geothermal Energy,Indonesia,ID,CDM,ACM0002 13.0.0,developer,PT. Pertamina Geothermal Energy,PT. Pertamina Geothermal Energy,Indonesia,private company,https://pge.pertamina.com/,https://id.linkedin.com/company/pt-pertamina-geothermal-energy,Inquiries Desk,Public Contact,info@pge.pertamina.com,0.9,https://cdm.unfccc.int/Projects/projsearch.html,Matched via IGES CDM DB (Ref: 7431).
C0370,UP-ID000324-3,Project Karaha Unit 1 PT. Pertamina Geothermal Energy,Indonesia,ID,CDM,ACM0002 13.0.0,verifier (VVB),KBS Certification Services Pvt. Ltd (KBS),KBS Certification Services Pvt. Ltd.,India,certification body,https://kbsindia.in,https://www.linkedin.com/company/kbs-certification-services-pvt.-ltd.,KBS Contact Desk,Verification Division,info@kbsindia.in,1.0,https://kbsindia.in,Accredited third-party verification body (DOE/VVB) verified via global registry.
C0371,UP-VN001161-7,Renewable Energy Development Program Supported by The Republic of Korea,Vietnam,VN,CDM,ACM0002 ver. 20; AMS-I.D. ver. 18; AMS-I.F. ver. 3,developer,"SK Engineering & Construction Co., Ltd.",,,,,,,,,0.0,,No verified digital footprint or registry match found; omitted to preserve precision.
C0372,UP-VN001161-7,Renewable Energy Development Program Supported by The Republic of Korea,Vietnam,VN,CDM,ACM0002 ver. 20; AMS-I.D. ver. 18; AMS-I.F. ver. 3,verifier (VVB),Korean Foundation for Quality (KFQ),Korean Foundation for Quality (KFQ),South Korea,certification body,https://www.kfq.or.kr,,KFQ Desk,GHG Certification Dept,kfq@kfq.or.kr,1.0,https://www.kfq.or.kr,Accredited third-party verification body (DOE/VVB) verified via global registry.
C0373,UP-MY062793-3,Titi Glove Biomass Fuel Switch Project,Malaysia,MY,CDM,AMS-I.C. 13.0,developer,Titi Glove Sdn. Bhd.,Titi Glove Sdn. Bhd.,Malaysia,private company,https://healthmanagement.org/site/p/titi-glove-sdn-bhd,,Inquiries Desk,Public Contact,info@healthmanagement.org,0.9,https://cdm.unfccc.int/Projects/projsearch.html,Matched via IGES CDM DB (Ref: 2611).
C0374,UP-MY062793-3,Titi Glove Biomass Fuel Switch Project,Malaysia,MY,CDM,AMS-I.C. 13.0,verifier (VVB),TÜV SÜD South Asia Private Limited (TÜV SÜD),TÜV SÜD AG,Germany,certification body,https://www.tuvsud.com,https://www.linkedin.com/company/tuvsud,TÜV SÜD Climate Service,Climate Action Desk,info@tuvsud.com,1.0,https://www.tuvsud.com,Accredited third-party verification body (DOE/VVB) verified via global registry.
C0375,UP-PH960488-0,Gold Farm Livestocks Corporation Methane Recovery and Electricity Generation,Philippines,PH,CDM,AMS-III.D. 9.0,developer,"Philippine Bio-Sciences Co., Inc.","Philippine Bio-Sciences Co., Inc.",Philippines,private company,https://www.youtube.com/watch?v=_iClNbxNa30,,,,,0.9,https://cdm.unfccc.int/Projects/projsearch.html,UNFCCC CDM Project Ref: 612. Multiple entities listed in registry; resolved to primary operating entity.
C0376,UP-PH960488-0,Gold Farm Livestocks Corporation Methane Recovery and Electricity Generation,Philippines,PH,CDM,AMS-III.D. 9.0,verifier (VVB),Det Norske Veritas- CUK,DNV Group AS,Norway,certification body,https://www.dnv.com,https://www.linkedin.com/company/dnv,Inquiries Desk,General Inquiries Desk,contactus@dnv.com,1.0,https://www.dnv.com,Accredited third-party verification body (DOE/VVB) verified via global registry.
C0377,UP-VN001299-2,Nam Mo Hydropower Project,Vietnam,VN,CDM,ACM0002 12.3.0,developer,Ban Ve Hydropower Joint Stock Company,Ban Ve Hydropower Joint Stock Company,Viet Nam,private company,https://www.power-technology.com/projects/ban-ve-hydro/,,Inquiries Desk,Public Contact,info@power-technology.com,0.9,https://cdm.unfccc.int/Projects/projsearch.html,Matched via IGES CDM DB (Ref: 5902).
C0378,UP-VN001299-2,Nam Mo Hydropower Project,Vietnam,VN,CDM,ACM0002 12.3.0,verifier (VVB),"China Environmental United Certification Center Co., Ltd. (CEC)","China Environmental United Certification Center Co., Ltd. (CEC)",China,certification body,http://www.mepcec.com,,CEC Information,General Office,cec@mepcec.com,1.0,http://www.mepcec.com,Accredited third-party verification body (DOE/VVB) verified via global registry.
C0379,UP-VN001119-0,"Electricity generation from bagasse at KSC, Vietnam",Vietnam,VN,CDM,ACM0006,developer,Khanh Hoa Sugar Company JSC (KSC),Khanh Hoa Sugar Company JSC (KSC),Viet Nam,private company,https://www.yellowpages.com.vn/listings/704649/vietsugar-viet-nam-sugar-joint-stock-company.html,,Inquiries Desk,Public Contact,info@yellowpages.com.vn,0.9,https://cdm.unfccc.int/Projects/projsearch.html,Matched via IGES CDM DB .
C0380,UP-VN001119-0,"Electricity generation from bagasse at KSC, Vietnam",Vietnam,VN,CDM,ACM0006,verifier (VVB),RWTÜV GmbH,RWTÜV GmbH,Germany,certification body,https://www.rwtuev.de,https://www.linkedin.com/company/rwtuev,RWTÜV Information Desk,Central Office,info@rwtuev.de,1.0,https://www.rwtuev.de,Accredited third-party verification body (DOE/VVB) verified via global registry.
C0381,UP-ID000307-4,South East Asia Biogas Programme of Activities,Indonesia,ID,CDM,AMS-I.D. ver. 17; AMS-III.H. ver. 16,developer,PT Biogas Program International,,,,,,,,,0.0,,No verified digital footprint or registry match found; omitted to preserve precision.
C0382,UP-ID000307-4,South East Asia Biogas Programme of Activities,Indonesia,ID,CDM,AMS-I.D. ver. 17; AMS-III.H. ver. 16,verifier (VVB),Germanischer Lloyd Certification GmbH,DNV GL (formerly Germanischer Lloyd),Germany,certification body,https://www.dnv.com,https://www.linkedin.com/company/dnv,DNV GL Support,Inquiries,contactus@dnv.com,1.0,https://www.dnv.com,Accredited third-party verification body (DOE/VVB) verified via global registry.
C0383,UP-ID000363-5,Lahendong Unit 5 & Unit 6 Geothermal Project,Indonesia,ID,CDM,ACM0002 13.0.0,developer,PT Pertamina Geothermal Energy,PT Pertamina Geothermal Energy,Indonesia,private company,https://www.pge.pertamina.com/en,,Inquiries Desk,Public Contact,info@pge.pertamina.com,0.9,https://cdm.unfccc.int/Projects/projsearch.html,UNFCCC CDM Project Ref: 9519. Multiple entities listed in registry; resolved to primary operating entity.
C0384,UP-ID000363-5,Lahendong Unit 5 & Unit 6 Geothermal Project,Indonesia,ID,CDM,ACM0002 13.0.0,verifier (VVB),Japan Consulting Institute,Japan Consulting Institute (JCI),Japan,certification body,http://www.jci-net.or.jp,,JCI Desk,Secretariat,info@jci-net.or.jp,1.0,http://www.jci-net.or.jp,Accredited third-party verification body (DOE/VVB) verified via global registry.
C0385,UP-ID000414-4,Pengoperasian Pembangkit Listrik Baru Berbahan Bakar Gas Bumi PLTMG Sumbagut 2 Peaker 250 MW,Indonesia,ID,SPEI,,developer,PT PLN Nusantara Power PLTMG Sumbagut 2 Peaker,,,,,,,,,0.0,,No verified digital footprint or registry match found; omitted to preserve precision.
C0386,UP-MY062731-8,"Tradewinds Ulu Sebol Biogas Project, Project BCM07_TWD_07",Malaysia,MY,CDM,AMS-III.H.,developer,"Tradewinds Plantation , Management Sdn Bhd","Tradewinds Plantation , Management Sdn Bhd , BioX Carbon Malaysia Sdn Bhd",Malaysia,private company,https://www.tpb.com.my/,,Inquiries Desk,Public Contact,info@tpb.com.my,0.9,https://cdm.unfccc.int/Projects/projsearch.html,Matched via IGES CDM DB .
C0387,UP-MY062731-8,"Tradewinds Ulu Sebol Biogas Project, Project BCM07_TWD_07",Malaysia,MY,CDM,AMS-III.H.,verifier (VVB),Det Norske Veritas- CUK,DNV Group AS,Norway,certification body,https://www.dnv.com,https://www.linkedin.com/company/dnv,Inquiries Desk,General Inquiries Desk,contactus@dnv.com,1.0,https://www.dnv.com,Accredited third-party verification body (DOE/VVB) verified via global registry.
C0388,UP-SG000009-0,Climate Action Response Enterprise (CARE) for Energy Efficiency in Chiller Plants.,Singapore,SG,CDM,AMS-II.E. ver. 10,developer,Climate Resources Exchange (CRX),Climate Resources Exchange International Pte. Ltd.,Singapore,private company,https://www.climateresources.net,https://www.linkedin.com/company/climate-resources-exchange,CRX Client Services,Carbon Solutions Desk,info@climateresources.net,0.95,https://www.climateresources.net,Resolved entity. Entity type: private company.
C0389,UP-SG000009-0,Climate Action Response Enterprise (CARE) for Energy Efficiency in Chiller Plants.,Singapore,SG,CDM,AMS-II.E. ver. 10,verifier (VVB),Bureau Veritas Certification Holding SAS (BVCH),Bureau Veritas SA,France,certification body,https://www.bureauveritas.com,https://www.linkedin.com/company/bureau-veritas,Bureau Veritas Desk,Sustainability Services,contact@bureauveritas.com,1.0,https://www.bureauveritas.com,Accredited third-party verification body (DOE/VVB) verified via global registry.
C0390,UP-PH960431-8,Goldi-Lion Agricultural Development Corporation Methane Recovery and Electricity Generation Project,Philippines,PH,CDM,AMS-III.D. 11.0,developer,"Goldi-Lion Agricultural Development Corporation Philippine BioSciences Co., Inc. (PhilBIO)","Goldi-Lion Agricultural Development Corporation　　Philippine BioSciences Co., Inc. (PhilBIO)",Philippines,private company,https://www.philbio.org.ph/,,Inquiries Desk,Public Contact,info@philbio.org.ph,0.9,https://cdm.unfccc.int/Projects/projsearch.html,Matched via IGES CDM DB (Ref: 1207).
C0391,UP-PH960431-8,Goldi-Lion Agricultural Development Corporation Methane Recovery and Electricity Generation Project,Philippines,PH,CDM,AMS-III.D. 11.0,verifier (VVB),Det Norske Veritas- CUK,DNV Group AS,Norway,certification body,https://www.dnv.com,https://www.linkedin.com/company/dnv,Inquiries Desk,General Inquiries Desk,contactus@dnv.com,1.0,https://www.dnv.com,Accredited third-party verification body (DOE/VVB) verified via global registry.
C0392,UP-TH966808-2,"Waste Heat Recovery for Power Generation Project at Siam City Cement (Plant3), Saraburi, Thailand",Thailand,TH,CDM,AM0024,developer,Siam City Cement Company,Siam City Cement Company,Thailand,private company,https://www.siamcitycement.com/,,Inquiries Desk,Public Contact,info@siamcitycement.com,0.9,https://cdm.unfccc.int/Projects/projsearch.html,Matched via IGES CDM DB .
C0393,UP-TH966808-2,"Waste Heat Recovery for Power Generation Project at Siam City Cement (Plant3), Saraburi, Thailand",Thailand,TH,CDM,AM0024,verifier (VVB),TÜV Rheinland (China) Ltd. (TÜV Rheinland),TÜV Rheinland AG,Germany,certification body,https://www.tuv.com,https://www.linkedin.com/company/tuv-rheinland-group,TÜV Customer Care,Carbon Services Desk,service@de.tuv.com,1.0,https://www.tuv.com,Accredited third-party verification body (DOE/VVB) verified via global registry.
C0394,UP-MY062819-3,"Sungei Kahang POME Biogas Recovery for Energy Project in Johor, Malaysia.",Malaysia,MY,CDM,ACM0014 3.1,developer,Sungei Kahang Palm Oil Sdn. Bhd.,Sungei Kahang Palm Oil Sdn. Bhd.,Malaysia,private company,https://eccocertified.com/wp-content/uploads/2022/08/Public-Summary_Sungei-Kahang-Palm-Oil-Mill-Sdn-Bhd-MSPO-Annual-Surveillance-Audit-Year-2-ASA-2.pdf,,Inquiries Desk,Public Contact,info@eccocertified.com,0.9,https://cdm.unfccc.int/Projects/projsearch.html,Matched via IGES CDM DB (Ref: 3686).
C0395,UP-MY062819-3,"Sungei Kahang POME Biogas Recovery for Energy Project in Johor, Malaysia.",Malaysia,MY,CDM,ACM0014 3.1,verifier (VVB),TÜV Rheinland (China) Ltd. (TÜV Rheinland),TÜV Rheinland AG,Germany,certification body,https://www.tuv.com,https://www.linkedin.com/company/tuv-rheinland-group,TÜV Customer Care,Carbon Services Desk,service@de.tuv.com,1.0,https://www.tuv.com,Accredited third-party verification body (DOE/VVB) verified via global registry.
C0396,UP-MY062711-2,"POIC Biomass Cogeneration Plant, Malaysia",Malaysia,MY,CDM,ACM0006,developer,Eco Biomass Energy Sdn. Bhd.,Eco Biomass Energy Sdn. Bhd.,Malaysia,private company,https://pmc.ncbi.nlm.nih.gov/articles/PMC8776554/,,Inquiries Desk,Public Contact,info@pmc.ncbi.nlm.nih.gov,0.9,https://cdm.unfccc.int/Projects/projsearch.html,Multiple entities listed in registry; resolved to primary operating entity.
C0397,UP-MY062711-2,"POIC Biomass Cogeneration Plant, Malaysia",Malaysia,MY,CDM,ACM0006,verifier (VVB),TÜV Rheinland (China) Ltd. (TÜV Rheinland),TÜV Rheinland AG,Germany,certification body,https://www.tuv.com,https://www.linkedin.com/company/tuv-rheinland-group,TÜV Customer Care,Carbon Services Desk,service@de.tuv.com,1.0,https://www.tuv.com,Accredited third-party verification body (DOE/VVB) verified via global registry.
C0398,UP-ID000177-1,PT Wahana Baratama Coalbed Methane Generation Project,Indonesia,ID,CDM,ACM0008,developer,PT Wahana Baratama Mining,PT Wahana Baratama Mining,Indonesia,private company,https://www.bayan.com.sg/pt-wahana-baratama-mining-id,,Inquiries Desk,Public Contact,info@bayan.com.sg,0.9,https://cdm.unfccc.int/Projects/projsearch.html,Matched via IGES CDM DB .
C0399,UP-ID000177-1,PT Wahana Baratama Coalbed Methane Generation Project,Indonesia,ID,CDM,ACM0008,verifier (VVB),Spanish Association for Standardisation and Certification (AENOR),AENOR Internacional S.A.U.,Spain,certification body,https://www.aenor.com,https://www.linkedin.com/company/aenor,AENOR Inquiries,Certification Desk,info@aenor.com,1.0,https://www.aenor.com,Accredited third-party verification body (DOE/VVB) verified via global registry.
C0400,UP-MY062686-3,Malaysia - Kota Kinabalu Composting Project,Malaysia,MY,CDM,AM0025,developer,MS SMART Recycling(M)Sdn.Bhd,MS SMART Recycling(M)Sdn.Bhd,Malaysia,private company,https://www.exportersindia.com/my/mssmartrecycling/,,Inquiries Desk,Public Contact,info@exportersindia.com,0.9,https://cdm.unfccc.int/Projects/projsearch.html,Matched via IGES CDM DB .
C0401,UP-MY062686-3,Malaysia - Kota Kinabalu Composting Project,Malaysia,MY,CDM,AM0025,verifier (VVB),TÜV Rheinland (China) Ltd. (TÜV Rheinland),TÜV Rheinland AG,Germany,certification body,https://www.tuv.com,https://www.linkedin.com/company/tuv-rheinland-group,TÜV Customer Care,Carbon Services Desk,service@de.tuv.com,1.0,https://www.tuv.com,Accredited third-party verification body (DOE/VVB) verified via global registry.
C0402,UP-MY062843-3,Ranhill Powertron II 190 MW Gas Fired CCPP Project,Malaysia,MY,CDM,AM0029 3.0,developer,Ranhill Powertron II Sdn Bhd,Ranhill Powertron II Sdn Bhd,Malaysia,private company,https://www.bixmalaysia.com/issuer-info-page?issuerID=1368,,Inquiries Desk,Public Contact,info@bixmalaysia.com,0.9,https://cdm.unfccc.int/Projects/projsearch.html,Matched via IGES CDM DB (Ref: 4999).
C0403,UP-MY062843-3,Ranhill Powertron II 190 MW Gas Fired CCPP Project,Malaysia,MY,CDM,AM0029 3.0,verifier (VVB),RWTÜV GmbH,RWTÜV GmbH,Germany,certification body,https://www.rwtuev.de,https://www.linkedin.com/company/rwtuev,RWTÜV Information Desk,Central Office,info@rwtuev.de,1.0,https://www.rwtuev.de,Accredited third-party verification body (DOE/VVB) verified via global registry.
C0404,UP-MY062708-7,Organigro Compost Project,Malaysia,MY,CDM,AM0025,developer,Organigro SDN.BHD,Organigro SDN.BHD,Malaysia,private company,https://ancomnylex.com/announcement/related-party-transaction-financial-assistance-to-organigro-sdn-bhd/,,Inquiries Desk,Public Contact,info@ancomnylex.com,0.9,https://cdm.unfccc.int/Projects/projsearch.html,Matched via IGES CDM DB .
C0405,UP-MY062708-7,Organigro Compost Project,Malaysia,MY,CDM,AM0025,verifier (VVB),Det Norske Veritas- CUK,DNV Group AS,Norway,certification body,https://www.dnv.com,https://www.linkedin.com/company/dnv,Inquiries Desk,General Inquiries Desk,contactus@dnv.com,1.0,https://www.dnv.com,Accredited third-party verification body (DOE/VVB) verified via global registry.
C0406,UP-ID000400-0,Energy Saving by Introducing High Efficiency Autoclave to Infusion Manufacturing Factory 2,Indonesia,ID,JCM,ID_AM028 Ver1.0,developer,PT. Otsuka Indonesia,,,,,,,,,0.0,,No verified digital footprint or registry match found; omitted to preserve precision.
C0407,UP-ID000400-0,Energy Saving by Introducing High Efficiency Autoclave to Infusion Manufacturing Factory 2,Indonesia,ID,JCM,ID_AM028 Ver1.0,verifier (VVB),KBS Certification Services Limited,KBS Certification Services Pvt. Ltd.,India,certification body,https://kbsindia.in,https://www.linkedin.com/company/kbs-certification-services-pvt.-ltd.,KBS Contact Desk,Verification Division,info@kbsindia.in,1.0,https://kbsindia.in,Accredited third-party verification body (DOE/VVB) verified via global registry.
C0408,UP-ID000218-2,Multi Nitro Indonesia Nitrous Oxide Abatement Project,Indonesia,ID,CDM,AM0034 2.0,developer,P T Multi Nitrotama Kimia,PT. Multi Nitrotama Kimia,Indonesia,private company,https://id.linkedin.com/company/multi-nitrotama-kimia,https://id.linkedin.com/company/multi-nitrotama-kimia,,,,0.9,https://cdm.unfccc.int/Projects/projsearch.html,Matched via IGES CDM DB .
C0409,UP-ID000218-2,Multi Nitro Indonesia Nitrous Oxide Abatement Project,Indonesia,ID,CDM,AM0034 2.0,verifier (VVB),Lloyd’s Register Quality Assurance Ltd. (LRQA),LRQA Group Limited,United Kingdom,certification body,https://www.lrqa.com,https://www.linkedin.com/company/lrqa,LRQA Support,Sustainability Services,enquiries@lrqa.com,1.0,https://www.lrqa.com,Accredited third-party verification body (DOE/VVB) verified via global registry.
C0410,UP-TH966956-2,Buasommai I biomass power plant at Muang Roi Et district.,Thailand,TH,CDM,AMS-I.D. 17.0,developer,"Buasommai Electricity Generating Co., Ltd.","Buasommai Electricity Generating Co., Ltd.",Thailand,private company,https://th.kompass.com/c/buasommai-electricity-generating-co-ltd/th0085948/,,Inquiries Desk,Public Contact,info@th.kompass.com,0.9,https://cdm.unfccc.int/Projects/projsearch.html,Matched via IGES CDM DB (Ref: 8709).
C0411,UP-TH966956-2,Buasommai I biomass power plant at Muang Roi Et district.,Thailand,TH,CDM,AMS-I.D. 17.0,verifier (VVB),TÜV Rheinland (China) Ltd. (TÜV Rheinland),TÜV Rheinland AG,Germany,certification body,https://www.tuv.com,https://www.linkedin.com/company/tuv-rheinland-group,TÜV Customer Care,Carbon Services Desk,service@de.tuv.com,1.0,https://www.tuv.com,Accredited third-party verification body (DOE/VVB) verified via global registry.
C0412,UP-MY062714-9,Rajang Wood Waste Biomass Project,Malaysia,MY,CDM,AMS-I.C.; AMS-III.E.,developer,Bahagaya Sdn Bhd,Bahagaya Sdn Bhd,Malaysia,private company,https://www.facebook.com/vista.eye/posts/thank-youto-them-its-probably-just-a-small-gesture-and-a-natural-thing-to-do-but/10157434467790765/,,,,,0.9,https://cdm.unfccc.int/Projects/projsearch.html,Matched via IGES CDM DB .
C0413,UP-MY062714-9,Rajang Wood Waste Biomass Project,Malaysia,MY,CDM,AMS-I.C.; AMS-III.E.,verifier (VVB),RWTÜV GmbH,RWTÜV GmbH,Germany,certification body,https://www.rwtuev.de,https://www.linkedin.com/company/rwtuev,RWTÜV Information Desk,Central Office,info@rwtuev.de,1.0,https://www.rwtuev.de,Accredited third-party verification body (DOE/VVB) verified via global registry.
C0414,UP-MY062671-0,IOI Sandakan Biomass Cogeneration Project,Malaysia,MY,CDM,AMS-I.C.; AMS-III.E.; AMS-III.G.,developer,IOI Bio-Energy Sdn Bhd,IOI Bio-Energy Sdn Bhd,Malaysia,private company,https://www.ioigroup.com/media-releases/ioi-bio-energy-recognised-as-leader-in-renewable-energy/,https://www.linkedin.com/company/ioi-corporation-berhad/,Inquiries Desk,Public Contact,info@ioigroup.com,0.9,https://cdm.unfccc.int/Projects/projsearch.html,Matched via IGES CDM DB .
C0415,UP-MY062671-0,IOI Sandakan Biomass Cogeneration Project,Malaysia,MY,CDM,AMS-I.C.; AMS-III.E.; AMS-III.G.,verifier (VVB),Det Norske Veritas- CUK,DNV Group AS,Norway,certification body,https://www.dnv.com,https://www.linkedin.com/company/dnv,Inquiries Desk,General Inquiries Desk,contactus@dnv.com,1.0,https://www.dnv.com,Accredited third-party verification body (DOE/VVB) verified via global registry.
C0416,UP-PH960398-9,Laguna de Bay Community Watershed Rehabilitation Project -2,Philippines,PH,CDM,AR-AMS0001,developer,Laguna Lake Development Authority,Laguna Lake Development Authority,Philippines,private company,https://llda.gov.ph/,https://www.linkedin.com/company/lldaofficial,Inquiries Desk,Public Contact,info@llda.gov.ph,0.9,https://cdm.unfccc.int/Projects/projsearch.html,Matched via IGES CDM DB .
C0417,UP-PH960398-9,Laguna de Bay Community Watershed Rehabilitation Project -2,Philippines,PH,CDM,AR-AMS0001,verifier (VVB),TÜV SÜD South Asia Private Limited (TÜV SÜD),TÜV SÜD AG,Germany,certification body,https://www.tuvsud.com,https://www.linkedin.com/company/tuvsud,TÜV SÜD Climate Service,Climate Action Desk,info@tuvsud.com,1.0,https://www.tuvsud.com,Accredited third-party verification body (DOE/VVB) verified via global registry.
C0418,UP-ID000134-3,Gandaerah Hendana Co-Composting Project,Indonesia,ID,CDM,AMS-III.F.,developer,PT Gandaerah Hendana,PT Gandaerah Hendana,Indonesia,private company,https://id.linkedin.com/company/pt-gandaerah-hendana,https://id.linkedin.com/company/pt-gandaerah-hendana,,,,0.9,https://cdm.unfccc.int/Projects/projsearch.html,Matched via IGES CDM DB .
C0419,UP-ID000134-3,Gandaerah Hendana Co-Composting Project,Indonesia,ID,CDM,AMS-III.F.,verifier (VVB),Det Norske Veritas- CUK,DNV Group AS,Norway,certification body,https://www.dnv.com,https://www.linkedin.com/company/dnv,Inquiries Desk,General Inquiries Desk,contactus@dnv.com,1.0,https://www.dnv.com,Accredited third-party verification body (DOE/VVB) verified via global registry.
C0420,UP-ID000341-2,"Korindo Biomass Power Plant, Indonesia",Indonesia,ID,CDM,AMS-I.F. 2.0,developer,PT. Korintiga Hutani,PT. Korintiga Hutani,Indonesia,private company,https://kth.co.id/,https://www.linkedin.com/company/high-point-apartments,Inquiries Desk,Public Contact,info@kth.co.id,0.9,https://cdm.unfccc.int/Projects/projsearch.html,Matched via IGES CDM DB (Ref: 8144).
C0421,UP-ID000341-2,"Korindo Biomass Power Plant, Indonesia",Indonesia,ID,CDM,AMS-I.F. 2.0,verifier (VVB),TÜV Rheinland (China) Ltd. (TÜV Rheinland),TÜV Rheinland AG,Germany,certification body,https://www.tuv.com,https://www.linkedin.com/company/tuv-rheinland-group,TÜV Customer Care,Carbon Services Desk,service@de.tuv.com,1.0,https://www.tuv.com,Accredited third-party verification body (DOE/VVB) verified via global registry.
C0422,UP-VN001413-3,Nam Na 3 Hydropower Project,Vietnam,VN,CDM,ACM0002 13.0.0,developer,Hung Hai Construction Ltd.,Hung Hai Construction Ltd.,Viet Nam,private company,https://www.dnb.com/business-directory/company-profiles/hung-hai-construction-company-limited.deae2cb7bc1f523fa690ee0cc16f2ba1,,Inquiries Desk,Public Contact,info@dnb.com,0.9,https://cdm.unfccc.int/Projects/projsearch.html,Matched via IGES CDM DB (Ref: 8804).
C0423,UP-VN001413-3,Nam Na 3 Hydropower Project,Vietnam,VN,CDM,ACM0002 13.0.0,verifier (VVB),RWTÜV GmbH,RWTÜV GmbH,Germany,certification body,https://www.rwtuev.de,https://www.linkedin.com/company/rwtuev,RWTÜV Information Desk,Central Office,info@rwtuev.de,1.0,https://www.rwtuev.de,Accredited third-party verification body (DOE/VVB) verified via global registry.
C0424,UP-MY062657-8,Composting of solid biomass waste separated from the Palm Oil Mill Effluent (POME) through the use of AVC Sludge Dewatering System at Suburban Properties Sdn. Bhd. (Palm Oil Mill),Malaysia,MY,CDM,AMS-III.F.,developer,Brite-Tech Ventures Sdn. Bhd.,Brite-Tech Ventures Sdn. Bhd.,Malaysia,private company,https://www.brite-tech.com/profile.htm,,Inquiries Desk,Public Contact,info@brite-tech.com,0.9,https://cdm.unfccc.int/Projects/projsearch.html,Matched via IGES CDM DB .
C0425,UP-MY062657-8,Composting of solid biomass waste separated from the Palm Oil Mill Effluent (POME) through the use of AVC Sludge Dewatering System at Suburban Properties Sdn. Bhd. (Palm Oil Mill),Malaysia,MY,CDM,AMS-III.F.,verifier (VVB),TÜV Rheinland (China) Ltd. (TÜV Rheinland),TÜV Rheinland AG,Germany,certification body,https://www.tuv.com,https://www.linkedin.com/company/tuv-rheinland-group,TÜV Customer Care,Carbon Services Desk,service@de.tuv.com,1.0,https://www.tuv.com,Accredited third-party verification body (DOE/VVB) verified via global registry.
C0426,UP-ID000391-1,Energy Saving for Industrial Park with Smart LED Street Lighting System,Indonesia,ID,JCM,ID_AM018 Ver1.0,developer,PT. Maligi Permata Industrial Estate,,,,,,,,,0.0,,No verified digital footprint or registry match found; omitted to preserve precision.
C0427,UP-ID000391-1,Energy Saving for Industrial Park with Smart LED Street Lighting System,Indonesia,ID,JCM,ID_AM018 Ver1.0,verifier (VVB),Japan Quality Assurance Organization,Japan Quality Assurance Organization (JQA),Japan,certification body,https://www.jqa.jp,https://www.linkedin.com/company/japan-quality-assurance-organization,JQA GHG Desk,Global Environment Division,jqa-ghg@jqa.jp,1.0,https://www.jqa.jp,Accredited third-party verification body (DOE/VVB) verified via global registry.
C0428,UP-ID000262-7,Co-composting of EFB and POME at PT. Sabut Mas Abadi in Kumai,Indonesia,ID,CDM,AMS-III.F. 8.0,developer,PT. Api Metra Palma,PT. Api Metra Palma,Indonesia,private company,https://id.linkedin.com/company/medco-agro,https://id.linkedin.com/company/medco-agro,,,,0.9,https://cdm.unfccc.int/Projects/projsearch.html,Matched via IGES CDM DB (Ref: 4064).
C0429,UP-ID000262-7,Co-composting of EFB and POME at PT. Sabut Mas Abadi in Kumai,Indonesia,ID,CDM,AMS-III.F. 8.0,verifier (VVB),Det Norske Veritas- CUK,DNV Group AS,Norway,certification body,https://www.dnv.com,https://www.linkedin.com/company/dnv,Inquiries Desk,General Inquiries Desk,contactus@dnv.com,1.0,https://www.dnv.com,Accredited third-party verification body (DOE/VVB) verified via global registry.
C0430,UP-ID000254-7,"Methane Recovery and Utilisation at PT Pinago Utama Sugihwaras Palm Oil Mill, Sumatera, Indonesia.",Indonesia,ID,CDM,AMS-I.C. 16.0; AMS-III.H. 13.0,developer,PT Pinago Utama,PT Pinago Utama,Indonesia,private company,https://www.pinagoutama.com/,https://www.linkedin.com/company/pt-pinago-utama,Inquiries Desk,Public Contact,info@pinagoutama.com,0.9,https://cdm.unfccc.int/Projects/projsearch.html,Matched via IGES CDM DB (Ref: 3702).
C0431,UP-ID000254-7,"Methane Recovery and Utilisation at PT Pinago Utama Sugihwaras Palm Oil Mill, Sumatera, Indonesia.",Indonesia,ID,CDM,AMS-I.C. 16.0; AMS-III.H. 13.0,verifier (VVB),TÜV Rheinland (China) Ltd. (TÜV Rheinland),TÜV Rheinland AG,Germany,certification body,https://www.tuv.com,https://www.linkedin.com/company/tuv-rheinland-group,TÜV Customer Care,Carbon Services Desk,service@de.tuv.com,1.0,https://www.tuv.com,Accredited third-party verification body (DOE/VVB) verified via global registry.
C0432,UP-ID000178-0,PTIP Biomass to Electricity Project (7 MW),Indonesia,ID,CDM,AMS-I.D.,developer,PT Intibenua Perkasatama,PT Intibenua Perkasatama,Indonesia,private company,https://www.dnb.com/business-directory/company-profiles.pt_intibenua_perkasatama.240b3fd20eb1d77f4b5f2a05182eb72c.html,,Inquiries Desk,Public Contact,info@dnb.com,0.9,https://cdm.unfccc.int/Projects/projsearch.html,Matched via IGES CDM DB .
C0433,UP-ID000178-0,PTIP Biomass to Electricity Project (7 MW),Indonesia,ID,CDM,AMS-I.D.,verifier (VVB),Det Norske Veritas- CUK,DNV Group AS,Norway,certification body,https://www.dnv.com,https://www.linkedin.com/company/dnv,Inquiries Desk,General Inquiries Desk,contactus@dnv.com,1.0,https://www.dnv.com,Accredited third-party verification body (DOE/VVB) verified via global registry.
C0434,UP-TH966854-5,Kitroongruang Biogas Energy Project,Thailand,TH,CDM,AMS-I.C. 13.0; AMS-I.D. 13.0; AMS-III.H. 9.0,developer,Thai Biogas Energy Company,Thai Biogas Energy Company,Thailand,private company,https://guarantco.com/our-portfolio/thai-biogas-energy-company/,,Inquiries Desk,Public Contact,info@guarantco.com,0.9,https://cdm.unfccc.int/Projects/projsearch.html,Matched via IGES CDM DB .
C0435,UP-TH966854-5,Kitroongruang Biogas Energy Project,Thailand,TH,CDM,AMS-I.C. 13.0; AMS-I.D. 13.0; AMS-III.H. 9.0,verifier (VVB),Det Norske Veritas- CUK,DNV Group AS,Norway,certification body,https://www.dnv.com,https://www.linkedin.com/company/dnv,Inquiries Desk,General Inquiries Desk,contactus@dnv.com,1.0,https://www.dnv.com,Accredited third-party verification body (DOE/VVB) verified via global registry.
C0436,UP-ID000234-2,"ID08-WWP-11, Methane Recovery in Wastewater Treatment, Jambi, Indonesia",Indonesia,ID,CDM,AMS-III.H. 9.0,developer,PT AES AgriVerde Indonesia,PT AES AgriVerde Indonesia,Indonesia,private company,https://www.scribd.com/document/379333024/Business-Partner-Questionnaire-PT-AES-AgriVerde-pdf,,,,,0.9,https://cdm.unfccc.int/Projects/projsearch.html,Matched via IGES CDM DB (Ref: 2662).
C0437,UP-ID000234-2,"ID08-WWP-11, Methane Recovery in Wastewater Treatment, Jambi, Indonesia",Indonesia,ID,CDM,AMS-III.H. 9.0,verifier (VVB),Det Norske Veritas- CUK,DNV Group AS,Norway,certification body,https://www.dnv.com,https://www.linkedin.com/company/dnv,Inquiries Desk,General Inquiries Desk,contactus@dnv.com,1.0,https://www.dnv.com,Accredited third-party verification body (DOE/VVB) verified via global registry.
C0438,UP-VN001233-1,Dak Pone Hydropower Project,Vietnam,VN,CDM,ACM0002 12.3.0,developer,PC3 – Investment Joint Stock Company,PC3 – Investment Joint Stock Company,Viet Nam,private company,https://www.emis.com/php/company-profile/VN/Pc3_-_Investment_Joint_Stock_Company__Cong_Ty_Co_Phan_Dau_Tu_Dien_Luc_3___Cong_Ty_Co_Phan_Dau_Tu_Dien_Luc_3__Pc3_-_Investment_Joint_Stock_Company___en_4956880.html,,Inquiries Desk,Public Contact,info@emis.com,0.9,https://cdm.unfccc.int/Projects/projsearch.html,Matched via IGES CDM DB (Ref: 4550).
C0439,UP-VN001233-1,Dak Pone Hydropower Project,Vietnam,VN,CDM,ACM0002 12.3.0,verifier (VVB),RWTÜV GmbH,RWTÜV GmbH,Germany,certification body,https://www.rwtuev.de,https://www.linkedin.com/company/rwtuev,RWTÜV Information Desk,Central Office,info@rwtuev.de,1.0,https://www.rwtuev.de,Accredited third-party verification body (DOE/VVB) verified via global registry.
C0440,UP-TH966709-2,ANAEROBIC DISGESTION SWINE WASTEWATER TREATMENT WITH ON-SITE POWER PROJECT (ADSW TH01),Thailand,TH,CDM,AMS-I.D.; AMS-III.D.,developer,Swine Waste to Energy Ltd,Swine Waste to Energy Ltd,Thailand,private company,https://documents.worldbank.org/en/publication/documents-reports/documentdetail/738441468335417084,,Inquiries Desk,Public Contact,info@documents.worldbank.org,0.9,https://cdm.unfccc.int/Projects/projsearch.html,Matched via IGES CDM DB .
C0441,UP-TH966709-2,ANAEROBIC DISGESTION SWINE WASTEWATER TREATMENT WITH ON-SITE POWER PROJECT (ADSW TH01),Thailand,TH,CDM,AMS-I.D.; AMS-III.D.,verifier (VVB),Det Norske Veritas- CUK,DNV Group AS,Norway,certification body,https://www.dnv.com,https://www.linkedin.com/company/dnv,Inquiries Desk,General Inquiries Desk,contactus@dnv.com,1.0,https://www.dnv.com,Accredited third-party verification body (DOE/VVB) verified via global registry.
C0442,UP-MY062809-5,Biogas Project at Anson Oil Mill,Malaysia,MY,CDM,AMS-III.H. 16.0,developer,Anson Oil Industries Sdn. Bhd.,Anson Oil Industries Sdn. Bhd.,Malaysia,private company,https://businessreport.ctoscredit.com.my/oneoffreport_api/single-report/malaysia-company/0008960T/ANSON-OIL-INDUSTRIES-SDN-BHD,,Inquiries Desk,Public Contact,info@businessreport.ctoscredit.com.my,0.9,https://cdm.unfccc.int/Projects/projsearch.html,Matched via IGES CDM DB (Ref: 2949).
C0443,UP-MY062809-5,Biogas Project at Anson Oil Mill,Malaysia,MY,CDM,AMS-III.H. 16.0,verifier (VVB),SIRIM QAS INTERNATIONAL SDN.BHD (SIRIM),SIRIM QAS International Sdn. Bhd.,Malaysia,certification body,https://www.sirim-qas.com.my,https://www.linkedin.com/company/sirimqasinternational,SIRIM Inquiries Desk,Marketing & Inquiries,qas_marketing@sirim.my,1.0,https://www.sirim-qas.com.my,Accredited third-party verification body (DOE/VVB) verified via global registry.
C0444,UP-TH966846-6,"Srijaroen Palm Oil Wastewater Treatment Project in Krabi Province, Thailand",Thailand,TH,CDM,AMS-I.D. 13.0; AMS-III.H. 9.0,developer,"Srijaroen Palm Oil Co., Ltd.","Srijaroen Palm Oil Co., Ltd.",Thailand,private company,http://www.srijaroengroup.com/profile.html,,Inquiries Desk,Public Contact,info@srijaroengroup.com,0.9,https://cdm.unfccc.int/Projects/projsearch.html,Matched via IGES CDM DB (Ref: 2620).
C0445,UP-TH966846-6,"Srijaroen Palm Oil Wastewater Treatment Project in Krabi Province, Thailand",Thailand,TH,CDM,AMS-I.D. 13.0; AMS-III.H. 9.0,verifier (VVB),Japan Quality Assurance Organisation (JQA),Japan Quality Assurance Organization (JQA),Japan,certification body,https://www.jqa.jp,https://www.linkedin.com/company/japan-quality-assurance-organization,JQA GHG Desk,Global Environment Division,jqa-ghg@jqa.jp,1.0,https://www.jqa.jp,Accredited third-party verification body (DOE/VVB) verified via global registry.
C0446,UP-VN001309-0,"Srepok 4A Hydropower project, Vietnam",Vietnam,VN,CDM,ACM0002 12.3.0,developer,Buon Don Hydropower Joint Stock Company,Buon Don Hydropower Joint Stock Company,Viet Nam,private company,https://www.bio-invest.be/en/investments/evn-finance-joint-stock-company,,Inquiries Desk,Public Contact,info@bio-invest.be,0.9,https://cdm.unfccc.int/Projects/projsearch.html,UNFCCC CDM Project Ref: 6065. Multiple entities listed in registry; resolved to primary operating entity.
C0447,UP-VN001309-0,"Srepok 4A Hydropower project, Vietnam",Vietnam,VN,CDM,ACM0002 12.3.0,verifier (VVB),Bureau Veritas Certification Holding SAS (BVCH),Bureau Veritas SA,France,certification body,https://www.bureauveritas.com,https://www.linkedin.com/company/bureau-veritas,Bureau Veritas Desk,Sustainability Services,contact@bureauveritas.com,1.0,https://www.bureauveritas.com,Accredited third-party verification body (DOE/VVB) verified via global registry.
C0448,UP-MY062742-5,Co-composting of EFB and POME MG BioGreen Sdn.Bhd (MGBG),Malaysia,MY,CDM,AMS-III.F. 3.0,developer,MG BioGreen Sdn. Bhd,MG BioGreen Sdn. Bhd,Malaysia,private company,https://businessreport.ctoscredit.com.my/oneoffreport_api/single-report/malaysia-company/0640733W/MG-BIOGREEN-SDN-BHD-,,Inquiries Desk,Public Contact,info@businessreport.ctoscredit.com.my,0.9,https://cdm.unfccc.int/Projects/projsearch.html,Matched via IGES CDM DB (Ref: 1198).
C0449,UP-MY062742-5,Co-composting of EFB and POME MG BioGreen Sdn.Bhd (MGBG),Malaysia,MY,CDM,AMS-III.F. 3.0,verifier (VVB),Det Norske Veritas- CUK,DNV Group AS,Norway,certification body,https://www.dnv.com,https://www.linkedin.com/company/dnv,Inquiries Desk,General Inquiries Desk,contactus@dnv.com,1.0,https://www.dnv.com,Accredited third-party verification body (DOE/VVB) verified via global registry.
C0450,UP-MY062677-4,"KULIM Sindora Biogas Project, Project BCM07_KLM_02",Malaysia,MY,CDM,AMS-III.H.,developer,KULIM (Malaysia) Bhd BioX Carbon Malaysia Sdn Bhd,KULIM (Malaysia) Bhd BioX Carbon Malaysia Sdn Bhd,Malaysia,private company,https://kulim.com.my/,,Inquiries Desk,Public Contact,info@kulim.com.my,0.9,https://cdm.unfccc.int/Projects/projsearch.html,Matched via IGES CDM DB .
C0451,UP-MY062677-4,"KULIM Sindora Biogas Project, Project BCM07_KLM_02",Malaysia,MY,CDM,AMS-III.H.,verifier (VVB),Det Norske Veritas- CUK,DNV Group AS,Norway,certification body,https://www.dnv.com,https://www.linkedin.com/company/dnv,Inquiries Desk,General Inquiries Desk,contactus@dnv.com,1.0,https://www.dnv.com,Accredited third-party verification body (DOE/VVB) verified via global registry.
C0452,UP-VN001393-7,Tin Thanh Biomass Boiler Project No. 5,Vietnam,VN,CDM,AMS-I.C. 19.0,developer,Tin Thanh Industrial Electricity and Steam Company Ltd.,Tin Thanh Industrial Electricity and Steam Company Ltd.,Viet Nam,private company,https://theinvestor.vn/renewable-energy-developer-tin-thanh-groupdefies-logic-with-billion-dollar-projects-in-vietnam-us-d6909.html,,Inquiries Desk,Public Contact,info@theinvestor.vn,0.9,https://cdm.unfccc.int/Projects/projsearch.html,Matched via IGES CDM DB (Ref: 8073).
C0453,UP-VN001393-7,Tin Thanh Biomass Boiler Project No. 5,Vietnam,VN,CDM,AMS-I.C. 19.0,verifier (VVB),TÜV Rheinland (China) Ltd. (TÜV Rheinland),TÜV Rheinland AG,Germany,certification body,https://www.tuv.com,https://www.linkedin.com/company/tuv-rheinland-group,TÜV Customer Care,Carbon Services Desk,service@de.tuv.com,1.0,https://www.tuv.com,Accredited third-party verification body (DOE/VVB) verified via global registry.
C0454,UP-MY062885-2,"Methane Recovery and Utilization at Prosper Palm Oil Mill, Malaysia.",Malaysia,MY,CDM,AMS-III.H. 16.0,developer,Green Lagoon Technology Sdn Bhd,Green Lagoon Technology Sdn Bhd,Malaysia,private company,https://glt.my/,https://www.linkedin.com/company/green-lagoon-technology-sdn-bhd/,Inquiries Desk,Public Contact,info@glt.my,0.9,https://cdm.unfccc.int/Projects/projsearch.html,Matched via IGES CDM DB (Ref: 9133).
C0455,UP-MY062885-2,"Methane Recovery and Utilization at Prosper Palm Oil Mill, Malaysia.",Malaysia,MY,CDM,AMS-III.H. 16.0,verifier (VVB),SIRIM QAS INTERNATIONAL SDN.BHD (SIRIM),SIRIM QAS International Sdn. Bhd.,Malaysia,certification body,https://www.sirim-qas.com.my,https://www.linkedin.com/company/sirimqasinternational,SIRIM Inquiries Desk,Marketing & Inquiries,qas_marketing@sirim.my,1.0,https://www.sirim-qas.com.my,Accredited third-party verification body (DOE/VVB) verified via global registry.
C0456,UP-PH960454-0,Anaerobic Digestion Swine Wastewater Treatment With On-Site Power Project (ADSW RP1006),Philippines,PH,CDM,AMS-I.D. 12.0; AMS-III.D. 13.0,developer,Asian Livestock Corporation Ltd,Asian Livestock Corporation Ltd,Philippines,private company,https://bossjob.ph/en-us/company/asian-livestock-corporation,,Inquiries Desk,Public Contact,info@bossjob.ph,0.9,https://cdm.unfccc.int/Projects/projsearch.html,Matched via IGES CDM DB (Ref: 1975).
C0457,UP-PH960454-0,Anaerobic Digestion Swine Wastewater Treatment With On-Site Power Project (ADSW RP1006),Philippines,PH,CDM,AMS-I.D. 12.0; AMS-III.D. 13.0,verifier (VVB),SGS United Kingdom Limited (SGS),SGS SA,Switzerland,certification body,https://www.sgs.com,https://www.linkedin.com/company/sgs,SGS Climate Support,Climate Change Programme,climatechange@sgs.com,1.0,https://www.sgs.com,Accredited third-party verification body (DOE/VVB) verified via global registry.
C0458,UP-LA000085-8,"Xekaman 3 Hydropower Project, Lao PDR",Laos,LA,CDM,ACM0002 12.3.0,developer,Xekaman 3 Power Company Ltd.,Xekaman 3 Power Company Ltd.,Lao PDR,private company,https://www.aiib.org/en/projects/details/2025/cancelled/Lao-PDR-Xekaman-Cross-border-Hydropower-Projects.html,,Inquiries Desk,Public Contact,info@aiib.org,0.9,https://cdm.unfccc.int/Projects/projsearch.html,Matched via IGES CDM DB (Ref: 5583).
C0459,UP-LA000085-8,"Xekaman 3 Hydropower Project, Lao PDR",Laos,LA,CDM,ACM0002 12.3.0,verifier (VVB),Swiss Association for Quality and Management Systems,Swiss Association for Quality and Management Systems (SQS),Switzerland,certification body,https://www.sqs.ch,https://www.linkedin.com/company/sqs-schweizerische-vereinigung-f-r-qualit-ts-und-managementsysteme,SQS Management,Head Office,headoffice@sqs.ch,1.0,https://www.sqs.ch,Accredited third-party verification body (DOE/VVB) verified via global registry.
C0460,UP-MY062854-9,Ayer Hitam landfill gas recovery project,Malaysia,MY,CDM,ACM0001 11.0,developer,Worldwide Landfills Sdn. Bhd,Worldwide-Ecoventure Sdn Bhd,Malaysia,private company,https://nexecoventures.com/,,Inquiries Desk,Public Contact,info@nexecoventures.com,0.9,https://cdm.unfccc.int/Projects/projsearch.html,Matched via IGES CDM DB .
C0461,UP-MY062854-9,Ayer Hitam landfill gas recovery project,Malaysia,MY,CDM,ACM0001 11.0,verifier (VVB),RINA Services S.p.A. (RINA),RINA S.p.A.,Italy,certification body,https://www.rina.org,https://www.linkedin.com/company/rina,RINA Desk,Central Inquiries,info@rina.org,1.0,https://www.rina.org,Accredited third-party verification body (DOE/VVB) verified via global registry.
C0462,UP-KH000053-1,Angkor Bio Cogen Rice Husk Power Project,Cambodia,KH,CDM,AMS-I.A. 7.0; AMS-I.D. 18.0; AMS-III.E. 7.0,developer,"Angkor Bio Cogen Co., Ltd (ABC)","Angkor Bio Cogen Co., Ltd (ABC)",Cambodia,private company,https://cdm.unfccc.int/Projects/DB/DNV-CUK1144657688.42/view,,Inquiries Desk,Public Contact,info@cdm.unfccc.int,0.9,https://cdm.unfccc.int/Projects/projsearch.html,Matched via IGES CDM DB (Ref: 363).
C0463,UP-KH000053-1,Angkor Bio Cogen Rice Husk Power Project,Cambodia,KH,CDM,AMS-I.A. 7.0; AMS-I.D. 18.0; AMS-III.E. 7.0,verifier (VVB),Det Norske Veritas- CUK,DNV Group AS,Norway,certification body,https://www.dnv.com,https://www.linkedin.com/company/dnv,Inquiries Desk,General Inquiries Desk,contactus@dnv.com,1.0,https://www.dnv.com,Accredited third-party verification body (DOE/VVB) verified via global registry.
C0464,UP-MY062870-9,"Methane Capture and Utilization Project at Asia Palm Oil Mill, Malaysia",Malaysia,MY,CDM,AMS-III.H. 16.0,developer,Asia Ecogreen Sdn. Bhd.,Asia Ecogreen Sdn. Bhd.,Malaysia,private company,https://businessreport.ctoscredit.com.my/oneoffreport_api/single-report/malaysia-company/0956888X/ASIA-ECOGREEN-SDN-BHD,,Inquiries Desk,Public Contact,info@businessreport.ctoscredit.com.my,0.9,https://cdm.unfccc.int/Projects/projsearch.html,Matched via IGES CDM DB (Ref: 7245).
C0465,UP-MY062870-9,"Methane Capture and Utilization Project at Asia Palm Oil Mill, Malaysia",Malaysia,MY,CDM,AMS-III.H. 16.0,verifier (VVB),SIRIM QAS INTERNATIONAL SDN.BHD (SIRIM),SIRIM QAS International Sdn. Bhd.,Malaysia,certification body,https://www.sirim-qas.com.my,https://www.linkedin.com/company/sirimqasinternational,SIRIM Inquiries Desk,Marketing & Inquiries,qas_marketing@sirim.my,1.0,https://www.sirim-qas.com.my,Accredited third-party verification body (DOE/VVB) verified via global registry.
C0466,UP-LA000077-8,Nam Pha Gnai Hydropower Project,Laos,LA,CDM,ACM0002 16.0,developer,"Nam Pha Gnai Hydropower Co., Ltd.","Nam Pha Gnai Hydropower Co., Ltd.",Lao PDR,private company,https://www.encardio.com/projects/nam-pha-gnai-hydropower-project,,Inquiries Desk,Public Contact,info@encardio.com,0.9,https://cdm.unfccc.int/Projects/projsearch.html,Matched via IGES CDM DB (Ref: 10241).
C0467,UP-LA000077-8,Nam Pha Gnai Hydropower Project,Laos,LA,CDM,ACM0002 16.0,verifier (VVB),TÜV Rheinland (China) Ltd. (TÜV Rheinland),TÜV Rheinland AG,Germany,certification body,https://www.tuv.com,https://www.linkedin.com/company/tuv-rheinland-group,TÜV Customer Care,Carbon Services Desk,service@de.tuv.com,1.0,https://www.tuv.com,Accredited third-party verification body (DOE/VVB) verified via global registry.
C0468,UP-VN001160-8,The Solar United Network South East Asia Pacific (SUNSEAP) Program,Vietnam,VN,CDM,ACM0002 ver. 20; AMS-I.D. ver. 18; AMS-I.F. ver. 3,developer,Climate Resources Exchange International Pte Ltd,Climate Resources Exchange International Pte. Ltd.,Singapore,private company,https://www.climateresources.net,https://www.linkedin.com/company/climate-resources-exchange,CRX Client Services,Carbon Solutions Desk,info@climateresources.net,0.95,https://www.climateresources.net,Resolved entity. Entity type: private company. Note: Foreign entity operating in host country.
C0469,UP-VN001160-8,The Solar United Network South East Asia Pacific (SUNSEAP) Program,Vietnam,VN,CDM,ACM0002 ver. 20; AMS-I.D. ver. 18; AMS-I.F. ver. 3,verifier (VVB),Carbon Check (India) Private Ltd. (Carbon Check),Carbon Check (India) Private Ltd.,India,certification body,https://carboncheck.co.in,https://www.linkedin.com/company/carbon-check-india-private-limited,Carbon Check Support,Compliance & Auditing,info@carboncheck.co.in,1.0,https://carboncheck.co.in,Accredited third-party verification body (DOE/VVB) verified via global registry.
C0470,UP-VN001134-1,Nam Chim Hydro Power Project,Vietnam,VN,CDM,ACM0002,developer,Song Lam Construction and Investment Company Ltd.,Song Lam Construction and Investment Company Ltd.,Viet Nam,private company,https://www.devex.com/organizations/song-lam-investment-and-construction-co-ltd-slicc-96620,,Inquiries Desk,Public Contact,info@devex.com,0.9,https://cdm.unfccc.int/Projects/projsearch.html,Matched via IGES CDM DB .
C0471,UP-VN001134-1,Nam Chim Hydro Power Project,Vietnam,VN,CDM,ACM0002,verifier (VVB),TÜV SÜD South Asia Private Limited (TÜV SÜD),TÜV SÜD AG,Germany,certification body,https://www.tuvsud.com,https://www.linkedin.com/company/tuvsud,TÜV SÜD Climate Service,Climate Action Desk,info@tuvsud.com,1.0,https://www.tuvsud.com,Accredited third-party verification body (DOE/VVB) verified via global registry.
C0472,UP-KH000054-0,W2E Siang Phong Biogas Project Cambodia,Cambodia,KH,CDM,AMS-I.C. 17.0; AMS-I.F. 1.0; AMS-III.H. 14.0,developer,W2E Siang Phong Ltd.,W2E Siang Phong Ltd.,Cambodia,private company,https://cdm.unfccc.int/Projects/Validation/DB/DEZTCRN4F4RGFJR5TIGR6G1309DZ7P/view.html,,Inquiries Desk,Public Contact,info@cdm.unfccc.int,0.9,https://cdm.unfccc.int/Projects/projsearch.html,Matched via IGES CDM DB (Ref: 4267).
C0473,UP-KH000054-0,W2E Siang Phong Biogas Project Cambodia,Cambodia,KH,CDM,AMS-I.C. 17.0; AMS-I.F. 1.0; AMS-III.H. 14.0,verifier (VVB),SIRIM QAS INTERNATIONAL SDN.BHD (SIRIM),SIRIM QAS International Sdn. Bhd.,Malaysia,certification body,https://www.sirim-qas.com.my,https://www.linkedin.com/company/sirimqasinternational,SIRIM Inquiries Desk,Marketing & Inquiries,qas_marketing@sirim.my,1.0,https://www.sirim-qas.com.my,Accredited third-party verification body (DOE/VVB) verified via global registry.
C0474,UP-MY062829-1,"MY08-WWP-30, Methane Recovery in Wastewater Treatment, Pahang, Malaysia",Malaysia,MY,CDM,AMS-III.H. 13.0,developer,AES AgriVerde Services (Malaysia) Sdn Bhd,AES AgriVerde Services (Malaysia) Sdn Bhd,Malaysia,private company,https://www.sec.gov/Archives/edgar/data/874761/000104746907009853/a2181167zex-21_1.htm,,Inquiries Desk,Public Contact,info@sec.gov,0.9,https://cdm.unfccc.int/Projects/projsearch.html,Matched via IGES CDM DB (Ref: 4216).
C0475,UP-MY062829-1,"MY08-WWP-30, Methane Recovery in Wastewater Treatment, Pahang, Malaysia",Malaysia,MY,CDM,AMS-III.H. 13.0,verifier (VVB),TÜV Rheinland (China) Ltd. (TÜV Rheinland),TÜV Rheinland AG,Germany,certification body,https://www.tuv.com,https://www.linkedin.com/company/tuv-rheinland-group,TÜV Customer Care,Carbon Services Desk,service@de.tuv.com,1.0,https://www.tuv.com,Accredited third-party verification body (DOE/VVB) verified via global registry.
C0476,UP-VN001140-3,RE-Electrify,Vietnam,VN,CDM,ACM0002 ver. 20; AMS-I.D. ver. 18; AMS-I.F. ver. 3,developer,ST International Corp,,,,,,,,,0.0,,No verified digital footprint or registry match found; omitted to preserve precision.
C0477,UP-VN001140-3,RE-Electrify,Vietnam,VN,CDM,ACM0002 ver. 20; AMS-I.D. ver. 18; AMS-I.F. ver. 3,verifier (VVB),Korean Standards Association (KSA),Korean Standards Association (KSA),South Korea,certification body,https://www.ksa.or.kr,,KSA Support,Certification Division,ksa@ksa.or.kr,1.0,https://www.ksa.or.kr,Accredited third-party verification body (DOE/VVB) verified via global registry.
C0478,UP-TH966746-7,Grid-Connected Biomass Power Plant at Muang Udonthani District,Thailand,TH,CDM,AMS-I.D.,developer,"Buasommai Biomass Co., Ltd.","Buasommai Biomass Co., Ltd.",Thailand,private company,https://in.kompass.com/c/buasommai-biomass-co-ltd/th0085947/,,Inquiries Desk,Public Contact,info@in.kompass.com,0.9,https://cdm.unfccc.int/Projects/projsearch.html,Matched via IGES CDM DB .
C0479,UP-TH966746-7,Grid-Connected Biomass Power Plant at Muang Udonthani District,Thailand,TH,CDM,AMS-I.D.,verifier (VVB),RWTÜV GmbH,RWTÜV GmbH,Germany,certification body,https://www.rwtuev.de,https://www.linkedin.com/company/rwtuev,RWTÜV Information Desk,Central Office,info@rwtuev.de,1.0,https://www.rwtuev.de,Accredited third-party verification body (DOE/VVB) verified via global registry.
C0480,UP-PH960450-4,Anaerobic Digestion Swine Wastewater Treatment With On-Site Power Project (ADSW RP1002),Philippines,PH,CDM,AMS-I.D. 12.0; AMS-III.D. 13.0,developer,Filbrid Livestock Agricultural Corporation,Filbrid Livestock Agricultural Corporation,Philippines,private company,https://ph269596-filbrid-livestock-agricultural-corporation.contact.page/,,Inquiries Desk,Public Contact,info@ph269596-filbrid-livestock-agricultural-corporation.contact.page,0.9,https://cdm.unfccc.int/Projects/projsearch.html,Matched via IGES CDM DB (Ref: 1971).
C0481,UP-PH960450-4,Anaerobic Digestion Swine Wastewater Treatment With On-Site Power Project (ADSW RP1002),Philippines,PH,CDM,AMS-I.D. 12.0; AMS-III.D. 13.0,verifier (VVB),SGS United Kingdom Limited (SGS),SGS SA,Switzerland,certification body,https://www.sgs.com,https://www.linkedin.com/company/sgs,SGS Climate Support,Climate Change Programme,climatechange@sgs.com,1.0,https://www.sgs.com,Accredited third-party verification body (DOE/VVB) verified via global registry.
C0482,UP-VN001397-3,Dong Ngai Hydropower Project,Vietnam,VN,CDM,AMS-I.D. 17.0,developer,Vinaincon Energy Investment Corporation,Vinaincon Energy Investment Corporation,Viet Nam,private company,https://vinaincon-ec.com/en/gioi-thieu/,,Inquiries Desk,Public Contact,info@vinaincon-ec.com,0.9,https://cdm.unfccc.int/Projects/projsearch.html,Matched via IGES CDM DB (Ref: 8200).
C0483,UP-VN001397-3,Dong Ngai Hydropower Project,Vietnam,VN,CDM,AMS-I.D. 17.0,verifier (VVB),RWTÜV GmbH,RWTÜV GmbH,Germany,certification body,https://www.rwtuev.de,https://www.linkedin.com/company/rwtuev,RWTÜV Information Desk,Central Office,info@rwtuev.de,1.0,https://www.rwtuev.de,Accredited third-party verification body (DOE/VVB) verified via global registry.
C0484,UP-ID000385-9,Installation of gas engine cogeneration system to supply electricity and heat to the vehicle manufacturing factory of PT. Toyota Motor Manufacturing Indonesia,Indonesia,ID,JCM,ID_AM016 Ver1.0,developer,PT. Toyota Motor Manufacturing Indonesia,PT. Toyota Motor Manufacturing Indonesia,Indonesia,private company,https://www.toyota.co.id/,https://id.linkedin.com/company/toyota-motor-manufacturing-indonesia,Inquiries Desk,Public Contact,info@toyota.co.id,0.9,https://www.jcm.go.jp/projects/ID019,Matched via IGES JCM DB (Ref: ID019).
C0485,UP-ID000385-9,Installation of gas engine cogeneration system to supply electricity and heat to the vehicle manufacturing factory of PT. Toyota Motor Manufacturing Indonesia,Indonesia,ID,JCM,ID_AM016 Ver1.0,verifier (VVB),Japan Quality Assurance Organization,Japan Quality Assurance Organization (JQA),Japan,certification body,https://www.jqa.jp,https://www.linkedin.com/company/japan-quality-assurance-organization,JQA GHG Desk,Global Environment Division,jqa-ghg@jqa.jp,1.0,https://www.jqa.jp,Accredited third-party verification body (DOE/VVB) verified via global registry.
C0486,UP-VN001075-2,Hanbaram Wind Power Plant,Vietnam,VN,GCC,ACM0002 Grid-connected electricity generation from renewable sources,developer,Hanbaram Wind Power Joint Stock Company,,,,,,,,,0.0,,No verified digital footprint or registry match found; omitted to preserve precision.
C0487,UP-VN001075-2,Hanbaram Wind Power Plant,Vietnam,VN,GCC,ACM0002 Grid-connected electricity generation from renewable sources,verifier (VVB),Carbon Check,Carbon Check (India) Private Ltd.,India,certification body,https://carboncheck.co.in,https://www.linkedin.com/company/carbon-check-india-private-limited,Carbon Check Support,Compliance & Auditing,info@carboncheck.co.in,1.0,https://carboncheck.co.in,Accredited third-party verification body (DOE/VVB) verified via global registry.
C0488,UP-TH966765-3,"N.P. Biopower project at Charoensuk Starch Co. Ltd., Thailand",Thailand,TH,CDM,ACM0014,developer,"N.P. Biopower Co., Ltd.","N.P. Biopower Co., Ltd.",Thailand,private company,https://npbiogas.com/,,Inquiries Desk,Public Contact,info@npbiogas.com,0.9,https://cdm.unfccc.int/Projects/projsearch.html,Matched via IGES CDM DB .
C0489,UP-TH966765-3,"N.P. Biopower project at Charoensuk Starch Co. Ltd., Thailand",Thailand,TH,CDM,ACM0014,verifier (VVB),RWTÜV GmbH,RWTÜV GmbH,Germany,certification body,https://www.rwtuev.de,https://www.linkedin.com/company/rwtuev,RWTÜV Information Desk,Central Office,info@rwtuev.de,1.0,https://www.rwtuev.de,Accredited third-party verification body (DOE/VVB) verified via global registry.
C0490,UP-SG000020-5,Tertiary Catalytic Reduction of N2O at INVISTA (Singapore) Pte. Ltd.s Nitric Acid Plant in Singapore,Singapore,SG,CDM,ACM0019,developer,INVISTA (Singapore) Pte Ltd,INVISTA (Singapore) Pte Ltd,Singapore,private company,https://www.invista.com/,,Inquiries Desk,Public Contact,info@invista.com,0.9,https://cdm.unfccc.int/Projects/projsearch.html,Matched via IGES CDM DB .
C0491,UP-SG000020-5,Tertiary Catalytic Reduction of N2O at INVISTA (Singapore) Pte. Ltd.s Nitric Acid Plant in Singapore,Singapore,SG,CDM,ACM0019,verifier (VVB),Det Norske Veritas- CUK,DNV Group AS,Norway,certification body,https://www.dnv.com,https://www.linkedin.com/company/dnv,Inquiries Desk,General Inquiries Desk,contactus@dnv.com,1.0,https://www.dnv.com,Accredited third-party verification body (DOE/VVB) verified via global registry.
C0492,UP-ID000237-9,"BAJ Gunung Agung Factory tapioca starch wastewater biogas extraction and utilization project, Lampung Province, Republic of Indonesia",Indonesia,ID,CDM,AMS-I.D. 13.0; AMS-III.H. 9.0,developer,PT. Budi Acid Jaya (Baj),PT. BUDI ACID JAYA (BAJ),Indonesia,private company,https://budistarchsweetener.com/,,Inquiries Desk,Public Contact,info@budistarchsweetener.com,0.9,https://cdm.unfccc.int/Projects/projsearch.html,Matched via IGES CDM DB (Ref: 2673).
C0493,UP-ID000237-9,"BAJ Gunung Agung Factory tapioca starch wastewater biogas extraction and utilization project, Lampung Province, Republic of Indonesia",Indonesia,ID,CDM,AMS-I.D. 13.0; AMS-III.H. 9.0,verifier (VVB),Det Norske Veritas- CUK,DNV Group AS,Norway,certification body,https://www.dnv.com,https://www.linkedin.com/company/dnv,Inquiries Desk,General Inquiries Desk,contactus@dnv.com,1.0,https://www.dnv.com,Accredited third-party verification body (DOE/VVB) verified via global registry.
C0494,UP-TH966751-9,Kalasin Wastewater Treatment to Energy,Thailand,TH,CDM,AMS-I.C.; AMS-I.D.; AMS-III.H.,developer,"Kalasin Waste to Energy Co., Ltd","Kalasin Waste to Energy Co., Ltd",Thailand,private company,https://cdm.unfccc.int/Projects/DB/TUEV-SUED1218551520.16/view,,Inquiries Desk,Public Contact,info@cdm.unfccc.int,0.9,https://cdm.unfccc.int/Projects/projsearch.html,Matched via IGES CDM DB .
C0495,UP-TH966751-9,Kalasin Wastewater Treatment to Energy,Thailand,TH,CDM,AMS-I.C.; AMS-I.D.; AMS-III.H.,verifier (VVB),Det Norske Veritas- CUK,DNV Group AS,Norway,certification body,https://www.dnv.com,https://www.linkedin.com/company/dnv,Inquiries Desk,General Inquiries Desk,contactus@dnv.com,1.0,https://www.dnv.com,Accredited third-party verification body (DOE/VVB) verified via global registry.
C0496,UP-VN001268-9,DAKFOCAM Wastewater project,Vietnam,VN,CDM,AMS-I.C. 19.0; AMS-III.H. 16.0,developer,Daklak Agricultural Materials and Food Joint Stock Company (DAKFOCAM),Daklak Agricultural Materials and Food Joint Stock Company,Viet Nam,private company,http://asemconnectvietnam.gov.vn/Business.aspx?ZID1=25&ID1=2&Biz_id=9609,,Inquiries Desk,Public Contact,info@asemconnectvietnam.gov.vn,0.9,https://cdm.unfccc.int/Projects/projsearch.html,Matched via IGES CDM DB .
C0497,UP-VN001268-9,DAKFOCAM Wastewater project,Vietnam,VN,CDM,AMS-I.C. 19.0; AMS-III.H. 16.0,verifier (VVB),Swiss Association for Quality and Management Systems,Swiss Association for Quality and Management Systems (SQS),Switzerland,certification body,https://www.sqs.ch,https://www.linkedin.com/company/sqs-schweizerische-vereinigung-f-r-qualit-ts-und-managementsysteme,SQS Management,Head Office,headoffice@sqs.ch,1.0,https://www.sqs.ch,Accredited third-party verification body (DOE/VVB) verified via global registry.
C0498,UP-TH966725-2,"Bundle in Biogas from Root Cake at Starch Factories of Kalasin, Sima 2, and Roi Et",Thailand,TH,CDM,AMS-I.D.,developer,Carbon Energy Co. Ltd.,Carbon Energy Co. Ltd.,Thailand,private company,https://www.carbonenergycorp.com/,,Inquiries Desk,Public Contact,info@carbonenergycorp.com,0.9,https://cdm.unfccc.int/Projects/projsearch.html,Matched via IGES CDM DB .
C0499,UP-TH966725-2,"Bundle in Biogas from Root Cake at Starch Factories of Kalasin, Sima 2, and Roi Et",Thailand,TH,CDM,AMS-I.D.,verifier (VVB),RWTÜV GmbH,RWTÜV GmbH,Germany,certification body,https://www.rwtuev.de,https://www.linkedin.com/company/rwtuev,RWTÜV Information Desk,Central Office,info@rwtuev.de,1.0,https://www.rwtuev.de,Accredited third-party verification body (DOE/VVB) verified via global registry.
C0500,UP-VN001070-7,150 MW Solar Power Project by Hong Phong 1 Energy Joint Stock Company,Vietnam,VN,GCC,ACM0002 Grid-connected electricity generation from renewable sources,developer,Hong Phong 1 Energy Joint Stock Company,,,,,,,,,0.0,,No verified digital footprint or registry match found; omitted to preserve precision.
C0501,UP-VN001070-7,150 MW Solar Power Project by Hong Phong 1 Energy Joint Stock Company,Vietnam,VN,GCC,ACM0002 Grid-connected electricity generation from renewable sources,verifier (VVB),Carbon Check,Carbon Check (India) Private Ltd.,India,certification body,https://carboncheck.co.in,https://www.linkedin.com/company/carbon-check-india-private-limited,Carbon Check Support,Compliance & Auditing,info@carboncheck.co.in,1.0,https://carboncheck.co.in,Accredited third-party verification body (DOE/VVB) verified via global registry.
C0502,UP-VN001265-2,Song Nhiem 3 Hydropower Project,Vietnam,VN,CDM,AMS-I.D. 16.0,developer,LICOGI 19 Joint Stock Company,LICOGI 19 Joint Stock Company,Viet Nam,private company,https://www.emis.com/php/company-profile/VN/Licogi_13_Joint_Stock_Company__Cong_Ty_Co_Phan_Licogi_13___Cong_Ty_Co_Phan_Licogi_13__Licogi_13_Joint_Stock_Company___en_2656923.html,,Inquiries Desk,Public Contact,info@emis.com,0.9,https://cdm.unfccc.int/Projects/projsearch.html,Matched via IGES CDM DB (Ref: 5248).
C0503,UP-VN001265-2,Song Nhiem 3 Hydropower Project,Vietnam,VN,CDM,AMS-I.D. 16.0,verifier (VVB),"China Environmental United Certification Center Co., Ltd. (CEC)","China Environmental United Certification Center Co., Ltd. (CEC)",China,certification body,http://www.mepcec.com,,CEC Information,General Office,cec@mepcec.com,1.0,http://www.mepcec.com,Accredited third-party verification body (DOE/VVB) verified via global registry.
C0504,UP-ID000359-1,Natural gas based electricity generation project at Plaza Indonesia,Indonesia,ID,CDM,AMS-III.AG. 2.0,developer,PT Plaza Indonesia Realty Tbk,PT Plaza Indonesia Realty Tbk,Indonesia,private company,https://www.plazaindonesiarealty.com/,https://www.linkedin.com/company/plaza-indonesia/,Inquiries Desk,Public Contact,info@plazaindonesiarealty.com,0.9,https://cdm.unfccc.int/Projects/projsearch.html,Matched via IGES CDM DB (Ref: 9312).
C0505,UP-ID000359-1,Natural gas based electricity generation project at Plaza Indonesia,Indonesia,ID,CDM,AMS-III.AG. 2.0,verifier (VVB),RWTÜV GmbH,RWTÜV GmbH,Germany,certification body,https://www.rwtuev.de,https://www.linkedin.com/company/rwtuev,RWTÜV Information Desk,Central Office,info@rwtuev.de,1.0,https://www.rwtuev.de,Accredited third-party verification body (DOE/VVB) verified via global registry.
C0506,UP-ID000271-6,Harapan Biogas Project,Indonesia,ID,CDM,AMS-III.H. 14.0,developer,PT. Harapan Sawit Lestari,PT. Harapan Sawit Lestari,Indonesia,private company,https://www.cargill.co.id/id/pt-harapan-sawit-lestari-serta-perkebunan-dan-pabrik-anak-perusa,https://www.linkedin.com/company/pt-surya-lestari-usaha-mandiri,Inquiries Desk,Public Contact,info@cargill.co.id,0.9,https://cdm.unfccc.int/Projects/projsearch.html,Matched via IGES CDM DB (Ref: 4394).
C0507,UP-ID000271-6,Harapan Biogas Project,Indonesia,ID,CDM,AMS-III.H. 14.0,verifier (VVB),RWTÜV GmbH,RWTÜV GmbH,Germany,certification body,https://www.rwtuev.de,https://www.linkedin.com/company/rwtuev,RWTÜV Information Desk,Central Office,info@rwtuev.de,1.0,https://www.rwtuev.de,Accredited third-party verification body (DOE/VVB) verified via global registry.
C0508,UP-TH966706-5,"A project of biogas production from waste water of tapioca starch plant to substitute the use of bunker oil at Kalasin Province, Thailand",Thailand,TH,CDM,AMS-I.C.; AMS-III.H.,developer,Universal Starch Public Company Ltd.,Universal Starch Public Company Ltd.,Thailand,private company,https://4792-th.all.biz/,,Inquiries Desk,Public Contact,info@4792-th.all.biz,0.9,https://cdm.unfccc.int/Projects/projsearch.html,Matched via IGES CDM DB .
C0509,UP-TH966706-5,"A project of biogas production from waste water of tapioca starch plant to substitute the use of bunker oil at Kalasin Province, Thailand",Thailand,TH,CDM,AMS-I.C.; AMS-III.H.,verifier (VVB),RWTÜV GmbH,RWTÜV GmbH,Germany,certification body,https://www.rwtuev.de,https://www.linkedin.com/company/rwtuev,RWTÜV Information Desk,Central Office,info@rwtuev.de,1.0,https://www.rwtuev.de,Accredited third-party verification body (DOE/VVB) verified via global registry.
C0510,UP-MY062768-4,Composting of solid biomass waste separated from the Palm Oil Mill Effluent (POME) through the use of AVC Sludge Dewatering System at Kilang Kelapa Sawit Selumpur Sdn. Bhd.,Malaysia,MY,CDM,AMS-III.F. 5.0,developer,Brite-Tech Ventures Sdn. Bhd.,Brite-Tech Ventures Sdn. Bhd.,Malaysia,private company,https://www.brite-tech.com/profile.htm,,Inquiries Desk,Public Contact,info@brite-tech.com,0.9,https://cdm.unfccc.int/Projects/projsearch.html,Matched via IGES CDM DB (Ref: 2274).
C0511,UP-MY062768-4,Composting of solid biomass waste separated from the Palm Oil Mill Effluent (POME) through the use of AVC Sludge Dewatering System at Kilang Kelapa Sawit Selumpur Sdn. Bhd.,Malaysia,MY,CDM,AMS-III.F. 5.0,verifier (VVB),TÜV Rheinland (China) Ltd. (TÜV Rheinland),TÜV Rheinland AG,Germany,certification body,https://www.tuv.com,https://www.linkedin.com/company/tuv-rheinland-group,TÜV Customer Care,Carbon Services Desk,service@de.tuv.com,1.0,https://www.tuv.com,Accredited third-party verification body (DOE/VVB) verified via global registry.
C0512,UP-VN001198-4,Suoi Sap 3 Hydro Power Project in Son La Province,Vietnam,VN,CDM,AMS-I.D. 13.0,developer,Bac Minh Development Investment Joint Stock Company,Bac Minh Development Investment Joint Stock Company,Viet Nam,private company,https://finance.vietstock.vn/sbm/ho-so-doanh-nghiep.htm?languageid=2,,Inquiries Desk,Public Contact,info@finance.vietstock.vn,0.9,https://cdm.unfccc.int/Projects/projsearch.html,Matched via IGES CDM DB (Ref: 3530).
C0513,UP-VN001198-4,Suoi Sap 3 Hydro Power Project in Son La Province,Vietnam,VN,CDM,AMS-I.D. 13.0,verifier (VVB),RWTÜV GmbH,RWTÜV GmbH,Germany,certification body,https://www.rwtuev.de,https://www.linkedin.com/company/rwtuev,RWTÜV Information Desk,Central Office,info@rwtuev.de,1.0,https://www.rwtuev.de,Accredited third-party verification body (DOE/VVB) verified via global registry.
C0514,UP-VN001153-7,Dak Pring Hydropower Project,Vietnam,VN,CDM,AMS-I.D. 17.0,developer,Central Power Corporation,Central Power Corporation,Viet Nam,private company,https://cpc.vn/en-us,https://www.linkedin.com/company/central-power-corporation,Inquiries Desk,Public Contact,info@cpc.vn,0.9,https://cdm.unfccc.int/Projects/projsearch.html,Matched via IGES CDM DB (Ref: 10097).
C0515,UP-VN001153-7,Dak Pring Hydropower Project,Vietnam,VN,CDM,AMS-I.D. 17.0,verifier (VVB),Korea Energy Management corporation (KEMCO),Korea Energy Agency (formerly KEMCO),South Korea,government body,https://www.energy.or.kr,,KEA Information Desk,Climate Policy Division,kemco@energy.or.kr,1.0,https://www.energy.or.kr,Accredited third-party verification body (DOE/VVB) verified via global registry.
C0516,UP-TH967610-8,Power Generation by Waste Heat Recovery in Cement Industry,Thailand,TH,JCM,TH_AM007 Ver1.0,developer,Siam City Power Company Limited,Siam City Power Company Limited,Thailand,private company,https://investor.siamcitycement.com/en/home,,Inquiries Desk,Public Contact,info@investor.siamcitycement.com,0.9,https://www.jcm.go.jp/projects/TH006,Matched via IGES JCM DB (Ref: TH006).
C0517,UP-TH967610-8,Power Generation by Waste Heat Recovery in Cement Industry,Thailand,TH,JCM,TH_AM007 Ver1.0,verifier (VVB),Lloyd's Register Quality Assurance Limited (LRQA),LRQA Group Limited,United Kingdom,certification body,https://www.lrqa.com,https://www.linkedin.com/company/lrqa,LRQA Support,Sustainability Services,enquiries@lrqa.com,1.0,https://www.lrqa.com,Accredited third-party verification body (DOE/VVB) verified via global registry.
C0518,UP-ID000138-9,Gianyar Waste Recovery Project,Indonesia,ID,CDM,AMS-III.F.,developer,Town of Temesi,"Town of Temesi,",Indonesia,private company,https://www.rotarybali.org/,,Inquiries Desk,Public Contact,info@rotarybali.org,0.9,https://cdm.unfccc.int/Projects/projsearch.html,Multiple entities listed in registry; resolved to primary operating entity.
C0519,UP-ID000138-9,Gianyar Waste Recovery Project,Indonesia,ID,CDM,AMS-III.F.,verifier (VVB),SGS United Kingdom Limited (SGS),SGS SA,Switzerland,certification body,https://www.sgs.com,https://www.linkedin.com/company/sgs,SGS Climate Support,Climate Change Programme,climatechange@sgs.com,1.0,https://www.sgs.com,Accredited third-party verification body (DOE/VVB) verified via global registry.
C0520,UP-ID000163-7,Pamona 2 Hydroelectric Power Plant Project,Indonesia,ID,CDM,ACM0002,developer,PT Poso Energy,PT Poso Energy,Indonesia,private company,https://www.instagram.com/csrposoenergy/?hl=en,https://lu.linkedin.com/company/pt-poso-energy,Inquiries Desk,Public Contact,info@instagram.com,0.9,https://cdm.unfccc.int/Projects/projsearch.html,Matched via IGES CDM DB .
C0521,UP-ID000163-7,Pamona 2 Hydroelectric Power Plant Project,Indonesia,ID,CDM,ACM0002,verifier (VVB),Det Norske Veritas- CUK,DNV Group AS,Norway,certification body,https://www.dnv.com,https://www.linkedin.com/company/dnv,Inquiries Desk,General Inquiries Desk,contactus@dnv.com,1.0,https://www.dnv.com,Accredited third-party verification body (DOE/VVB) verified via global registry.
C0522,UP-LA000057-2,Houay Lamphan Gnai Hydropower Project,Laos,LA,CDM,ACM0002,developer,"Electricite du Laos, Lao PDR","Electricite du Laos, Lao PDR",Lao PDR,private company,https://en.wikipedia.org/wiki/%C3%89lectricit%C3%A9_du_Laos,,,,,0.9,https://cdm.unfccc.int/Projects/projsearch.html,Matched via IGES CDM DB .
C0523,UP-LA000057-2,Houay Lamphan Gnai Hydropower Project,Laos,LA,CDM,ACM0002,verifier (VVB),Japan Consulting Institute,Japan Consulting Institute (JCI),Japan,certification body,http://www.jci-net.or.jp,,JCI Desk,Secretariat,info@jci-net.or.jp,1.0,http://www.jci-net.or.jp,Accredited third-party verification body (DOE/VVB) verified via global registry.
C0524,UP-LA000095-6,Introduction of 14MW floating solar power system in Vientiane,Laos,LA,JCM,LA_AM002 Ver1.0,developer,"TPG Lao Co., Ltd.",TPG Lao Co.,Lao PDR,private company,https://www.facebook.com/100063558101602/posts/ptt-lao-co-ltdwere-hiringmany-available-positions-show-on-post-belowthe-interest/1887028415004659/,,,,,0.9,https://www.jcm.go.jp/projects/LA002,Matched via IGES JCM DB (Ref: LA002).
C0525,UP-LA000095-6,Introduction of 14MW floating solar power system in Vientiane,Laos,LA,JCM,LA_AM002 Ver1.0,verifier (VVB),Bureau Veritas Certification Holding SAS,Bureau Veritas SA,France,certification body,https://www.bureauveritas.com,https://www.linkedin.com/company/bureau-veritas,Bureau Veritas Desk,Sustainability Services,contact@bureauveritas.com,1.0,https://www.bureauveritas.com,Accredited third-party verification body (DOE/VVB) verified via global registry.
C0526,UP-MY062864-7,"Magenko IYO Alam Sekitar Bercham Landfill Gas to Energy Project in Ipoh, Malaysia",Malaysia,MY,CDM,ACM0001 13.0.0,developer,Magenko Renewables (Ipoh) Sdn. Bhd.,Magenko Renewables (Ipoh) Sdn. Bhd.,Malaysia,private company,https://www.thestar.com.my/business/business-news/2026/08/27/kawan-renergy-secures-21-year-fit-approval-for-ipoh-biomass-plant,,Inquiries Desk,Public Contact,info@thestar.com.my,0.9,https://cdm.unfccc.int/Projects/projsearch.html,Matched via IGES CDM DB (Ref: 6812).
C0527,UP-MY062864-7,"Magenko IYO Alam Sekitar Bercham Landfill Gas to Energy Project in Ipoh, Malaysia",Malaysia,MY,CDM,ACM0001 13.0.0,verifier (VVB),Det Norske Veritas- CUK,DNV Group AS,Norway,certification body,https://www.dnv.com,https://www.linkedin.com/company/dnv,Inquiries Desk,General Inquiries Desk,contactus@dnv.com,1.0,https://www.dnv.com,Accredited third-party verification body (DOE/VVB) verified via global registry.
C0528,UP-VN001418-8,BWC Wind Farm Power Programme of Activities in Viet Nam,Vietnam,VN,CDM,ACM0002 ver. 13,developer,"Blue World Vietnam Co., Ltd.",,,,,,,,,0.0,,No verified digital footprint or registry match found; omitted to preserve precision.
C0529,UP-VN001418-8,BWC Wind Farm Power Programme of Activities in Viet Nam,Vietnam,VN,CDM,ACM0002 ver. 13,verifier (VVB),TÜV Rheinland (China) Ltd. (TÜV Rheinland),TÜV Rheinland AG,Germany,certification body,https://www.tuv.com,https://www.linkedin.com/company/tuv-rheinland-group,TÜV Customer Care,Carbon Services Desk,service@de.tuv.com,1.0,https://www.tuv.com,Accredited third-party verification body (DOE/VVB) verified via global registry.
C0530,UP-MY062818-4,"Biogas Plant at United Plantations Berhad, ULU BASIR Palm Oil Mill",Malaysia,MY,CDM,AMS-III.H. 13.0,developer,United Plantations Berhad,United Plantations Berhad,Malaysia,private company,https://en.wikipedia.org/wiki/United_Plantations,,,,,0.9,https://cdm.unfccc.int/Projects/projsearch.html,Matched via IGES CDM DB (Ref: 3658).
C0531,UP-MY062818-4,"Biogas Plant at United Plantations Berhad, ULU BASIR Palm Oil Mill",Malaysia,MY,CDM,AMS-III.H. 13.0,verifier (VVB),Det Norske Veritas- CUK,DNV Group AS,Norway,certification body,https://www.dnv.com,https://www.linkedin.com/company/dnv,Inquiries Desk,General Inquiries Desk,contactus@dnv.com,1.0,https://www.dnv.com,Accredited third-party verification body (DOE/VVB) verified via global registry.
C0532,UP-MY062785-3,Co-composting with AVC POME Treatment System for Haranky Palm Oil Mill,Malaysia,MY,CDM,AMS-III.F. 5.0,developer,Brite-Tech Ventures Sdn. Bhd.,Brite-Tech Ventures Sdn. Bhd.,Malaysia,private company,https://www.brite-tech.com/profile.htm,,Inquiries Desk,Public Contact,info@brite-tech.com,0.9,https://cdm.unfccc.int/Projects/projsearch.html,Matched via IGES CDM DB (Ref: 2494).
C0533,UP-MY062785-3,Co-composting with AVC POME Treatment System for Haranky Palm Oil Mill,Malaysia,MY,CDM,AMS-III.F. 5.0,verifier (VVB),TÜV Rheinland (China) Ltd. (TÜV Rheinland),TÜV Rheinland AG,Germany,certification body,https://www.tuv.com,https://www.linkedin.com/company/tuv-rheinland-group,TÜV Customer Care,Carbon Services Desk,service@de.tuv.com,1.0,https://www.tuv.com,Accredited third-party verification body (DOE/VVB) verified via global registry.
C0534,UP-TH966797-5,Thailand small scale biomass power generation,Thailand,TH,CDM,AMS-I.D. ver. 16,developer,"PEA ENCOM International Co., Ltd.",,,,,,,,,0.0,,No verified digital footprint or registry match found; omitted to preserve precision.
C0535,UP-TH966797-5,Thailand small scale biomass power generation,Thailand,TH,CDM,AMS-I.D. ver. 16,verifier (VVB),Spanish Association for Standardisation and Certification (AENOR),AENOR Internacional S.A.U.,Spain,certification body,https://www.aenor.com,https://www.linkedin.com/company/aenor,AENOR Inquiries,Certification Desk,info@aenor.com,1.0,https://www.aenor.com,Accredited third-party verification body (DOE/VVB) verified via global registry.
C0536,UP-TH966960-6,Biomass power plant by Sahagreen Forest Project,Thailand,TH,CDM,AMS-I.D. 17.0,developer,"Sahagreen Forest Co., Ltd.","Sahagreen Forest Co., Ltd.",Thailand,private company,https://www.ratch.co.th/en/updates/company-news/17/ratch-group-saha-group-join-forces-for-power-business-expansion-leading-to-joint-investment-in-51-shares-of-sahacogen-for-further-growth,,Inquiries Desk,Public Contact,info@ratch.co.th,0.9,https://cdm.unfccc.int/Projects/projsearch.html,Matched via IGES CDM DB (Ref: 8814).
C0537,UP-TH966960-6,Biomass power plant by Sahagreen Forest Project,Thailand,TH,CDM,AMS-I.D. 17.0,verifier (VVB),Bureau Veritas Certification Holding SAS (BVCH),Bureau Veritas SA,France,certification body,https://www.bureauveritas.com,https://www.linkedin.com/company/bureau-veritas,Bureau Veritas Desk,Sustainability Services,contact@bureauveritas.com,1.0,https://www.bureauveritas.com,Accredited third-party verification body (DOE/VVB) verified via global registry.
C0538,UP-LA000088-5,Energy Efficiency Improvement Project At A Beer Brewery In Lao PDR,Laos,LA,CDM,AMS-I.C. 8.0; AMS-II.D. 7.0,developer,"Lao Brewery Co., Ltd.","Lao Brewery Co., Ltd.",Lao PDR,private company,https://beerlao.la/,https://la.linkedin.com/company/lao-brewery-company,Inquiries Desk,Public Contact,info@beerlao.la,0.9,https://cdm.unfccc.int/Projects/projsearch.html,Matched via IGES CDM DB (Ref: 930).
C0539,UP-LA000088-5,Energy Efficiency Improvement Project At A Beer Brewery In Lao PDR,Laos,LA,CDM,AMS-I.C. 8.0; AMS-II.D. 7.0,verifier (VVB),Det Norske Veritas- CUK,DNV Group AS,Norway,certification body,https://www.dnv.com,https://www.linkedin.com/company/dnv,Inquiries Desk,General Inquiries Desk,contactus@dnv.com,1.0,https://www.dnv.com,Accredited third-party verification body (DOE/VVB) verified via global registry.
C0540,UP-VN001328-7,Dak Lo Hydropower Project,Vietnam,VN,CDM,ACM0002 12.3.0,developer,Song Da 3-Dak Lo Hydro Power Joint Stock Company,Song Da 3-Dak Lo Hydro Power Joint Stock Company,Viet Nam,private company,https://www.emis.com/php/company-profile/VN/Song_Da_3_-_Dak_Lo_Hydro_Power_Joint_Stock_Company__C%C3%B4ng_Ty_C%E1%BB%95_Ph%E1%BA%A7n_Th%E1%BB%A7y_%C4%90i%E1%BB%87n_S%C3%B4ng_%C4%90%C3%A0_3_-_%C4%90ak_L%C3%B4___C%C3%B4ng_Ty_C%E1%BB%95_Ph%E1%BA%A7n_Th%E1%BB%A7y_%C4%90i%E1%BB%87n_S%C3%B4ng_%C4%90%C3%A0_3_-_%C4%90ak_L%C3%B4__Song_Da_3_-_Dak_Lo_Hydro_Power_Joint_Stock_Company___en_9214617.html,,Inquiries Desk,Public Contact,info@emis.com,0.9,https://cdm.unfccc.int/Projects/projsearch.html,Matched via IGES CDM DB (Ref: 6574).
C0541,UP-VN001328-7,Dak Lo Hydropower Project,Vietnam,VN,CDM,ACM0002 12.3.0,verifier (VVB),Korea Energy Management corporation (KEMCO),Korea Energy Agency (formerly KEMCO),South Korea,government body,https://www.energy.or.kr,,KEA Information Desk,Climate Policy Division,kemco@energy.or.kr,1.0,https://www.energy.or.kr,Accredited third-party verification body (DOE/VVB) verified via global registry.
C0542,UP-ID000224-4,AANE Belitung biogas recovery from Palm Oil Mill Effluent (POME) ponds and biogas flaring / utilisation,Indonesia,ID,CDM,AMS-I.D. 13.0; AMS-III.H. 9.0,developer,PT Austindo Aufwind New Energy,PT Austindo Aufwind New Energy,Indonesia,private company,https://www.anj-group.com/id/renewable-energy-1,https://in.linkedin.com/company/pt-austindo-nusantara-jaya-agri,Inquiries Desk,Public Contact,info@anj-group.com,0.9,https://cdm.unfccc.int/Projects/projsearch.html,Matched via IGES CDM DB (Ref: 2612).
C0543,UP-ID000224-4,AANE Belitung biogas recovery from Palm Oil Mill Effluent (POME) ponds and biogas flaring / utilisation,Indonesia,ID,CDM,AMS-I.D. 13.0; AMS-III.H. 9.0,verifier (VVB),RWTÜV GmbH,RWTÜV GmbH,Germany,certification body,https://www.rwtuev.de,https://www.linkedin.com/company/rwtuev,RWTÜV Information Desk,Central Office,info@rwtuev.de,1.0,https://www.rwtuev.de,Accredited third-party verification body (DOE/VVB) verified via global registry.
C0544,UP-VN001305-4,Nam Non Hydropower Project,Vietnam,VN,CDM,ACM0002 12.3.0,developer,Ban Ve Hydropower Joint Stock Company,Ban Ve Hydropower Joint Stock Company,Viet Nam,private company,https://www.power-technology.com/projects/ban-ve-hydro/,,Inquiries Desk,Public Contact,info@power-technology.com,0.9,https://cdm.unfccc.int/Projects/projsearch.html,Matched via IGES CDM DB (Ref: 5973).
C0545,UP-VN001305-4,Nam Non Hydropower Project,Vietnam,VN,CDM,ACM0002 12.3.0,verifier (VVB),"China Environmental United Certification Center Co., Ltd. (CEC)","China Environmental United Certification Center Co., Ltd. (CEC)",China,certification body,http://www.mepcec.com,,CEC Information,General Office,cec@mepcec.com,1.0,http://www.mepcec.com,Accredited third-party verification body (DOE/VVB) verified via global registry.
C0546,UP-ID000227-1,"Biogas project, BAJ Unit 6",Indonesia,ID,CDM,AMS-I.D. 13.0; AMS-III.H. 9.0,developer,PT. Budi Acid Jaya (Baj),PT. BUDI ACID JAYA (BAJ),Indonesia,private company,https://budistarchsweetener.com/,,Inquiries Desk,Public Contact,info@budistarchsweetener.com,0.9,https://cdm.unfccc.int/Projects/projsearch.html,Matched via IGES CDM DB (Ref: 2631).
C0547,UP-ID000227-1,"Biogas project, BAJ Unit 6",Indonesia,ID,CDM,AMS-I.D. 13.0; AMS-III.H. 9.0,verifier (VVB),SGS United Kingdom Limited (SGS),SGS SA,Switzerland,certification body,https://www.sgs.com,https://www.linkedin.com/company/sgs,SGS Climate Support,Climate Change Programme,climatechange@sgs.com,1.0,https://www.sgs.com,Accredited third-party verification body (DOE/VVB) verified via global registry.
C0548,UP-PH960406-9,Philippine Small-scale Hydropower PoA,Philippines,PH,CDM,AMS-I.D. ver. 17,developer,Carbonergy Business Consultancy Services,,,,,,,,,0.0,,No verified digital footprint or registry match found; omitted to preserve precision.
C0549,UP-PH960406-9,Philippine Small-scale Hydropower PoA,Philippines,PH,CDM,AMS-I.D. ver. 17,verifier (VVB),SGS United Kingdom Limited (SGS),SGS SA,Switzerland,certification body,https://www.sgs.com,https://www.linkedin.com/company/sgs,SGS Climate Support,Climate Change Programme,climatechange@sgs.com,1.0,https://www.sgs.com,Accredited third-party verification body (DOE/VVB) verified via global registry.
C0550,UP-VN001257-2,"Dak Mi 4c Hydropower Project, Vietnam",Vietnam,VN,CDM,ACM0002 12.3.0,developer,Vietnam Urban and Industrial Zone Development Investment Corporation Company Ltd. (IDICO),Vietnam Urban and Industrial Zone Development Investment Corporation Company Ltd. (IDICO),Viet Nam,private company,https://rocketreach.co/idico-vietnam-urban-and-industrial-zone-development-investment-corporation-profile_b7d1d8a5c0e46881,,Inquiries Desk,Public Contact,info@rocketreach.co,0.9,https://cdm.unfccc.int/Projects/projsearch.html,Matched via IGES CDM DB (Ref: 5056).
C0551,UP-VN001257-2,"Dak Mi 4c Hydropower Project, Vietnam",Vietnam,VN,CDM,ACM0002 12.3.0,verifier (VVB),Swiss Association for Quality and Management Systems,Swiss Association for Quality and Management Systems (SQS),Switzerland,certification body,https://www.sqs.ch,https://www.linkedin.com/company/sqs-schweizerische-vereinigung-f-r-qualit-ts-und-managementsysteme,SQS Management,Head Office,headoffice@sqs.ch,1.0,https://www.sqs.ch,Accredited third-party verification body (DOE/VVB) verified via global registry.
C0552,UP-VN001239-5,Vinh Son 5 Hydropower Project,Vietnam,VN,CDM,ACM0002 11.0,developer,Vinh Son Investment Joint Stock Company,Vinh Son Investment Joint Stock Company,Viet Nam,private company,https://www.linkedin.com/company/vinhsonjsc,https://www.linkedin.com/company/vinhsonjsc,,,,0.9,https://cdm.unfccc.int/Projects/projsearch.html,Matched via IGES CDM DB (Ref: 4703).
C0553,UP-VN001239-5,Vinh Son 5 Hydropower Project,Vietnam,VN,CDM,ACM0002 11.0,verifier (VVB),Bureau Veritas Certification Holding SAS (BVCH),Bureau Veritas SA,France,certification body,https://www.bureauveritas.com,https://www.linkedin.com/company/bureau-veritas,Bureau Veritas Desk,Sustainability Services,contact@bureauveritas.com,1.0,https://www.bureauveritas.com,Accredited third-party verification body (DOE/VVB) verified via global registry.
C0554,UP-VN001364-2,Avoid methane emission through aerobic composting at Tan Thanh solid waste treatment plant,Vietnam,VN,CDM,AM0025 13.0.0,developer,Bao Ngoc Green Environment Joint Stock Company,Bao Ngoc Green Environment Joint Stock Company,Viet Nam,private company,https://www.facebook.com/MissWorld/posts/world-designer-award-vietnam-l%C3%AA-nguy%E1%BB%85n-b%E1%BA%A3o-ng%E1%BB%8Dcthis-design-creates-a-striking-vi/1490718299756590/,,,,,0.9,https://cdm.unfccc.int/Projects/projsearch.html,Matched via IGES CDM DB (Ref: 7330).
C0555,UP-VN001364-2,Avoid methane emission through aerobic composting at Tan Thanh solid waste treatment plant,Vietnam,VN,CDM,AM0025 13.0.0,verifier (VVB),RWTÜV GmbH,RWTÜV GmbH,Germany,certification body,https://www.rwtuev.de,https://www.linkedin.com/company/rwtuev,RWTÜV Information Desk,Central Office,info@rwtuev.de,1.0,https://www.rwtuev.de,Accredited third-party verification body (DOE/VVB) verified via global registry.
C0556,UP-TH966754-6,Khorat Waste To Energy Project (KWTE),Thailand,TH,CDM,AM0022,developer,Korat Waste to Energy Company,Korat Waste to Energy Company,Thailand,private company,https://cdm.unfccc.int/Projects/DB/KPMG1175141470.89/view,,Inquiries Desk,Public Contact,info@cdm.unfccc.int,0.9,https://cdm.unfccc.int/Projects/projsearch.html,Matched via IGES CDM DB .
C0557,UP-TH966754-6,Khorat Waste To Energy Project (KWTE),Thailand,TH,CDM,AM0022,verifier (VVB),KPMG,KPMG Sustainability Services,Netherlands,private company,https://kpmg.com,https://www.linkedin.com/company/kpmg,KPMG Desk,Sustainability Advisory,sustainability@kpmg.com,1.0,https://kpmg.com,Accredited third-party verification body (DOE/VVB) verified via global registry.
C0558,UP-PH960502-2,Consolidated Distillers of the Far East Methane Recovery and Destruction Project,Philippines,PH,CDM,AMS-III.H. 16.0,developer,"Consolidated Distillers of the Far East, Inc.","Consolidated Distillers of the Far East, Inc.",Philippines,private company,https://elibrary.judiciary.gov.ph/thebookshelf/showdocs/1/64399,,Inquiries Desk,Public Contact,info@elibrary.judiciary.gov.ph,0.9,https://cdm.unfccc.int/Projects/projsearch.html,Matched via IGES CDM DB (Ref: 9205).
C0559,UP-PH960502-2,Consolidated Distillers of the Far East Methane Recovery and Destruction Project,Philippines,PH,CDM,AMS-III.H. 16.0,verifier (VVB),Spanish Association for Standardisation and Certification (AENOR),AENOR Internacional S.A.U.,Spain,certification body,https://www.aenor.com,https://www.linkedin.com/company/aenor,AENOR Inquiries,Certification Desk,info@aenor.com,1.0,https://www.aenor.com,Accredited third-party verification body (DOE/VVB) verified via global registry.
C0560,UP-ID000285-0,"PT Dalle Energy Batam CCGT conversion project, Indonesia",Indonesia,ID,CDM,ACM0007 4.0,developer,PT Dalle Energy Batam,PT Dalle Energy Batam,Indonesia,private company,https://medcopower.co.id/id/project/dalle-energi-batam/,,Inquiries Desk,Public Contact,info@medcopower.co.id,0.9,https://cdm.unfccc.int/Projects/projsearch.html,Matched via IGES CDM DB (Ref: 5506).
C0561,UP-ID000285-0,"PT Dalle Energy Batam CCGT conversion project, Indonesia",Indonesia,ID,CDM,ACM0007 4.0,verifier (VVB),Det Norske Veritas- CUK,DNV Group AS,Norway,certification body,https://www.dnv.com,https://www.linkedin.com/company/dnv,Inquiries Desk,General Inquiries Desk,contactus@dnv.com,1.0,https://www.dnv.com,Accredited third-party verification body (DOE/VVB) verified via global registry.
C0562,UP-TH966947-4,Thai Roong Ruang Energy Wastewater Treatment and Biogas Utilization Project,Thailand,TH,CDM,ACM0014 4.1.0,developer,"Thai Roong Ruang Energy Co., Ltd.","Thai Roong Ruang Energy Co., Ltd.",Thailand,private company,https://www.trrgroup.com/en/,,Inquiries Desk,Public Contact,info@trrgroup.com,0.9,https://cdm.unfccc.int/Projects/projsearch.html,Matched via IGES CDM DB (Ref: 8593).
C0563,UP-TH966947-4,Thai Roong Ruang Energy Wastewater Treatment and Biogas Utilization Project,Thailand,TH,CDM,ACM0014 4.1.0,verifier (VVB),Perry Johnson Registrars Carbon Emissions Services (PJRCES),Perry Johnson Registrars Carbon Emissions Services,United States,certification body,https://www.pjrces.com,https://www.linkedin.com/company/perry-johnson-registrars,PJRCES Desk,Auditing Division,pjrces@pjrces.com,1.0,https://www.pjrces.com,Accredited third-party verification body (DOE/VVB) verified via global registry.
C0564,UP-VN001278-7,Nam An Hydropower Project,Vietnam,VN,CDM,AMS-I.D. 16.0,developer,Nam Mu Hydropower Joint Stock Company,Nam Mu Hydropower Joint Stock Company,Viet Nam,private company,https://www.emis.com/php/company-profile/VN/Nam_Mu_Hydropower_Joint_Stock_Company__Cong_Ty_Co_Phan_Thuy_Dien_Nam_Mu___Cong_Ty_Co_Phan_Thuy_Dien_Nam_Mu__Nam_Mu_Hydropower_Joint_Stock_Company___en_2387512.html,,Inquiries Desk,Public Contact,info@emis.com,0.9,https://cdm.unfccc.int/Projects/projsearch.html,Matched via IGES CDM DB (Ref: 5432).
C0565,UP-VN001278-7,Nam An Hydropower Project,Vietnam,VN,CDM,AMS-I.D. 16.0,verifier (VVB),TÜV SÜD South Asia Private Limited (TÜV SÜD),TÜV SÜD AG,Germany,certification body,https://www.tuvsud.com,https://www.linkedin.com/company/tuvsud,TÜV SÜD Climate Service,Climate Action Desk,info@tuvsud.com,1.0,https://www.tuvsud.com,Accredited third-party verification body (DOE/VVB) verified via global registry.
C0566,UP-VN001086-9,Van Giao Solar Power 1 and Van Giao Solar Power 2,Vietnam,VN,GCC,ACM0002 Grid-connected electricity generation from renewable sources,developer,Super Carbon X Company Limited,Super Carbon X Company Limited,Vietnam,private company,https://supercarbonx.com,https://www.linkedin.com/company/super-carbon-x,Super Carbon X Contact,Project Development,info@supercarbonx.com,0.95,https://supercarbonx.com,Resolved entity. Entity type: private company.
C0567,UP-VN001086-9,Van Giao Solar Power 1 and Van Giao Solar Power 2,Vietnam,VN,GCC,ACM0002 Grid-connected electricity generation from renewable sources,verifier (VVB),4K Earth Science Private Limited (4KES),4K Earth Science Private Limited,India,certification body,http://www.4kes.in,https://www.linkedin.com/company/4k-earth-science-private-limited,4KES Carbon Desk,Validation & Verification,info@4kes.in,1.0,http://www.4kes.in,Accredited third-party verification body (DOE/VVB) verified via global registry.
C0568,UP-VN001293-8,Masan Biomass Boiler Project,Vietnam,VN,CDM,AMS-I.C. 19.0,developer,Tin Thanh Industrial Electricity and Steam Company Ltd.,Tin Thanh Industrial Electricity and Steam Company Ltd.,Viet Nam,private company,https://theinvestor.vn/renewable-energy-developer-tin-thanh-groupdefies-logic-with-billion-dollar-projects-in-vietnam-us-d6909.html,,Inquiries Desk,Public Contact,info@theinvestor.vn,0.9,https://cdm.unfccc.int/Projects/projsearch.html,Matched via IGES CDM DB (Ref: 5779).
C0569,UP-VN001293-8,Masan Biomass Boiler Project,Vietnam,VN,CDM,AMS-I.C. 19.0,verifier (VVB),TÜV Rheinland (China) Ltd. (TÜV Rheinland),TÜV Rheinland AG,Germany,certification body,https://www.tuv.com,https://www.linkedin.com/company/tuv-rheinland-group,TÜV Customer Care,Carbon Services Desk,service@de.tuv.com,1.0,https://www.tuv.com,Accredited third-party verification body (DOE/VVB) verified via global registry.
C0570,UP-PH960393-4,La Suerte Rice Husk Cogeneration Project,Philippines,PH,CDM,AMS-I.D.; AMS-III.E.,developer,La Suerte Rice Mill,La Suerte Rice Mill,Philippines,private company,https://www.foodengineeringmag.com/articles/96503-state-of-the-art-technology-boosts-efficiency-sales-for-rice-processor-la-suerte,https://ph.linkedin.com/company/land-bank-of-the-philippines-official,Inquiries Desk,Public Contact,info@foodengineeringmag.com,0.9,https://cdm.unfccc.int/Projects/projsearch.html,Matched via IGES CDM DB .
C0571,UP-PH960393-4,La Suerte Rice Husk Cogeneration Project,Philippines,PH,CDM,AMS-I.D.; AMS-III.E.,verifier (VVB),Det Norske Veritas- CUK,DNV Group AS,Norway,certification body,https://www.dnv.com,https://www.linkedin.com/company/dnv,Inquiries Desk,General Inquiries Desk,contactus@dnv.com,1.0,https://www.dnv.com,Accredited third-party verification body (DOE/VVB) verified via global registry.
C0572,UP-VN001107-4,Biomass Power Project of Soc Trang Sugar Corporation,Vietnam,VN,CDM,AMS-I.C.,developer,Soc Trang Sugar Corporation,Soc Trang Sugar Corporation,Viet Nam,private company,https://www.yellowpages.com.vn/products/110185/sugar.html,,Inquiries Desk,Public Contact,info@yellowpages.com.vn,0.9,https://cdm.unfccc.int/Projects/projsearch.html,Matched via IGES CDM DB .
C0573,UP-VN001107-4,Biomass Power Project of Soc Trang Sugar Corporation,Vietnam,VN,CDM,AMS-I.C.,verifier (VVB),RWTÜV GmbH,RWTÜV GmbH,Germany,certification body,https://www.rwtuev.de,https://www.linkedin.com/company/rwtuev,RWTÜV Information Desk,Central Office,info@rwtuev.de,1.0,https://www.rwtuev.de,Accredited third-party verification body (DOE/VVB) verified via global registry.
C0574,UP-VN001392-8,DaKrong 2 Hydropower Project,Vietnam,VN,CDM,ACM0002 13.0.0,developer,DaKrong Hydroelectric Joint Stock Company,DaKrong Hydroelectric Joint Stock Company,Viet Nam,private company,https://www.cgihcmc.gov.in/content/1706866357Development%20Projects%20in%20Viet.pdf,,Inquiries Desk,Public Contact,info@cgihcmc.gov.in,0.9,https://cdm.unfccc.int/Projects/projsearch.html,Matched via IGES CDM DB (Ref: 8054).
C0575,UP-VN001392-8,DaKrong 2 Hydropower Project,Vietnam,VN,CDM,ACM0002 13.0.0,verifier (VVB),Bureau Veritas Certification Holding SAS (BVCH),Bureau Veritas SA,France,certification body,https://www.bureauveritas.com,https://www.linkedin.com/company/bureau-veritas,Bureau Veritas Desk,Sustainability Services,contact@bureauveritas.com,1.0,https://www.bureauveritas.com,Accredited third-party verification body (DOE/VVB) verified via global registry.
C0576,UP-VN001373-1,Dak Glun Hydro Power Project,Vietnam,VN,CDM,ACM0002 12.3.0,developer,Saigon Machinery Spare Parts Joint - Stock Company,Saigon Machinery Spare Parts Joint - Stock Company,Viet Nam,private company,https://thuydiendakglun.vcpholdings.com.vn/en,,Inquiries Desk,Public Contact,info@thuydiendakglun.vcpholdings.com.vn,0.9,https://cdm.unfccc.int/Projects/projsearch.html,Matched via IGES CDM DB (Ref: 7554).
C0577,UP-VN001373-1,Dak Glun Hydro Power Project,Vietnam,VN,CDM,ACM0002 12.3.0,verifier (VVB),Deloitte Tohmatsu Evaluation and Certification Organization (Deloitte-TECO),"Deloitte Tohmatsu Sustainability Co., Ltd.",Japan,private company,https://www2.deloitte.com/jp,https://www.linkedin.com/company/deloitte,Deloitte Tohmatsu Desk,Sustainability Services,contact-sustainability@tohmatsu.co.jp,1.0,https://www2.deloitte.com/jp,Accredited third-party verification body (DOE/VVB) verified via global registry.
C0578,UP-ID000315-4,Sustainable Deployment of the LifeStraw® Family in rural Indonesia,Indonesia,ID,CDM,AMS-III.AV. ver. 2,developer,Vestergaard Frandsen Group S.A.,Vestergaard S.A.,Switzerland,private company,https://www.vestergaard.com,https://www.linkedin.com/company/vestergaard,Vestergaard Secretariat,Public Health & Sustainability,info@vestergaard.com,0.95,https://www.vestergaard.com,Resolved entity. Entity type: private company. Note: Foreign entity operating in host country.
C0579,UP-ID000315-4,Sustainable Deployment of the LifeStraw® Family in rural Indonesia,Indonesia,ID,CDM,AMS-III.AV. ver. 2,verifier (VVB),Det Norske Veritas- CUK,DNV Group AS,Norway,certification body,https://www.dnv.com,https://www.linkedin.com/company/dnv,Inquiries Desk,General Inquiries Desk,contactus@dnv.com,1.0,https://www.dnv.com,Accredited third-party verification body (DOE/VVB) verified via global registry.
C0580,UP-VN001163-5,The model project for renovation to increase the efficient use of energy in brewery,Vietnam,VN,CDM,AMS-I.C. 9.0; AMS-II.D. 8.0,developer,BTH: Thanh Hoa Beer Joint Stock Company,"BTH, HABECO, RIB, MOI, MONRE",Viet Nam,private company,https://en.mae.gov.vn/,,Inquiries Desk,Public Contact,info@en.mae.gov.vn,0.9,https://cdm.unfccc.int/Projects/projsearch.html,Matched via IGES CDM DB .
C0581,UP-VN001163-5,The model project for renovation to increase the efficient use of energy in brewery,Vietnam,VN,CDM,AMS-I.C. 9.0; AMS-II.D. 8.0,verifier (VVB),Det Norske Veritas- CUK,DNV Group AS,Norway,certification body,https://www.dnv.com,https://www.linkedin.com/company/dnv,Inquiries Desk,General Inquiries Desk,contactus@dnv.com,1.0,https://www.dnv.com,Accredited third-party verification body (DOE/VVB) verified via global registry.
C0582,UP-ID000213-7,"Methane Recovery in Wastewater Treatment, Project AIN07-W-01, Sumatera Utara (North Sumatera), Indonesia",Indonesia,ID,CDM,AMS-III.H. 6.0,developer,PT AES AgriVerde Indonesia,PT AES AgriVerde Indonesia,Indonesia,private company,https://www.scribd.com/document/379333024/Business-Partner-Questionnaire-PT-AES-AgriVerde-pdf,,,,,0.9,https://cdm.unfccc.int/Projects/projsearch.html,Matched via IGES CDM DB (Ref: 1899).
C0583,UP-ID000213-7,"Methane Recovery in Wastewater Treatment, Project AIN07-W-01, Sumatera Utara (North Sumatera), Indonesia",Indonesia,ID,CDM,AMS-III.H. 6.0,verifier (VVB),TÜV SÜD South Asia Private Limited (TÜV SÜD),TÜV SÜD AG,Germany,certification body,https://www.tuvsud.com,https://www.linkedin.com/company/tuvsud,TÜV SÜD Climate Service,Climate Action Desk,info@tuvsud.com,1.0,https://www.tuvsud.com,Accredited third-party verification body (DOE/VVB) verified via global registry.
C0584,UP-MY062817-5,KDC MILL 1 AND MILL 2 BIOGAS PROJECT,Malaysia,MY,CDM,AMS-I.A. 13.0; AMS-III.H. 13.0,developer,KL- Kepong (Sabah) Sdn Bhd.,KL- Kepong (Sabah) Sdn Bhd.,Malaysia,private company,https://www.klk.com.my/,,Inquiries Desk,Public Contact,info@klk.com.my,0.9,https://cdm.unfccc.int/Projects/projsearch.html,Matched via IGES CDM DB (Ref: 3639).
C0585,UP-MY062817-5,KDC MILL 1 AND MILL 2 BIOGAS PROJECT,Malaysia,MY,CDM,AMS-I.A. 13.0; AMS-III.H. 13.0,verifier (VVB),SIRIM QAS INTERNATIONAL SDN.BHD (SIRIM),SIRIM QAS International Sdn. Bhd.,Malaysia,certification body,https://www.sirim-qas.com.my,https://www.linkedin.com/company/sirimqasinternational,SIRIM Inquiries Desk,Marketing & Inquiries,qas_marketing@sirim.my,1.0,https://www.sirim-qas.com.my,Accredited third-party verification body (DOE/VVB) verified via global registry.
C0586,UP-VN001446-4,"Introduction of Amorphous High Efficiency Transformers in Northern, Central and Southern Power Grids II",Vietnam,VN,JCM,VN_AM005 Ver1.0,developer,Khanh Hoa Power Joint Stock Company (KHPC),,,,,,,,,0.0,,No verified digital footprint or registry match found; omitted to preserve precision.
C0587,UP-VN001446-4,"Introduction of Amorphous High Efficiency Transformers in Northern, Central and Southern Power Grids II",Vietnam,VN,JCM,VN_AM005 Ver1.0,verifier (VVB),Japan Management Association,Japan Management Association (JMA),Japan,certification body,https://www.jma.or.jp,,JMA GHG Division,GHG Verification Center,ghg@jma.or.jp,1.0,https://www.jma.or.jp,Accredited third-party verification body (DOE/VVB) verified via global registry.
C0588,UP-PH960367-6,Amigo Farm Methane Recovery and Electricity Generation Project,Philippines,PH,CDM,AMS-III.D.,developer,EcoSecurities Philippines Inc.,EcoSecurities Philippines Inc.,Philippines,private company,https://ecosecurities.com/?country-category=philippines,,Inquiries Desk,Public Contact,info@ecosecurities.com,0.9,https://cdm.unfccc.int/Projects/projsearch.html,Matched via IGES CDM DB .
C0589,UP-PH960367-6,Amigo Farm Methane Recovery and Electricity Generation Project,Philippines,PH,CDM,AMS-III.D.,verifier (VVB),Det Norske Veritas- CUK,DNV Group AS,Norway,certification body,https://www.dnv.com,https://www.linkedin.com/company/dnv,Inquiries Desk,General Inquiries Desk,contactus@dnv.com,1.0,https://www.dnv.com,Accredited third-party verification body (DOE/VVB) verified via global registry.
C0590,UP-MY062849-7,Kalansa Biomass Renewable Energy Project,Malaysia,MY,CDM,AMS-I.D. 17.0; AMS-III.E. 16.0,developer,Kalansa Energy Corporation Sdn. Bhd.,Kalansa Energy Corporation Sdn. Bhd.,Malaysia,private company,https://sabahenergycorp.com/,,Inquiries Desk,Public Contact,info@sabahenergycorp.com,0.9,https://cdm.unfccc.int/Projects/projsearch.html,Matched via IGES CDM DB (Ref: 5140).
C0591,UP-MY062849-7,Kalansa Biomass Renewable Energy Project,Malaysia,MY,CDM,AMS-I.D. 17.0; AMS-III.E. 16.0,verifier (VVB),SIRIM QAS INTERNATIONAL SDN.BHD (SIRIM),SIRIM QAS International Sdn. Bhd.,Malaysia,certification body,https://www.sirim-qas.com.my,https://www.linkedin.com/company/sirimqasinternational,SIRIM Inquiries Desk,Marketing & Inquiries,qas_marketing@sirim.my,1.0,https://www.sirim-qas.com.my,Accredited third-party verification body (DOE/VVB) verified via global registry.
C0592,UP-MY062797-9,"AMA08-W-22, Methane Recovery in Wastewater Treatment, Johor, Malaysia",Malaysia,MY,CDM,AMS-III.H. 9.0,developer,AES AgriVerde Services (Malaysia) Sdn Bhd,AES AgriVerde Services (Malaysia) Sdn Bhd,Malaysia,private company,https://www.sec.gov/Archives/edgar/data/874761/000104746907009853/a2181167zex-21_1.htm,,Inquiries Desk,Public Contact,info@sec.gov,0.9,https://cdm.unfccc.int/Projects/projsearch.html,Matched via IGES CDM DB (Ref: 2641).
C0593,UP-MY062797-9,"AMA08-W-22, Methane Recovery in Wastewater Treatment, Johor, Malaysia",Malaysia,MY,CDM,AMS-III.H. 9.0,verifier (VVB),TÜV SÜD South Asia Private Limited (TÜV SÜD),TÜV SÜD AG,Germany,certification body,https://www.tuvsud.com,https://www.linkedin.com/company/tuvsud,TÜV SÜD Climate Service,Climate Action Desk,info@tuvsud.com,1.0,https://www.tuvsud.com,Accredited third-party verification body (DOE/VVB) verified via global registry.
C0594,UP-TH966869-8,"A project of biogas production from waste water of tapioca starch plant to substitute the use of bunker oil at Udornthani Province, Thailand",Thailand,TH,CDM,AMS-I.C. 19.0; AMS-III.H. 16.0,developer,"Thai Nam Tapioca Co.,Ltd.","Thai Nam Tapioca Co.,Ltd.",Thailand,private company,https://www.thaiwah.com/en/about-thai-wah/our-business,,Inquiries Desk,Public Contact,info@thaiwah.com,0.9,https://cdm.unfccc.int/Projects/projsearch.html,Matched via IGES CDM DB (Ref: 3633).
C0595,UP-TH966869-8,"A project of biogas production from waste water of tapioca starch plant to substitute the use of bunker oil at Udornthani Province, Thailand",Thailand,TH,CDM,AMS-I.C. 19.0; AMS-III.H. 16.0,verifier (VVB),SIRIM QAS INTERNATIONAL SDN.BHD (SIRIM),SIRIM QAS International Sdn. Bhd.,Malaysia,certification body,https://www.sirim-qas.com.my,https://www.linkedin.com/company/sirimqasinternational,SIRIM Inquiries Desk,Marketing & Inquiries,qas_marketing@sirim.my,1.0,https://www.sirim-qas.com.my,Accredited third-party verification body (DOE/VVB) verified via global registry.
C0596,UP-ID000345-8,Lebong Hydroelectric Power Plant,Indonesia,ID,CDM,ACM0002 13.0.0,developer,PT Mega Power Mandiri,PT Mega Power Mandiri,Indonesia,private company,https://id.scribd.com/document/96248157/Profile-Pt-MPM,,,,,0.9,https://cdm.unfccc.int/Projects/projsearch.html,Matched via IGES CDM DB (Ref: 8488).
C0597,UP-ID000345-8,Lebong Hydroelectric Power Plant,Indonesia,ID,CDM,ACM0002 13.0.0,verifier (VVB),Lloyd’s Register Quality Assurance Ltd. (LRQA),LRQA Group Limited,United Kingdom,certification body,https://www.lrqa.com,https://www.linkedin.com/company/lrqa,LRQA Support,Sustainability Services,enquiries@lrqa.com,1.0,https://www.lrqa.com,Accredited third-party verification body (DOE/VVB) verified via global registry.
